# HD 209458, TESS 2-minute cadence, TESS Sector 56
# time is days from the first measurement, flux is normalised
time,flux
0.000000,1.0001887
0.001389,0.9997966
0.002778,0.9998406
0.004167,0.9999811
0.005556,0.9999786
0.006944,0.9997178
0.008333,1.0002465
0.009722,1.0003036
0.011111,1.0002028
0.012500,0.9998669
0.013889,0.9996614
0.015278,0.9998010
0.016667,1.0005286
0.018056,1.0001978
0.019444,1.0002340
0.020833,0.9998625
0.022222,0.9999397
0.023611,1.0000506
0.025000,1.0001746
0.026389,0.9999028
0.027778,1.0000564
0.029167,0.9999423
0.030556,0.9999978
0.031944,1.0003396
0.033333,1.0003195
0.034722,1.0003123
0.036111,1.0002247
0.037500,0.9998289
0.038889,0.9999180
0.040278,0.9996604
0.041667,1.0001301
0.043056,0.9999007
0.044444,0.9999702
0.045833,0.9999050
0.047222,1.0000849
0.048611,0.9995569
0.050000,0.9997225
0.051389,1.0001012
0.052778,1.0002241
0.054167,1.0003898
0.055556,1.0000552
0.056944,0.9999431
0.058333,1.0000789
0.059722,1.0004347
0.061111,1.0002597
0.062500,1.0003155
0.063889,1.0005555
0.065278,1.0002080
0.066667,1.0000603
0.068056,1.0001254
0.069444,1.0001861
0.070833,0.9998359
0.072222,0.9994961
0.073611,1.0002908
0.075000,0.9997742
0.076389,1.0001813
0.077778,0.9991157
0.079167,1.0005185
0.080556,0.9997550
0.081944,1.0000092
0.083333,0.9997518
0.084722,0.9999020
0.086111,1.0007174
0.087500,0.9999339
0.088889,1.0004551
0.090278,1.0000023
0.091667,1.0004840
0.093056,1.0005444
0.094444,1.0000601
0.095833,0.9998810
0.097222,1.0000475
0.098611,0.9997880
0.100000,1.0003730
0.101389,1.0003865
0.102778,0.9999608
0.104167,1.0004366
0.105556,1.0004740
0.106944,1.0001133
0.108333,1.0005093
0.109722,0.9997137
0.111111,0.9999192
0.112500,0.9997292
0.113889,1.0001315
0.115278,0.9996157
0.116667,0.9996810
0.118056,1.0007151
0.119444,0.9999135
0.120833,1.0002630
0.122222,0.9999745
0.123611,0.9997736
0.125000,1.0001969
0.126389,0.9997138
0.127778,1.0000606
0.129167,1.0002797
0.130556,1.0003753
0.131944,0.9998261
0.133333,1.0001180
0.134722,1.0003170
0.136111,0.9998210
0.137500,1.0004217
0.138889,1.0003147
0.140278,1.0002913
0.141667,1.0000037
0.143056,1.0000524
0.144444,0.9999889
0.145833,1.0004902
0.147222,0.9992760
0.148611,1.0003372
0.150000,0.9998100
0.151389,0.9999350
0.152778,0.9996936
0.154167,0.9999440
0.155556,1.0002154
0.156944,0.9993664
0.158333,0.9993008
0.159722,1.0004356
0.161111,0.9997055
0.162500,1.0001506
0.163889,0.9999882
0.165278,0.9996957
0.166667,0.9999468
0.168056,1.0003349
0.169444,0.9997276
0.170833,0.9995512
0.172222,1.0001274
0.173611,0.9997384
0.175000,1.0000224
0.176389,0.9995958
0.177778,0.9998583
0.179167,0.9998977
0.180556,1.0001252
0.181944,1.0010281
0.183333,0.9995241
0.184722,0.9997990
0.186111,0.9999707
0.187500,1.0007309
0.188889,1.0000200
0.190278,0.9999978
0.191667,1.0001751
0.193056,1.0000038
0.194444,1.0002934
0.195833,1.0003138
0.197222,0.9998643
0.198611,0.9998275
0.200000,0.9996384
0.201389,0.9999940
0.202778,0.9996700
0.204167,0.9997483
0.205556,1.0001473
0.206944,0.9999781
0.208333,0.9997752
0.209722,1.0000640
0.211111,1.0000603
0.212500,0.9998030
0.213889,0.9994948
0.215278,0.9998213
0.216667,1.0002596
0.218056,0.9998515
0.219444,1.0002748
0.220833,0.9997056
0.222222,1.0002814
0.223611,1.0001415
0.225000,1.0000620
0.226389,0.9998855
0.227778,0.9997846
0.229167,1.0000253
0.230556,1.0004471
0.231944,0.9998178
0.233333,0.9999778
0.234722,0.9998264
0.236111,1.0002120
0.237500,0.9998769
0.238889,1.0000435
0.240278,0.9996517
0.241667,1.0001054
0.243056,0.9998514
0.244444,0.9998143
0.245833,0.9996158
0.247222,0.9998104
0.248611,1.0002468
0.250000,0.9993361
0.251389,1.0001350
0.252778,0.9999419
0.254167,0.9996453
0.255556,1.0004204
0.256944,0.9996465
0.258333,1.0001677
0.259722,0.9999813
0.261111,0.9997061
0.262500,0.9991537
0.263889,0.9998776
0.265278,0.9998437
0.266667,0.9998042
0.268056,1.0002131
0.269444,1.0001854
0.270833,0.9996792
0.272222,0.9999792
0.273611,1.0000535
0.275000,0.9995162
0.276389,0.9998887
0.277778,1.0000689
0.279167,0.9997685
0.280556,0.9998111
0.281944,0.9997129
0.283333,0.9999485
0.284722,0.9993012
0.286111,0.9999567
0.287500,1.0001310
0.288889,0.9997546
0.290278,0.9995890
0.291667,0.9994907
0.293056,0.9999778
0.294444,1.0003983
0.295833,0.9998882
0.297222,0.9999631
0.298611,0.9996884
0.300000,0.9998983
0.301389,1.0001571
0.302778,1.0003783
0.304167,1.0003083
0.305556,1.0002386
0.306944,1.0004232
0.308333,1.0000382
0.309722,0.9997571
0.311111,0.9998582
0.312500,0.9993946
0.313889,0.9999537
0.315278,0.9996474
0.316667,0.9998465
0.318056,1.0000368
0.319444,0.9998958
0.320833,1.0002486
0.322222,0.9995623
0.323611,0.9998637
0.325000,0.9999259
0.326389,0.9997523
0.327778,0.9995030
0.329167,0.9995793
0.330556,0.9999423
0.331944,0.9997601
0.333333,0.9996398
0.334722,0.9999540
0.336111,0.9996730
0.337500,1.0000797
0.338889,0.9998099
0.340278,1.0000825
0.341667,1.0007822
0.343056,1.0000925
0.344444,0.9999306
0.345833,0.9989765
0.347222,0.9998756
0.348611,0.9997578
0.350000,0.9998728
0.351389,1.0000261
0.352778,0.9997589
0.354167,0.9999618
0.355555,1.0000135
0.356944,1.0002697
0.358333,1.0005751
0.359722,0.9998373
0.361111,0.9998332
0.362500,0.9998346
0.363889,0.9997108
0.365278,0.9997511
0.366667,0.9995831
0.368055,0.9994282
0.369444,1.0002313
0.370833,0.9995538
0.372222,0.9995419
0.373611,1.0000154
0.375000,1.0003909
0.376389,0.9998067
0.377778,1.0000357
0.379167,0.9999412
0.380555,1.0001231
0.381944,0.9997436
0.383333,1.0000394
0.384722,1.0000885
0.386111,1.0005433
0.387500,1.0002826
0.388889,0.9997357
0.390278,1.0000763
0.391667,0.9993770
0.393055,0.9997142
0.394444,0.9998578
0.395833,1.0001258
0.397222,1.0000091
0.398611,1.0004314
0.400000,1.0002518
0.401389,0.9998444
0.402778,1.0000885
0.404167,1.0001627
0.405555,0.9997734
0.406944,0.9992992
0.408333,1.0000448
0.409722,0.9997993
0.411111,0.9999060
0.412500,1.0001552
0.413889,1.0000363
0.415278,0.9998421
0.416667,0.9999019
0.418055,0.9999923
0.419444,1.0002166
0.420833,0.9995159
0.422222,0.9997469
0.423611,1.0002444
0.425000,1.0000783
0.426389,1.0002592
0.427778,0.9999593
0.429167,1.0005384
0.430555,0.9996551
0.431944,1.0001532
0.433333,1.0000356
0.434722,1.0001421
0.436111,0.9998820
0.437500,0.9998245
0.438889,1.0002020
0.440278,1.0003800
0.441667,1.0001775
0.443055,0.9999104
0.444444,0.9999545
0.445833,0.9995936
0.447222,1.0003272
0.448611,0.9997666
0.450000,0.9998556
0.451389,1.0001326
0.452778,1.0000204
0.454166,0.9998246
0.455555,0.9998635
0.456944,0.9999223
0.458333,1.0002175
0.459722,1.0002904
0.461111,0.9993861
0.462500,0.9994823
0.463889,1.0007298
0.465278,1.0002081
0.466666,1.0004205
0.468055,1.0002596
0.469444,0.9994251
0.470833,0.9997379
0.472222,1.0001719
0.473611,1.0006154
0.475000,0.9999007
0.476389,1.0003210
0.477778,1.0002239
0.479166,1.0002141
0.480555,1.0003601
0.481944,1.0000788
0.483333,0.9999146
0.484722,1.0002416
0.486111,0.9998778
0.487500,1.0004969
0.488889,0.9998893
0.490278,1.0000121
0.491666,1.0002223
0.493055,1.0000798
0.494444,0.9994267
0.495833,1.0005075
0.497222,0.9999536
0.498611,1.0001082
0.500000,1.0001146
0.501389,1.0004063
0.502778,0.9999153
0.504166,0.9997370
0.505555,1.0002443
0.506944,1.0000492
0.508333,0.9996286
0.509722,1.0000020
0.511111,1.0002241
0.512500,1.0002868
0.513889,1.0008280
0.515278,0.9997184
0.516666,1.0000844
0.518055,1.0002135
0.519444,0.9995991
0.520833,1.0005325
0.522222,1.0000158
0.523611,1.0000769
0.525000,0.9992350
0.526389,1.0003160
0.527777,1.0000558
0.529166,0.9999986
0.530555,1.0002102
0.531944,1.0005376
0.533333,1.0000531
0.534722,1.0000468
0.536111,1.0002551
0.537500,0.9994003
0.538889,0.9997435
0.540277,1.0001924
0.541666,0.9999784
0.543055,0.9998995
0.544444,0.9998044
0.545833,1.0002408
0.547222,1.0001595
0.548611,1.0008737
0.550000,0.9995316
0.551389,1.0000746
0.552777,1.0000098
0.554166,1.0004045
0.555555,1.0001364
0.556944,0.9997381
0.558333,0.9998942
0.559722,0.9998202
0.561111,0.9999768
0.562500,1.0002266
0.563889,0.9996002
0.565277,1.0002465
0.566666,1.0001810
0.568055,1.0003145
0.569444,1.0001612
0.570833,1.0002204
0.572222,0.9996657
0.573611,0.9996839
0.575000,0.9993535
0.576389,1.0001490
0.577777,0.9999756
0.579166,0.9997378
0.580555,1.0000678
0.581944,0.9997080
0.583333,1.0003461
0.584722,0.9998755
0.586111,1.0000933
0.587500,1.0000511
0.588889,0.9999355
0.590277,0.9999650
0.591666,0.9998312
0.593055,1.0000348
0.594444,1.0004181
0.595833,1.0001974
0.597222,0.9996814
0.598611,1.0000360
0.600000,0.9996003
0.601388,1.0001496
0.602777,1.0005641
0.604166,1.0003445
0.605555,0.9998373
0.606944,0.9999512
0.608333,0.9997130
0.609722,0.9998607
0.611111,0.9992323
0.612500,0.9997790
0.613888,1.0000504
0.615277,0.9998863
0.616666,1.0004252
0.618055,1.0000279
0.619444,1.0003316
0.620833,1.0003168
0.622222,1.0003512
0.623611,1.0006968
0.625000,1.0003095
0.626388,1.0000959
0.627777,0.9998968
0.629166,0.9993050
0.630555,1.0005489
0.631944,1.0001982
0.633333,0.9998893
0.634722,0.9998101
0.636111,0.9994320
0.637500,1.0001312
0.638888,1.0002044
0.640277,0.9996355
0.641666,1.0001679
0.643055,1.0003783
0.644444,0.9998919
0.645833,0.9999157
0.647222,1.0003356
0.648611,0.9997754
0.649999,1.0001623
0.651388,1.0003135
0.652777,1.0000648
0.654166,1.0001887
0.655555,0.9996943
0.656944,1.0008437
0.658333,1.0000957
0.659722,0.9997694
0.661111,0.9999561
0.662499,1.0001007
0.663888,0.9997086
0.665277,1.0005715
0.666666,1.0004369
0.668055,1.0001911
0.669444,0.9999538
0.670833,0.9998207
0.672222,1.0003775
0.673611,0.9997463
0.674999,0.9995466
0.676388,0.9997064
0.677777,1.0002168
0.679166,0.9998570
0.680555,1.0000621
0.681944,0.9997993
0.683333,1.0002388
0.684722,0.9996569
0.686111,1.0001201
0.687499,0.9999775
0.688888,1.0003533
0.690277,1.0003007
0.691666,0.9999361
0.693055,1.0002660
0.694444,1.0000058
0.695833,0.9999197
0.697222,1.0001980
0.698610,0.9998699
0.699999,1.0000725
0.701388,1.0000631
0.702777,0.9995639
0.704166,1.0001588
0.705555,0.9998647
0.706944,0.9997052
0.708333,1.0001431
0.709722,1.0005494
0.711110,1.0002743
0.712499,1.0000759
0.713888,1.0000311
0.715277,0.9998690
0.716666,1.0001545
0.718055,0.9995422
0.719444,0.9998326
0.720833,0.9999833
0.722222,0.9997718
0.723610,0.9999231
0.724999,0.9996274
0.726388,1.0001232
0.727777,0.9996664
0.729166,0.9999726
0.730555,1.0001340
0.731944,1.0003226
0.733333,1.0000612
0.734722,0.9994966
0.736110,1.0000705
0.737499,1.0000437
0.738888,1.0001080
0.740277,0.9997388
0.741666,1.0004405
0.743055,1.0001923
0.744444,0.9996099
0.745833,0.9999693
0.747221,0.9993628
0.748610,0.9997161
0.749999,0.9999914
0.751388,1.0003948
0.752777,1.0001804
0.754166,1.0002664
0.755555,0.9998550
0.756944,1.0004782
0.758333,1.0002062
0.759721,0.9997548
0.761110,1.0001405
0.762499,1.0007678
0.763888,0.9996857
0.765277,0.9999670
0.766666,0.9997541
0.768055,1.0003335
0.769444,0.9997947
0.770833,1.0001169
0.772221,1.0002096
0.773610,1.0001390
0.774999,0.9995293
0.776388,1.0004834
0.777777,0.9997686
0.779166,1.0001954
0.780555,0.9995603
0.781944,0.9999395
0.783333,1.0000045
0.784721,1.0002406
0.786110,0.9998593
0.787499,1.0001532
0.788888,0.9998740
0.790277,1.0001621
0.791666,0.9999278
0.793055,0.9997392
0.794444,1.0000200
0.795832,0.9997407
0.797221,1.0002787
0.798610,0.9999806
0.799999,1.0002895
0.801388,0.9997760
0.802777,1.0000271
0.804166,1.0004612
0.805555,0.9995883
0.806944,1.0003975
0.808332,1.0005195
0.809721,0.9995428
0.811110,1.0002716
0.812499,0.9999062
0.813888,0.9998206
0.815277,0.9995325
0.816666,0.9999775
0.818055,0.9999671
0.819444,1.0000729
0.820832,1.0000436
0.822221,1.0000224
0.823610,1.0002732
0.824999,1.0001357
0.826388,1.0006432
0.827777,0.9998620
0.829166,1.0002287
0.830555,1.0002318
0.831944,0.9997583
0.833332,1.0004074
0.834721,1.0003074
0.836110,1.0005146
0.837499,0.9998208
0.838888,0.9998042
0.840277,0.9995385
0.841666,1.0006039
0.843055,1.0000207
0.844443,0.9997449
0.845832,1.0001390
0.847221,0.9998104
0.848610,0.9994760
0.849999,0.9996842
0.851388,1.0001942
0.852777,0.9998842
0.854166,1.0003997
0.855555,1.0001478
0.856943,0.9999524
0.858332,0.9997036
0.859721,0.9998487
0.861110,0.9999933
0.862499,0.9998249
0.863888,1.0003348
0.865277,1.0003028
0.866666,1.0000357
0.868055,1.0006265
0.869443,0.9999948
0.870832,0.9996791
0.872221,0.9998123
0.873610,1.0000473
0.874999,0.9999159
0.876388,0.9996486
0.877777,1.0003207
0.879166,1.0000763
0.880554,0.9997670
0.881943,0.9998305
0.883332,1.0001134
0.884721,0.9999594
0.886110,1.0004331
0.887499,1.0003133
0.888888,1.0000911
0.890277,1.0001811
0.891666,0.9998146
0.893054,0.9998284
0.894443,0.9996228
0.895832,0.9999657
0.897221,0.9998357
0.898610,1.0000033
0.899999,0.9999047
0.901388,0.9995543
0.902777,1.0000243
0.904166,1.0000824
0.905554,0.9998933
0.906943,0.9992020
0.908332,0.9997233
0.909721,0.9995982
0.911110,0.9997507
0.912499,0.9998086
0.913888,1.0000967
0.915277,1.0001754
0.916665,0.9996328
0.918054,0.9994786
0.919443,1.0001216
0.920832,1.0001702
0.922221,0.9998831
0.923610,1.0002106
0.924999,0.9995878
0.926388,0.9998324
0.927777,0.9999450
0.929165,1.0000144
0.930554,0.9999882
0.931943,0.9999857
0.933332,0.9999451
0.934721,1.0000269
0.936110,0.9998758
0.937499,0.9998961
0.938888,1.0003727
0.940277,1.0006334
0.941665,0.9996759
0.943054,1.0002164
0.944443,0.9999403
0.945832,1.0000213
0.947221,1.0001627
0.948610,0.9997353
0.949999,1.0000587
0.951388,1.0002008
0.952776,0.9998683
0.954165,0.9997154
0.955554,0.9995719
0.956943,1.0002449
0.958332,0.9997826
0.959721,1.0000708
0.961110,0.9998351
0.962499,0.9999612
0.963888,0.9999536
0.965276,1.0002420
0.966665,0.9997814
0.968054,0.9997870
0.969443,1.0001782
0.970832,1.0003215
0.972221,0.9998539
0.973610,0.9998889
0.974999,1.0000401
0.976388,0.9998926
0.977776,0.9998295
0.979165,0.9992446
0.980554,1.0000683
0.981943,0.9995594
0.983332,0.9998938
0.984721,0.9996681
0.986110,1.0002647
0.987499,1.0003264
0.988887,1.0002069
0.990276,0.9998585
0.991665,0.9999943
0.993054,0.9994412
0.994443,1.0001881
0.995832,0.9994876
0.997221,0.9996221
0.998610,1.0000302
0.999999,1.0006357
1.001387,1.0003295
1.002776,0.9999341
1.004165,0.9999645
1.005554,0.9998047
1.006943,0.9999104
1.008332,0.9993483
1.009721,0.9997927
1.011110,1.0000466
1.012499,0.9999312
1.013887,1.0002135
1.015276,1.0002600
1.016665,1.0001298
1.018054,1.0004411
1.019443,0.9997283
1.020832,0.9997971
1.022221,0.9993918
1.023610,1.0001391
1.024998,0.9997868
1.026387,0.9999310
1.027776,0.9997013
1.029165,1.0001185
1.030554,0.9994481
1.031943,0.9998935
1.033332,0.9995321
1.034721,0.9998161
1.036110,1.0000806
1.037498,0.9995801
1.038887,1.0002070
1.040276,1.0005448
1.041665,1.0000271
1.043054,1.0000436
1.044443,0.9997590
1.045832,1.0001151
1.047221,0.9999223
1.048610,0.9999589
1.049998,1.0000480
1.051387,0.9997206
1.052776,1.0001725
1.054165,0.9996475
1.055554,1.0003937
1.056943,0.9998004
1.058332,0.9996358
1.059721,1.0002570
1.061109,1.0000509
1.062498,0.9994486
1.063887,0.9999190
1.065276,1.0000676
1.066665,1.0000438
1.068054,1.0004054
1.069443,1.0001002
1.070832,0.9995952
1.072221,1.0002915
1.073609,0.9996326
1.074998,0.9999414
1.076387,1.0000407
1.077776,0.9998669
1.079165,1.0002460
1.080554,1.0000351
1.081943,0.9997960
1.083332,0.9996198
1.084721,0.9994988
1.086109,1.0000499
1.087498,1.0001373
1.088887,0.9999600
1.090276,0.9996060
1.091665,0.9996538
1.093054,1.0000242
1.094443,1.0000490
1.095832,0.9999727
1.097220,1.0002603
1.098609,0.9999054
1.099998,1.0004652
1.101387,1.0002112
1.102776,1.0003612
1.104165,1.0005930
1.105554,0.9997421
1.106943,1.0000080
1.108332,0.9997887
1.109720,1.0001597
1.111109,0.9998961
1.112498,1.0000951
1.113887,1.0000263
1.115276,1.0001875
1.116665,0.9998428
1.118054,0.9995533
1.119443,0.9999911
1.120831,0.9996297
1.122220,0.9999067
1.123609,0.9999557
1.124998,1.0000753
1.126387,0.9999849
1.127776,1.0004526
1.129165,0.9998124
1.130554,1.0000099
1.131943,1.0002163
1.133331,1.0000776
1.134720,1.0001345
1.136109,0.9997240
1.137498,1.0004022
1.138887,1.0002199
1.140276,0.9999220
1.141665,0.9998895
1.143054,1.0000372
1.144443,1.0002042
1.145831,1.0005161
1.147220,1.0002959
1.148609,1.0004500
1.149998,1.0002299
1.151387,1.0005810
1.152776,1.0000688
1.154165,0.9998909
1.155554,1.0001459
1.156942,0.9995649
1.158331,0.9999729
1.159720,1.0000861
1.161109,1.0001805
1.162498,0.9998417
1.163887,1.0004912
1.165276,1.0001148
1.166665,1.0001727
1.168054,0.9997763
1.169442,0.9997394
1.170831,1.0011211
1.172220,0.9995146
1.173609,1.0002274
1.174998,1.0007885
1.176387,1.0001465
1.177776,0.9997344
1.179165,1.0001600
1.180554,1.0003567
1.181942,1.0001893
1.183331,1.0000964
1.184720,1.0005616
1.186109,0.9996151
1.187498,1.0001464
1.188887,1.0002505
1.190276,1.0006590
1.191665,0.9998988
1.193053,0.9998554
1.194442,1.0004259
1.195831,1.0005305
1.197220,0.9999099
1.198609,1.0000923
1.199998,0.9997347
1.201387,1.0004100
1.202776,0.9998412
1.204165,0.9999808
1.205553,0.9998936
1.206942,1.0000993
1.208331,1.0002682
1.209720,1.0001088
1.211109,0.9997904
1.212498,0.9996226
1.213887,0.9998316
1.215276,1.0003425
1.216664,0.9997255
1.218053,1.0000569
1.219442,1.0001975
1.220831,1.0004659
1.222220,1.0001717
1.223609,0.9999533
1.224998,0.9993324
1.226387,0.9998042
1.227776,1.0001438
1.229164,1.0001417
1.230553,1.0000706
1.231942,0.9996037
1.233331,1.0000248
1.234720,1.0004061
1.236109,1.0001871
1.237498,0.9998153
1.238887,0.9999183
1.240276,1.0007919
1.241664,0.9999608
1.243053,1.0003228
1.244442,0.9997072
1.245831,0.9997599
1.247220,0.9999296
1.248609,0.9998206
1.249998,0.9999101
1.251387,0.9998328
1.252775,1.0000253
1.254164,0.9997019
1.255553,0.9993930
1.256942,1.0000812
1.258331,0.9995282
1.259720,1.0000770
1.261109,0.9999623
1.262498,1.0002043
1.263887,1.0002720
1.265275,0.9999382
1.266664,0.9998859
1.268053,1.0001095
1.269442,0.9998063
1.270831,0.9999362
1.272220,1.0006565
1.273609,0.9999261
1.274998,0.9998470
1.276386,1.0002397
1.277775,0.9993869
1.279164,0.9998285
1.280553,1.0000653
1.281942,0.9996692
1.283331,1.0000293
1.284720,0.9998880
1.286109,0.9998903
1.287498,0.9998358
1.288886,1.0006037
1.290275,1.0000897
1.291664,0.9999762
1.293053,0.9996676
1.294442,0.9998252
1.295831,1.0001214
1.297220,0.9999620
1.298609,1.0000297
1.299997,0.9995691
1.301386,0.9998253
1.302775,1.0001450
1.304164,1.0006522
1.305553,1.0001576
1.306942,0.9998434
1.308331,0.9999518
1.309720,1.0002258
1.311109,1.0004104
1.312497,0.9996399
1.313886,0.9998567
1.315275,0.9999783
1.316664,1.0008173
1.318053,1.0001474
1.319442,1.0001578
1.320831,0.9999540
1.322220,1.0000449
1.323609,1.0001284
1.324997,1.0004416
1.326386,0.9998216
1.327775,1.0001611
1.329164,1.0005016
1.330553,0.9998610
1.331942,1.0002920
1.333331,0.9998928
1.334720,0.9999792
1.336108,0.9996455
1.337497,1.0001932
1.338886,0.9997851
1.340275,1.0000611
1.341664,0.9996614
1.343053,0.9999800
1.344442,1.0004368
1.345831,1.0000600
1.347220,0.9998247
1.348608,1.0002428
1.349997,0.9997206
1.351386,0.9992188
1.352775,1.0003397
1.354164,0.9995108
1.355553,0.9997564
1.356942,1.0005946
1.358331,1.0001751
1.359719,0.9995465
1.361108,1.0001397
1.362497,0.9997437
1.363886,0.9994173
1.365275,1.0003265
1.366664,1.0000088
1.368053,0.9996983
1.369442,0.9996189
1.370831,1.0003216
1.372219,1.0002240
1.373608,1.0000729
1.374997,1.0001301
1.376386,1.0004884
1.377775,1.0005432
1.379164,0.9998765
1.380553,1.0001177
1.381942,0.9997984
1.383330,1.0001649
1.384719,1.0004321
1.386108,1.0000085
1.387497,1.0007185
1.388886,1.0006012
1.390275,1.0000915
1.391664,0.9998169
1.393053,0.9997995
1.394442,0.9995164
1.395830,0.9997901
1.397219,0.9996892
1.398608,0.9998645
1.399997,1.0000438
1.401386,1.0000329
1.402775,0.9999810
1.404164,1.0004775
1.405553,0.9996665
1.406941,1.0005377
1.408330,1.0001012
1.409719,1.0001937
1.411108,0.9999337
1.412497,0.9998861
1.413886,1.0001529
1.415275,1.0008036
1.416664,1.0000176
1.418053,0.9997267
1.419441,0.9998576
1.420830,1.0001274
1.422219,0.9998790
1.423608,0.9998254
1.424997,1.0000366
1.426386,0.9998372
1.427775,1.0002401
1.429164,0.9995752
1.430553,0.9994085
1.431941,1.0001901
1.433330,1.0003450
1.434719,0.9993331
1.436108,0.9997723
1.437497,0.9992290
1.438886,1.0002539
1.440275,0.9999342
1.441664,1.0000088
1.443052,0.9999587
1.444441,1.0001211
1.445830,1.0003731
1.447219,0.9996110
1.448608,1.0005814
1.449997,0.9997316
1.451386,1.0002535
1.452775,0.9998398
1.454164,0.9998033
1.455552,0.9999289
1.456941,0.9990267
1.458330,0.9983020
1.459719,0.9977455
1.461108,0.9962504
1.462497,0.9955088
1.463886,0.9935323
1.465275,0.9923706
1.466663,0.9913504
1.468052,0.9897990
1.469441,0.9891058
1.470830,0.9878588
1.472219,0.9865590
1.473608,0.9861496
1.474997,0.9858233
1.476386,0.9860405
1.477775,0.9862555
1.479163,0.9861001
1.480552,0.9858393
1.481941,0.9852689
1.483330,0.9848397
1.484719,0.9850575
1.486108,0.9853218
1.487497,0.9850465
1.488886,0.9844540
1.490274,0.9848462
1.491663,0.9847359
1.493052,0.9847120
1.494441,0.9841787
1.495830,0.9841716
1.497219,0.9839702
1.498608,0.9844451
1.499997,0.9839647
1.501386,0.9840553
1.502774,0.9843925
1.504163,0.9839101
1.505552,0.9842076
1.506941,0.9841478
1.508330,0.9843145
1.509719,0.9841272
1.511108,0.9837209
1.512497,0.9837264
1.513885,0.9842684
1.515274,0.9843189
1.516663,0.9840315
1.518052,0.9837032
1.519441,0.9836529
1.520830,0.9840123
1.522219,0.9838542
1.523608,0.9841119
1.524997,0.9837543
1.526385,0.9838008
1.527774,0.9843782
1.529163,0.9838185
1.530552,0.9836299
1.531941,0.9842717
1.533330,0.9838539
1.534719,0.9839395
1.536108,0.9848825
1.537496,0.9844049
1.538885,0.9847083
1.540274,0.9847629
1.541663,0.9846133
1.543052,0.9846191
1.544441,0.9846874
1.545830,0.9849777
1.547219,0.9847371
1.548608,0.9851182
1.549996,0.9855629
1.551385,0.9843663
1.552774,0.9851572
1.554163,0.9855106
1.555552,0.9853728
1.556941,0.9855051
1.558330,0.9860957
1.559719,0.9868118
1.561107,0.9860858
1.562496,0.9866235
1.563885,0.9874007
1.565274,0.9874251
1.566663,0.9887699
1.568052,0.9891418
1.569441,0.9903271
1.570830,0.9921547
1.572219,0.9935754
1.573607,0.9948315
1.574996,0.9956353
1.576385,0.9964703
1.577774,0.9979723
1.579163,0.9989230
1.580552,0.9996591
1.581941,1.0001064
1.583330,1.0000691
1.584718,1.0002785
1.586107,1.0001212
1.587496,0.9993486
1.588885,0.9997396
1.590274,0.9998797
1.591663,0.9999052
1.593052,0.9999895
1.594441,1.0001176
1.595830,1.0004280
1.597218,1.0002605
1.598607,1.0002217
1.599996,1.0005769
1.601385,0.9995105
1.602774,1.0001014
1.604163,0.9999626
1.605552,1.0003379
1.606941,1.0001723
1.608329,0.9997665
1.609718,0.9996829
1.611107,1.0000476
1.612496,1.0003187
1.613885,0.9997006
1.615274,1.0001465
1.616663,1.0004809
1.618052,0.9999439
1.619441,1.0001290
1.620829,1.0000081
1.622218,0.9997136
1.623607,1.0004858
1.624996,0.9999044
1.626385,0.9999582
1.627774,1.0005193
1.629163,1.0002436
1.630552,1.0000484
1.631940,0.9999168
1.633329,1.0003785
1.634718,1.0000872
1.636107,1.0001597
1.637496,1.0002459
1.638885,1.0000649
1.640274,1.0006055
1.641663,1.0001070
1.643052,1.0002001
1.644440,1.0002073
1.645829,0.9998639
1.647218,1.0000635
1.648607,0.9998089
1.649996,0.9997505
1.651385,0.9998775
1.652774,0.9997305
1.654163,1.0000118
1.655551,1.0006732
1.656940,0.9997859
1.658329,0.9999936
1.659718,1.0002868
1.661107,1.0001333
1.662496,1.0000402
1.663885,0.9998348
1.665274,1.0000436
1.666663,0.9998201
1.668051,0.9997763
1.669440,0.9998334
1.670829,1.0001538
1.672218,1.0001962
1.673607,1.0005517
1.674996,1.0000339
1.676385,0.9998181
1.677774,0.9997859
1.679162,1.0002153
1.680551,0.9997628
1.681940,1.0000389
1.683329,0.9997658
1.684718,1.0002425
1.686107,1.0005009
1.687496,0.9999963
1.688885,1.0002276
1.690274,1.0000242
1.691662,1.0001771
1.693051,1.0001962
1.694440,1.0000626
1.695829,1.0002719
1.697218,1.0001092
1.698607,1.0004947
1.699996,1.0001011
1.701385,0.9996181
1.702773,1.0000598
1.704162,0.9996901
1.705551,1.0007701
1.706940,1.0003226
1.708329,1.0003798
1.709718,1.0002699
1.711107,1.0002676
1.712496,1.0000909
1.713885,1.0002130
1.715273,0.9999659
1.716662,0.9996885
1.718051,1.0002221
1.719440,0.9999496
1.720829,0.9999496
1.722218,1.0001984
1.723607,0.9999992
1.724996,0.9995539
1.726384,0.9997003
1.727773,0.9999482
1.729162,0.9999091
1.730551,0.9997090
1.731940,1.0001819
1.733329,1.0002097
1.734718,0.9998559
1.736107,1.0000511
1.737496,0.9997813
1.738884,1.0000207
1.740273,0.9991779
1.741662,0.9996798
1.743051,0.9999378
1.744440,0.9996771
1.745829,0.9999984
1.747218,0.9997967
1.748607,0.9996471
1.749995,1.0000159
1.751384,0.9993120
1.752773,0.9998689
1.754162,0.9997686
1.755551,0.9999540
1.756940,0.9998944
1.758329,1.0003995
1.759718,1.0001053
1.761107,0.9999661
1.762495,0.9999740
1.763884,0.9998803
1.765273,1.0001758
1.766662,1.0000711
1.768051,0.9996966
1.769440,1.0002329
1.770829,0.9997255
1.772218,0.9998176
1.773606,1.0001788
1.774995,0.9998576
1.776384,1.0003307
1.777773,0.9995389
1.779162,1.0003786
1.780551,0.9995201
1.781940,1.0001115
1.783329,0.9997216
1.784717,1.0004771
1.786106,1.0000684
1.787495,0.9996272
1.788884,1.0004582
1.790273,1.0001135
1.791662,0.9999348
1.793051,1.0003000
1.794440,0.9999527
1.795829,1.0000437
1.797217,0.9995617
1.798606,0.9995102
1.799995,1.0001055
1.801384,0.9996228
1.802773,1.0003819
1.804162,1.0004236
1.805551,1.0004192
1.806940,0.9996532
1.808328,0.9999841
1.809717,0.9997497
1.811106,0.9994260
1.812495,1.0002098
1.813884,0.9997246
1.815273,0.9997784
1.816662,0.9996954
1.818051,1.0002345
1.819440,0.9998491
1.820828,1.0001572
1.822217,1.0006633
1.823606,0.9992637
1.824995,0.9991178
1.826384,0.9999758
1.827773,1.0000377
1.829162,0.9995012
1.830551,1.0001068
1.831939,1.0000910
1.833328,1.0003684
1.834717,1.0000618
1.836106,1.0001089
1.837495,0.9998065
1.838884,1.0000651
1.840273,1.0001736
1.841662,0.9997824
1.843051,0.9998327
1.844439,1.0000848
1.845828,0.9997468
1.847217,1.0002208
1.848606,1.0002064
1.849995,1.0002702
1.851384,1.0000042
1.852773,0.9998013
1.854162,0.9995368
1.855550,1.0002695
1.856939,0.9992236
1.858328,0.9996299
1.859717,0.9997431
1.861106,0.9999769
1.862495,0.9993920
1.863884,1.0002854
1.865273,0.9998930
1.866662,1.0001320
1.868050,0.9998949
1.869439,1.0002428
1.870828,1.0001151
1.872217,0.9997428
1.873606,1.0002048
1.874995,1.0000780
1.876384,1.0000412
1.877773,0.9998664
1.879161,1.0004360
1.880550,1.0001191
1.881939,1.0001619
1.883328,1.0003477
1.884717,0.9998117
1.886106,1.0000822
1.887495,0.9996025
1.888884,0.9996235
1.890273,0.9997901
1.891661,1.0000242
1.893050,1.0003552
1.894439,1.0000534
1.895828,1.0001234
1.897217,1.0000205
1.898606,0.9997209
1.899995,1.0001793
1.901384,0.9998172
1.902772,1.0002040
1.904161,0.9996829
1.905550,0.9994197
1.906939,1.0001128
1.908328,0.9999145
1.909717,0.9998592
1.911106,1.0000757
1.912495,1.0001577
1.913883,0.9995294
1.915272,0.9997185
1.916661,0.9998051
1.918050,0.9997172
1.919439,0.9995553
1.920828,1.0001554
1.922217,1.0001542
1.923606,0.9999771
1.924995,0.9994530
1.926383,1.0002264
1.927772,1.0000727
1.929161,0.9996996
1.930550,1.0000789
1.931939,1.0000152
1.933328,0.9998977
1.934717,0.9999855
1.936106,0.9997955
1.937494,0.9998780
1.938883,0.9993537
1.940272,0.9999371
1.941661,1.0001949
1.943050,0.9995979
1.944439,1.0000386
1.945828,1.0003602
1.947217,0.9997393
1.948606,0.9996019
1.949994,1.0002568
1.951383,1.0002657
1.952772,0.9999450
1.954161,0.9998944
1.955550,1.0001720
1.956939,0.9994374
1.958328,1.0000911
1.959717,1.0003886
1.961105,1.0001349
1.962494,0.9998493
1.963883,1.0000307
1.965272,0.9998712
1.966661,1.0000749
1.968050,0.9993358
1.969439,0.9997619
1.970828,1.0002072
1.972217,1.0002063
1.973605,0.9995336
1.974994,1.0001798
1.976383,0.9992081
1.977772,0.9999372
1.979161,1.0002658
1.980550,0.9996729
1.981939,0.9998529
1.983328,1.0003033
1.984716,0.9999801
1.986105,1.0002639
1.987494,1.0005083
1.988883,1.0001072
1.990272,0.9998282
1.991661,1.0002524
1.993050,1.0003394
1.994439,0.9996901
1.995827,0.9998857
1.997216,0.9997748
1.998605,1.0001992
1.999994,1.0004370
2.001383,1.0003554
2.002772,0.9999350
2.004161,0.9999311
2.005550,0.9999395
2.006939,1.0000357
2.008327,0.9998396
2.009716,1.0000012
2.011105,0.9996930
2.012494,0.9999017
2.013883,0.9998986
2.015272,0.9998350
2.016661,0.9991997
2.018050,0.9999169
2.019438,1.0001204
2.020827,0.9996085
2.022216,1.0000451
2.023605,1.0001354
2.024994,0.9993096
2.026383,1.0001231
2.027772,1.0001019
2.029161,1.0001944
2.030550,1.0004106
2.031938,0.9997543
2.033327,1.0002866
2.034716,1.0001899
2.036105,1.0003093
2.037494,1.0003482
2.038883,0.9998606
2.040272,1.0002331
2.041661,1.0001557
2.043049,0.9997908
2.044438,0.9999080
2.045827,0.9994419
2.047216,1.0003553
2.048605,1.0003551
2.049994,1.0003979
2.051383,0.9994681
2.052772,1.0000917
2.054160,0.9995815
2.055549,0.9997595
2.056938,0.9994185
2.058327,0.9999976
2.059716,0.9994782
2.061105,1.0001909
2.062494,1.0002744
2.063883,0.9999141
2.065272,1.0004591
2.066660,1.0003246
2.068049,1.0007141
2.069438,1.0006804
2.070827,1.0002478
2.072216,0.9998529
2.073605,0.9998900
2.074994,1.0004374
2.076383,0.9990046
2.077771,0.9998749
2.079160,1.0005094
2.080549,1.0001970
2.081938,0.9997265
2.083327,0.9997666
2.084716,0.9997871
2.086105,1.0003928
2.087494,1.0000955
2.088883,1.0003898
2.090271,1.0003460
2.091660,0.9999466
2.093049,0.9999125
2.094438,0.9999154
2.095827,0.9997255
2.097216,1.0000510
2.098605,1.0003459
2.099994,0.9999977
2.101382,1.0000903
2.102771,0.9999384
2.104160,1.0002847
2.105549,1.0004727
2.106938,0.9999476
2.108327,1.0003306
2.109716,0.9998271
2.111105,1.0001706
2.112493,0.9998298
2.113882,1.0001810
2.115271,0.9997668
2.116660,0.9996502
2.118049,1.0005533
2.119438,0.9995068
2.120827,1.0000693
2.122216,0.9996477
2.123605,1.0001540
2.124993,1.0001668
2.126382,1.0000907
2.127771,0.9993901
2.129160,1.0006062
2.130549,0.9995872
2.131938,1.0001012
2.133327,1.0004545
2.134716,0.9993255
2.136104,0.9999025
2.137493,0.9996265
2.138882,1.0003141
2.140271,1.0001598
2.141660,0.9999994
2.143049,0.9997685
2.144438,1.0002857
2.145827,1.0004033
2.147216,1.0006978
2.148604,1.0002284
2.149993,0.9999271
2.151382,0.9999010
2.152771,1.0000663
2.154160,1.0000988
2.155549,0.9990546
2.156938,0.9994030
2.158327,0.9994794
2.159715,1.0000286
2.161104,1.0003635
2.162493,0.9999532
2.163882,1.0002759
2.165271,1.0001939
2.166660,1.0003840
2.168049,1.0001291
2.169438,0.9998584
2.170826,0.9996303
2.172215,1.0000093
2.173604,1.0002558
2.174993,1.0004170
2.176382,0.9996238
2.177771,0.9995685
2.179160,1.0004805
2.180549,0.9998845
2.181938,0.9994773
2.183326,0.9999928
2.184715,1.0003171
2.186104,1.0000203
2.187493,0.9998505
2.188882,0.9997852
2.190271,1.0000754
2.191660,0.9995894
2.193049,1.0002502
2.194437,0.9997236
2.195826,0.9995767
2.197215,0.9999902
2.198604,1.0001940
2.199993,0.9994522
2.201382,0.9996048
2.202771,1.0000160
2.204160,1.0001592
2.205548,1.0000196
2.206937,0.9998287
2.208326,1.0002874
2.209715,1.0000618
2.211104,1.0001858
2.212493,1.0004023
2.213882,0.9996667
2.215271,1.0003965
2.216660,1.0000707
2.218048,0.9995631
2.219437,1.0002010
2.220826,0.9999185
2.222215,1.0002009
2.223604,0.9999012
2.224993,1.0002130
2.226382,0.9997418
2.227771,1.0000383
2.229159,1.0001259
2.230548,1.0002887
2.231937,1.0003258
2.233326,1.0004116
2.234715,1.0002997
2.236104,0.9998374
2.237493,0.9996218
2.238882,0.9996881
2.240271,1.0000252
2.241659,0.9995770
2.243048,1.0002733
2.244437,0.9999083
2.245826,0.9997544
2.247215,1.0000162
2.248604,1.0003383
2.249993,1.0002496
2.251382,1.0004173
2.252770,1.0000870
2.254159,0.9997996
2.255548,0.9997823
2.256937,0.9998006
2.258326,1.0001498
2.259715,0.9998331
2.261104,1.0008430
2.262493,0.9994162
2.263881,0.9998720
2.265270,1.0001260
2.266659,1.0002075
2.268048,0.9996532
2.269437,0.9999728
2.270826,1.0002461
2.272215,1.0000963
2.273604,0.9995512
2.274993,0.9999243
2.276381,1.0000879
2.277770,1.0000915
2.279159,0.9997709
2.280548,0.9996873
2.281937,1.0002617
2.283326,1.0004755
2.284715,1.0001789
2.286104,0.9999106
2.287492,1.0002288
2.288881,0.9994518
2.290270,1.0004695
2.291659,0.9995074
2.293048,1.0000053
2.294437,1.0002457
2.295826,1.0004550
2.297215,0.9999314
2.298603,0.9998255
2.299992,0.9999411
2.301381,1.0002198
2.302770,1.0001934
2.304159,1.0002607
2.305548,0.9996957
2.306937,1.0000728
2.308326,0.9999030
2.309715,0.9999940
2.311103,0.9996503
2.312492,1.0002548
2.313881,1.0001530
2.315270,0.9998958
2.316659,0.9995574
2.318048,0.9997913
2.319437,1.0001811
2.320826,0.9998255
2.322214,1.0002224
2.323603,1.0006464
2.324992,1.0003977
2.326381,1.0004643
2.327770,1.0001225
2.329159,1.0001036
2.330548,1.0000769
2.331937,1.0005211
2.333325,0.9997156
2.334714,1.0002044
2.336103,1.0005056
2.337492,0.9999633
2.338881,0.9993985
2.340270,0.9995869
2.341659,0.9997409
2.343048,1.0007952
2.344437,1.0001147
2.345825,0.9997301
2.347214,1.0002523
2.348603,0.9997010
2.349992,0.9997786
2.351381,1.0006122
2.352770,1.0000162
2.354159,0.9998915
2.355548,0.9998574
2.356936,1.0000641
2.358325,0.9999473
2.359714,0.9993835
2.361103,0.9999624
2.362492,0.9996950
2.363881,0.9998079
2.365270,0.9996965
2.366659,0.9994050
2.368048,1.0001626
2.369436,0.9995497
2.370825,0.9997521
2.372214,1.0000734
2.373603,1.0008473
2.374992,1.0003647
2.376381,0.9999583
2.377770,0.9996796
2.379159,1.0002551
2.380547,0.9999191
2.381936,0.9996906
2.383325,0.9995101
2.384714,0.9998291
2.386103,0.9999618
2.387492,0.9999485
2.388881,0.9999288
2.390270,0.9999858
2.391658,0.9995779
2.393047,1.0000434
2.394436,0.9999855
2.395825,0.9997626
2.397214,1.0004883
2.398603,1.0000040
2.399992,0.9997400
2.401381,0.9999670
2.402770,0.9998705
2.404158,0.9998455
2.405547,1.0002776
2.406936,0.9994749
2.408325,0.9998211
2.409714,1.0001000
2.411103,0.9997901
2.412492,1.0001300
2.413881,0.9996322
2.415269,1.0001707
2.416658,1.0006311
2.418047,1.0001085
2.419436,1.0000374
2.420825,0.9999563
2.422214,0.9998658
2.423603,0.9996752
2.424992,1.0002629
2.426380,0.9997047
2.427769,1.0002987
2.429158,1.0002963
2.430547,1.0000343
2.431936,1.0002229
2.433325,1.0000933
2.434714,1.0000623
2.436103,1.0004396
2.437492,1.0000800
2.438880,1.0000915
2.440269,0.9996780
2.441658,1.0000656
2.443047,1.0003952
2.444436,0.9999304
2.445825,1.0002575
2.447214,0.9997877
2.448603,0.9999552
2.449991,1.0001878
2.451380,1.0006008
2.452769,0.9999217
2.454158,0.9998553
2.455547,0.9997706
2.456936,0.9999072
2.458325,0.9997477
2.459714,1.0000878
2.461102,0.9999928
2.462491,1.0004592
2.463880,0.9998345
2.465269,1.0001467
2.466658,0.9998666
2.468047,1.0000350
2.469436,0.9995585
2.470825,0.9998743
2.472214,1.0003643
2.473602,0.9995798
2.474991,0.9997431
2.476380,0.9995112
2.477769,1.0004058
2.479158,0.9995954
2.480547,1.0002445
2.481936,0.9995302
2.483325,0.9997373
2.484713,0.9999710
2.486102,1.0004342
2.487491,1.0001655
2.488880,0.9998377
2.490269,0.9997905
2.491658,1.0001121
2.493047,1.0006579
2.494436,1.0002477
2.495824,0.9998998
2.497213,0.9998136
2.498602,1.0003658
2.499991,1.0000167
2.501380,1.0002280
2.502769,1.0002268
2.504158,1.0001481
2.505547,0.9999176
2.506936,1.0003090
2.508324,1.0001629
2.509713,0.9994978
2.511102,0.9999462
2.512491,1.0000826
2.513880,0.9999118
2.515269,0.9995299
2.516658,1.0001389
2.518047,1.0000512
2.519435,1.0003085
2.520824,1.0005847
2.522213,0.9986548
2.523602,0.9998818
2.524991,1.0003601
2.526380,1.0007122
2.527769,0.9995475
2.529158,1.0002693
2.530546,1.0000589
2.531935,0.9998779
2.533324,1.0001171
2.534713,0.9998744
2.536102,1.0002315
2.537491,1.0002075
2.538880,0.9997290
2.540269,0.9999441
2.541657,0.9999957
2.543046,1.0006095
2.544435,0.9994700
2.545824,0.9999011
2.547213,0.9994661
2.548602,0.9995461
2.549991,1.0003920
2.551380,0.9998554
2.552769,0.9999286
2.554157,1.0000868
2.555546,0.9999369
2.556935,1.0000443
2.558324,1.0000875
2.559713,0.9995996
2.561102,0.9998370
2.562491,0.9998813
2.563880,1.0000384
2.565268,0.9998092
2.566657,1.0004957
2.568046,1.0003262
2.569435,1.0008466
2.570824,1.0006997
2.572213,0.9998557
2.573602,1.0000620
2.574991,1.0003562
2.576379,1.0005173
2.577768,0.9996933
2.579157,0.9999822
2.580546,0.9998981
2.581935,0.9999055
2.583324,0.9996467
2.584713,0.9992440
2.586102,0.9997802
2.587491,1.0001560
2.588879,0.9999878
2.590268,0.9995529
2.591657,0.9997957
2.593046,0.9995608
2.594435,1.0010359
2.595824,1.0004845
2.597213,1.0000453
2.598602,0.9998849
2.599990,0.9998660
2.601379,0.9993081
2.602768,1.0000698
2.604157,0.9999589
2.605546,0.9996085
2.606935,0.9998197
2.608324,1.0000235
2.609713,1.0001591
2.611101,0.9998780
2.612490,0.9998885
2.613879,1.0001171
2.615268,1.0003296
2.616657,0.9995242
2.618046,1.0001036
2.619435,1.0004305
2.620824,0.9998959
2.622213,1.0002890
2.623601,0.9999809
2.624990,0.9997045
2.626379,1.0004248
2.627768,0.9997830
2.629157,0.9999179
2.630546,0.9996936
2.631935,0.9998866
2.633324,0.9997490
2.634712,0.9997984
2.636101,0.9998353
2.637490,1.0002569
2.638879,1.0001282
2.640268,0.9997559
2.641657,0.9997467
2.643046,1.0001750
2.644435,1.0001739
2.645823,1.0001812
2.647212,1.0002851
2.648601,1.0005888
2.649990,1.0004395
2.651379,0.9998426
2.652768,0.9999629
2.654157,1.0001629
2.655546,1.0001722
2.656935,0.9998082
2.658323,1.0000857
2.659712,0.9999317
2.661101,1.0002998
2.662490,0.9995015
2.663879,1.0000824
2.665268,1.0007544
2.666657,1.0000557
2.668046,1.0000142
2.669434,1.0003570
2.670823,0.9999089
2.672212,1.0000886
2.673601,1.0004448
2.674990,0.9999794
2.676379,1.0000563
2.677768,1.0000471
2.679157,0.9998841
2.680545,1.0006751
2.681934,1.0008291
2.683323,1.0002938
2.684712,0.9999213
2.686101,1.0001354
2.687490,1.0000875
2.688879,1.0000574
2.690268,1.0006617
2.691656,1.0000376
2.693045,1.0000612
2.694434,1.0000871
2.695823,0.9996103
2.697212,0.9998317
2.698601,0.9997868
2.699990,1.0004030
2.701379,0.9997083
2.702768,1.0004642
2.704156,0.9998277
2.705545,0.9999239
2.706934,1.0006409
2.708323,0.9995442
2.709712,1.0001898
2.711101,0.9993946
2.712490,1.0003688
2.713879,0.9998095
2.715267,1.0000011
2.716656,1.0003467
2.718045,0.9998944
2.719434,1.0004615
2.720823,1.0001048
2.722212,1.0001072
2.723601,0.9998923
2.724990,0.9999086
2.726378,0.9997199
2.727767,1.0000025
2.729156,0.9996599
2.730545,0.9992229
2.731934,0.9999773
2.733323,1.0002431
2.734712,1.0001266
2.736101,1.0002719
2.737490,0.9999145
2.738878,1.0000345
2.740267,0.9999425
2.741656,0.9998894
2.743045,0.9992585
2.744434,0.9998467
2.745823,1.0000251
2.747212,0.9999707
2.748601,1.0003190
2.749989,0.9994008
2.751378,0.9996401
2.752767,0.9994993
2.754156,0.9995029
2.755545,1.0000839
2.756934,0.9997804
2.758323,1.0000730
2.759712,0.9997300
2.761100,0.9993728
2.762489,0.9999496
2.763878,0.9996140
2.765267,1.0001927
2.766656,0.9995043
2.768045,1.0002022
2.769434,1.0000204
2.770823,0.9997004
2.772211,1.0001401
2.773600,1.0001514
2.774989,0.9997690
2.776378,1.0001506
2.777767,0.9994827
2.779156,1.0003071
2.780545,1.0000292
2.781934,0.9996211
2.783323,0.9997511
2.784711,1.0004247
2.786100,0.9997012
2.787489,1.0000861
2.788878,0.9998341
2.790267,0.9999824
2.791656,0.9999446
2.793045,0.9997784
2.794434,1.0002003
2.795822,1.0004969
2.797211,1.0004991
2.798600,1.0000817
2.799989,1.0009254
2.801378,0.9998981
2.802767,0.9999217
2.804156,1.0001665
2.805545,0.9998314
2.806933,1.0002185
2.809711,0.9998114
2.811100,0.9995024
2.812489,0.9998727
2.813878,0.9997653
2.815267,0.9993792
2.816656,1.0000659
2.818045,0.9998255
2.819433,1.0001821
2.820822,0.9996085
2.822211,1.0000112
2.823600,0.9999624
2.824989,0.9993371
2.826378,1.0000879
2.827767,1.0000890
2.829156,1.0005588
2.830544,0.9995609
2.831933,0.9994240
2.833322,0.9996472
2.834711,1.0003246
2.836100,0.9998678
2.837489,0.9998499
2.838878,1.0003373
2.840267,0.9997447
2.841655,1.0005255
2.843044,1.0000532
2.844433,1.0005079
2.845822,0.9997116
2.847211,0.9999461
2.848600,0.9996518
2.849989,0.9991408
2.851378,0.9999137
2.852766,0.9997708
2.854155,0.9996505
2.855544,0.9995338
2.856933,1.0002678
2.858322,0.9998138
2.859711,1.0002642
2.861100,1.0001027
2.862489,1.0001646
2.863878,1.0003911
2.865266,1.0003831
2.866655,0.9990621
2.868044,0.9998692
2.869433,1.0003317
2.870822,0.9999602
2.872211,1.0002035
2.873600,1.0002092
2.874989,1.0000683
2.876377,1.0003139
2.877766,1.0001750
2.879155,1.0002402
2.880544,0.9997635
2.881933,1.0000690
2.883322,0.9999682
2.884711,0.9997526
2.886100,0.9999040
2.887488,1.0002025
2.888877,1.0003639
2.890266,0.9998904
2.891655,1.0004652
2.893044,0.9997611
2.894433,0.9996113
2.895822,0.9999512
2.897211,0.9996363
2.898599,0.9999995
2.899988,1.0000089
2.901377,0.9997302
2.902766,0.9997986
2.904155,0.9998149
2.905544,0.9993238
2.906933,0.9993981
2.908322,0.9992765
2.909711,1.0002859
2.911099,1.0001520
2.912488,0.9996787
2.913877,1.0000792
2.915266,1.0007933
2.916655,0.9996630
2.918044,1.0003414
2.919433,1.0003827
2.920822,1.0005475
2.922210,0.9997593
2.923599,1.0002160
2.924988,0.9998801
2.926377,1.0001473
2.927766,1.0002940
2.929155,0.9998794
2.930544,0.9997917
2.931933,0.9999184
2.933321,1.0007237
2.934710,1.0000356
2.936099,1.0000997
2.937488,0.9996030
2.938877,0.9999943
2.940266,1.0003774
2.941655,1.0001322
2.943044,0.9998274
2.944432,1.0001816
2.945821,0.9998385
2.947210,0.9999585
2.948599,1.0004516
2.949988,1.0004075
2.951377,0.9999515
2.952766,0.9998008
2.954155,0.9995464
2.955544,0.9999294
2.956932,0.9995891
2.958321,0.9995519
2.959710,1.0000094
2.961099,1.0003165
2.962488,1.0001700
2.963877,0.9997588
2.965266,0.9996318
2.966655,1.0002025
2.968043,0.9998705
2.969432,0.9998803
2.970821,1.0004869
2.972210,0.9996405
2.973599,1.0003298
2.974988,1.0000588
2.976377,1.0005073
2.977766,1.0001008
2.979154,1.0002279
2.980543,0.9997221
2.981932,0.9997219
2.983321,0.9995262
2.984710,1.0003058
2.986099,1.0006173
2.987488,1.0003072
2.988877,1.0001434
2.990265,1.0000415
2.991654,0.9997606
2.993043,1.0002514
2.994432,1.0001551
2.995821,0.9996128
2.997210,0.9995375
2.998599,1.0000175
2.999988,0.9998328
3.001377,0.9997350
3.002765,0.9998026
3.004154,1.0006874
3.005543,1.0004065
3.006932,0.9998590
3.008321,0.9999288
3.009710,1.0002359
3.011099,0.9998075
3.012488,1.0000957
3.013876,1.0000177
3.015265,1.0001986
3.016654,0.9999768
3.018043,0.9989524
3.019432,0.9996012
3.020821,1.0000890
3.022210,0.9996336
3.023599,0.9997496
3.024987,0.9997951
3.026376,0.9997944
3.027765,0.9998290
3.029154,0.9997695
3.030543,1.0001717
3.031932,1.0000754
3.033321,0.9997518
3.034710,1.0011689
3.036098,1.0005110
3.037487,0.9998689
3.038876,0.9999350
3.040265,1.0000069
3.041654,1.0004301
3.043043,0.9998264
3.044432,0.9995031
3.045821,0.9999785
3.047210,1.0001234
3.048598,0.9997612
3.049987,1.0001282
3.051376,0.9998908
3.052765,1.0002712
3.054154,1.0000751
3.055543,1.0002962
3.056932,1.0005084
3.058321,1.0004444
3.059709,1.0001106
3.061098,1.0004066
3.062487,0.9999906
3.063876,0.9998538
3.065265,0.9995470
3.066654,1.0000393
3.068043,1.0004072
3.069432,1.0000853
3.070820,0.9998959
3.072209,0.9996755
3.073598,0.9994881
3.074987,0.9997033
3.076376,1.0004204
3.077765,0.9999615
3.079154,1.0000363
3.080543,0.9995953
3.081931,1.0001575
3.083320,1.0007876
3.084709,1.0000350
3.086098,1.0004130
3.087487,1.0000031
3.088876,1.0000672
3.090265,1.0004812
3.091654,1.0000027
3.093042,0.9997568
3.094431,0.9998538
3.095820,0.9995998
3.097209,0.9997075
3.098598,1.0002978
3.099987,0.9994678
3.101376,0.9994454
3.102765,0.9999522
3.104154,1.0001352
3.105542,1.0006464
3.106931,1.0000153
3.108320,0.9997711
3.109709,0.9997144
3.111098,0.9999311
3.112487,1.0002158
3.113876,1.0004364
3.115265,1.0000094
3.116653,0.9996920
3.118042,1.0005272
3.119431,0.9998857
3.120820,0.9994586
3.122209,1.0001274
3.123598,1.0001735
3.124987,1.0002360
3.126376,0.9999822
3.127764,1.0000371
3.129153,0.9998968
3.130542,1.0004684
3.131931,0.9999416
3.133320,1.0005404
3.134709,0.9999010
3.136098,0.9999858
3.137487,1.0009562
3.138875,0.9997396
3.140264,0.9995694
3.141653,0.9994242
3.143042,0.9994775
3.144431,1.0003645
3.145820,1.0005976
3.147209,1.0000853
3.148598,1.0000277
3.149987,1.0002763
3.151375,1.0008430
3.152764,1.0001863
3.154153,0.9998238
3.155542,1.0000465
3.156931,1.0002146
3.158320,0.9998223
3.159709,0.9999808
3.161098,1.0003358
3.162486,0.9996787
3.163875,0.9998366
3.165264,0.9998724
3.166653,1.0002832
3.168042,1.0000761
3.169431,1.0002631
3.170820,0.9996649
3.172209,1.0002752
3.173597,0.9995481
3.174986,0.9995565
3.176375,1.0003529
3.177764,1.0004503
3.179153,1.0001857
3.180542,1.0003022
3.181931,1.0002771
3.183320,0.9995059
3.184708,1.0002857
3.186097,0.9994665
3.187486,1.0000701
3.188875,1.0001401
3.190264,0.9994549
3.191653,0.9999067
3.193042,1.0005391
3.194431,1.0001342
3.195819,1.0001437
3.197208,1.0001664
3.198597,1.0000326
3.199986,0.9999404
3.201375,0.9996588
3.202764,0.9998066
3.204153,0.9999009
3.205542,0.9999854
3.206931,1.0003426
3.208319,0.9995715
3.209708,0.9999600
3.211097,1.0005009
3.212486,1.0002047
3.213875,0.9999515
3.215264,0.9997458
3.216653,1.0001396
3.218042,0.9997793
3.219430,0.9998312
3.220819,0.9996587
3.222208,1.0002491
3.223597,1.0002533
3.224986,1.0002268
3.226375,1.0000219
3.227764,1.0000409
3.229153,0.9996150
3.230541,0.9998598
3.231930,0.9994874
3.233319,1.0002328
3.234708,0.9998686
3.236097,1.0001311
3.237486,1.0000043
3.238875,1.0001217
3.240264,1.0004726
3.241652,1.0000116
3.243041,0.9999685
3.244430,1.0001775
3.245819,1.0008375
3.247208,0.9996570
3.248597,1.0000773
3.249986,1.0001789
3.251375,1.0000345
3.252764,0.9994799
3.254152,1.0000023
3.255541,0.9993616
3.256930,1.0002704
3.258319,0.9999840
3.259708,0.9998281
3.261097,0.9999135
3.262486,1.0002055
3.263875,0.9996822
3.265263,1.0005093
3.266652,0.9995449
3.268041,1.0000408
3.269430,0.9999599
3.270819,1.0003924
3.272208,1.0003612
3.273597,0.9997463
3.274986,0.9997102
3.276374,1.0004624
3.277763,0.9998124
3.279152,0.9998263
3.280541,0.9995006
3.281930,0.9998430
3.283319,1.0004999
3.284708,1.0001087
3.286097,0.9998849
3.287485,0.9997992
3.288874,0.9997011
3.290263,0.9999122
3.291652,0.9996906
3.293041,1.0003740
3.294430,1.0002180
3.295819,1.0000138
3.297208,0.9996569
3.298596,1.0003136
3.299985,1.0000713
3.301374,1.0006398
3.302763,1.0005088
3.304152,1.0000205
3.305541,1.0002689
3.306930,1.0000587
3.308319,1.0001767
3.309708,1.0002703
3.311096,1.0003789
3.312485,1.0005151
3.313874,0.9999289
3.315263,1.0001129
3.316652,0.9998294
3.318041,0.9999765
3.319430,1.0001033
3.320819,1.0002358
3.322207,0.9996669
3.323596,1.0004142
3.324985,1.0000464
3.326374,1.0001145
3.327763,1.0000097
3.329152,1.0001741
3.330541,0.9999671
3.331930,1.0001836
3.333318,0.9996392
3.334707,1.0001234
3.336096,1.0004322
3.337485,0.9998539
3.338874,0.9996310
3.340263,1.0002416
3.341652,0.9997687
3.343041,1.0004634
3.344429,0.9998880
3.345818,0.9999568
3.347207,1.0002207
3.348596,0.9999338
3.349985,0.9996120
3.351374,0.9997426
3.352763,1.0003099
3.354152,1.0002897
3.355540,0.9998813
3.356929,0.9996799
3.358318,0.9999334
3.359707,0.9997487
3.361096,1.0003722
3.362485,1.0002141
3.363874,0.9997106
3.365263,1.0000610
3.366651,1.0003476
3.368040,1.0003656
3.369429,0.9996214
3.370818,0.9996697
3.372207,1.0000064
3.373596,0.9999614
3.374985,1.0001482
3.376374,0.9999926
3.377763,0.9998205
3.379151,0.9999219
3.380540,0.9998404
3.381929,0.9991359
3.383318,1.0004555
3.384707,0.9998697
3.386096,0.9997339
3.387485,1.0003376
3.388874,1.0001546
3.390262,1.0005064
3.391651,0.9993998
3.393040,0.9996937
3.394429,1.0001125
3.395818,1.0000682
3.397207,1.0006810
3.398596,1.0002040
3.399985,0.9997908
3.401373,0.9996229
3.402762,1.0000442
3.404151,1.0003727
3.405540,1.0001917
3.406929,0.9999747
3.408318,1.0000740
3.409707,0.9997640
3.411096,0.9996465
3.412484,1.0000244
3.413873,1.0001916
3.415262,0.9999093
3.416651,1.0002455
3.418040,1.0000054
3.419429,0.9996851
3.420818,1.0003584
3.422207,1.0004982
3.423595,1.0003670
3.424984,1.0004085
3.426373,0.9996227
3.427762,0.9997251
3.429151,0.9996868
3.430540,0.9998877
3.431929,1.0003839
3.433318,0.9998331
3.434707,1.0003836
3.436095,0.9998493
3.437484,0.9998704
3.438873,0.9994551
3.440262,0.9995034
3.441651,0.9994974
3.443040,1.0004141
3.444429,0.9999868
3.445818,0.9999499
3.447206,0.9998773
3.448595,0.9996530
3.449984,0.9992975
3.451373,1.0001069
3.452762,0.9995018
3.454151,0.9998762
3.455540,0.9997528
3.456929,0.9996831
3.458317,1.0000342
3.459706,1.0001001
3.461095,0.9999965
3.462484,0.9998754
3.463873,1.0002643
3.465262,1.0001612
3.466651,0.9999230
3.468040,0.9993744
3.469428,0.9999036
3.470817,1.0004501
3.472206,0.9995738
3.473595,1.0000124
3.474984,1.0001713
3.476373,1.0001057
3.477762,1.0003712
3.479151,0.9993606
3.480539,0.9998358
3.481928,1.0000192
3.483317,0.9999598
3.484706,1.0003270
3.486095,1.0001791
3.487484,1.0004539
3.488873,1.0001274
3.490262,0.9992929
3.491650,1.0002828
3.493039,0.9995192
3.494428,1.0003425
3.495817,0.9991790
3.497206,0.9998741
3.498595,0.9997260
3.499984,0.9999331
3.501373,1.0002367
3.502762,1.0001912
3.504150,1.0006344
3.505539,1.0001324
3.506928,0.9996572
3.508317,1.0002031
3.509706,1.0004235
3.511095,0.9996371
3.512484,1.0002645
3.513873,1.0001341
3.515261,0.9999167
3.516650,1.0000593
3.518039,0.9999903
3.519428,1.0004303
3.520817,1.0001699
3.522206,0.9998190
3.523595,1.0001638
3.524984,1.0000137
3.526372,0.9997708
3.527761,1.0000044
3.529150,1.0000461
3.530539,0.9998819
3.531928,1.0001467
3.533317,1.0001448
3.534706,0.9996770
3.536095,0.9998037
3.537483,0.9994677
3.538872,1.0001912
3.540261,1.0005638
3.541650,0.9997080
3.543039,1.0000324
3.544428,1.0002054
3.545817,1.0007475
3.547206,1.0002651
3.548594,1.0001671
3.549983,0.9999603
3.551372,0.9994928
3.552761,1.0000371
3.554150,1.0007261
3.555539,1.0000175
3.556928,0.9992557
3.558317,1.0002786
3.559705,0.9992845
3.561094,1.0001968
3.562483,0.9997260
3.563872,0.9998215
3.565261,1.0010668
3.566650,0.9998257
3.568039,1.0001200
3.569428,0.9993748
3.570817,0.9999174
3.572205,1.0000295
3.573594,1.0002074
3.574983,0.9995727
3.576372,0.9998664
3.577761,1.0002009
3.579150,0.9994923
3.580539,0.9998177
3.581928,0.9995856
3.583316,0.9995139
3.584705,0.9997966
3.586094,1.0001309
3.587483,0.9997615
3.588872,1.0003869
3.590261,0.9997897
3.591650,1.0001814
3.593039,0.9996863
3.594427,1.0000345
3.595816,1.0000121
3.597205,1.0003025
3.598594,0.9996011
3.599983,0.9997240
3.601372,0.9998541
3.602761,1.0002475
3.604150,1.0000848
3.605538,0.9996450
3.606927,1.0001829
3.608316,0.9997396
3.609705,0.9999868
3.611094,1.0003602
3.612483,1.0004789
3.613872,0.9994820
3.615261,1.0003717
3.616649,0.9999501
3.618038,1.0001132
3.619427,1.0002888
3.620816,0.9998764
3.622205,0.9997586
3.623594,0.9997651
3.624983,1.0001417
3.626372,1.0000518
3.627760,1.0002198
3.629149,1.0002507
3.630538,0.9999444
3.631927,0.9996823
3.633316,0.9996021
3.634705,1.0000986
3.636094,0.9997631
3.637483,1.0003730
3.638872,0.9998847
3.640260,0.9999356
3.641649,0.9999742
3.643038,1.0000224
3.644427,0.9999291
3.645816,0.9997756
3.647205,1.0002454
3.648594,1.0002048
3.649983,0.9997796
3.651371,0.9998913
3.652760,1.0000714
3.654149,1.0002988
3.655538,1.0001933
3.656927,0.9997416
3.658316,0.9993220
3.659705,0.9998744
3.661094,0.9998627
3.662482,1.0000628
3.663871,0.9997704
3.665260,0.9999895
3.666649,0.9999293
3.668038,0.9999535
3.669427,0.9995579
3.670816,0.9997818
3.672205,0.9997984
3.673593,1.0003677
3.674982,0.9998755
3.676371,0.9998482
3.677760,0.9994450
3.679149,0.9999033
3.680538,1.0003858
3.681927,0.9998091
3.683316,1.0000275
3.684704,1.0001448
3.686093,1.0002965
3.687482,1.0002532
3.688871,1.0001661
3.690260,0.9994703
3.691649,0.9997818
3.693038,0.9999353
3.694427,0.9999095
3.695815,0.9997561
3.697204,0.9999005
3.698593,0.9999468
3.699982,1.0002542
3.701371,0.9995468
3.702760,1.0002222
3.704149,0.9998953
3.705538,1.0000243
3.706926,0.9997757
3.708315,1.0002435
3.709704,0.9993611
3.711093,1.0000100
3.712482,0.9998672
3.713871,1.0001144
3.715260,0.9999450
3.716649,1.0003146
3.718038,0.9997902
3.719426,0.9999379
3.720815,1.0002617
3.722204,0.9999264
3.723593,1.0001726
3.724982,1.0005501
3.726371,1.0000722
3.727760,0.9998255
3.729149,0.9994486
3.730537,1.0002710
3.731926,0.9997198
3.733315,0.9996540
3.734704,0.9999458
3.736093,1.0004689
3.737482,0.9998318
3.738871,1.0004341
3.740260,1.0001065
3.741648,0.9994180
3.743037,1.0004560
3.744426,1.0006177
3.745815,0.9993955
3.747204,0.9994887
3.748593,1.0002413
3.749982,1.0003298
3.751371,1.0000166
3.752759,1.0004272
3.754148,0.9992255
3.755537,1.0000391
3.756926,1.0005968
3.758315,0.9999300
3.759704,1.0003823
3.761093,1.0001215
3.762482,1.0006479
3.763870,0.9998740
3.765259,0.9995023
3.766648,0.9999971
3.768037,0.9995373
3.769426,1.0004489
3.770815,1.0000766
3.772204,0.9993535
3.773593,1.0001640
3.774981,1.0002164
3.776370,1.0001985
3.777759,1.0002688
3.779148,1.0006196
3.780537,0.9998643
3.781926,0.9998329
3.783315,0.9999089
3.784704,1.0009899
3.786092,0.9999389
3.787481,0.9998492
3.788870,1.0000971
3.790259,0.9997724
3.791648,1.0004768
3.793037,1.0000238
3.794426,1.0004224
3.795815,0.9996829
3.797203,1.0001623
3.798592,0.9992476
3.799981,1.0007348
3.801370,0.9999770
3.802759,0.9998392
3.804148,1.0001772
3.805537,0.9995513
3.806926,0.9999437
3.808315,1.0002833
3.809703,1.0000933
3.811092,0.9998805
3.812481,1.0004063
3.813870,1.0000242
3.815259,0.9999459
3.816648,1.0003853
3.818037,1.0004209
3.819426,1.0002123
3.820814,1.0002858
3.822203,0.9997077
3.823592,0.9999146
3.824981,1.0001370
3.826370,1.0003266
3.827759,1.0003316
3.829148,0.9997026
3.830537,1.0002110
3.831925,0.9997003
3.833314,1.0005703
3.834703,0.9998864
3.836092,0.9996844
3.837481,0.9999399
3.838870,0.9999282
3.840259,1.0001185
3.841648,1.0004377
3.843036,1.0001109
3.844425,1.0001140
3.845814,1.0004198
3.847203,1.0000881
3.848592,0.9998811
3.849981,0.9998054
3.851370,0.9999071
3.852759,0.9995266
3.854147,1.0004370
3.855536,1.0000427
3.856925,0.9997350
3.858314,0.9999995
3.859703,1.0000265
3.861092,1.0003917
3.862481,0.9997451
3.863870,0.9998715
3.865258,0.9999169
3.866647,0.9993195
3.868036,1.0002235
3.869425,0.9999493
3.870814,0.9997851
3.872203,0.9998835
3.873592,1.0002440
3.874981,0.9994504
3.876369,0.9998591
3.877758,1.0001177
3.879147,1.0000670
3.880536,1.0002256
3.881925,1.0003646
3.883314,1.0003507
3.884703,1.0002622
3.886092,1.0002148
3.887480,0.9998075
3.888869,1.0001830
3.890258,1.0000734
3.891647,1.0000177
3.893036,0.9997818
3.894425,1.0003713
3.895814,0.9995494
3.897203,0.9999513
3.898592,0.9997527
3.899980,0.9998318
3.901369,0.9999650
3.902758,0.9999355
3.904147,0.9998510
3.905536,0.9998540
3.906925,0.9999604
3.908314,0.9996713
3.909703,0.9998240
3.911091,1.0006124
3.912480,1.0003117
3.913869,1.0003820
3.915258,0.9999534
3.916647,0.9998777
3.918036,1.0001413
3.919425,0.9997245
3.920814,1.0000270
3.922202,1.0003465
3.923591,1.0000190
3.924980,1.0003126
3.926369,0.9999917
3.927758,0.9998480
3.929147,1.0002888
3.930536,1.0002859
3.931925,0.9999533
3.933313,1.0000550
3.934702,1.0000925
3.936091,0.9996554
3.937480,1.0006331
3.938869,0.9994113
3.940258,1.0001195
3.941647,1.0001735
3.943036,1.0001019
3.944424,0.9996733
3.945813,0.9995468
3.947202,1.0001533
3.948591,0.9999818
3.949980,1.0004887
3.951369,0.9998555
3.952758,0.9997436
3.954147,0.9991989
3.955535,1.0001247
3.956924,1.0002282
3.958313,0.9996119
3.959702,1.0003729
3.961091,0.9998873
3.962480,1.0001697
3.963869,0.9999512
3.965258,0.9999468
3.966646,0.9996982
3.968035,0.9997540
3.969424,1.0005944
3.970813,1.0000918
3.972202,0.9998843
3.973591,0.9999641
3.974980,0.9994014
3.976369,1.0001318
3.977757,1.0005335
3.979146,1.0000097
3.980535,0.9993538
3.981924,0.9999283
3.983313,1.0001068
3.984702,1.0002374
3.986091,1.0003796
3.987480,0.9999078
3.988868,1.0001543
3.990257,1.0001475
3.991646,0.9997830
3.993035,1.0003252
3.994424,0.9999439
3.995813,1.0001244
3.997202,1.0006475
3.998591,0.9996503
3.999979,1.0001892
4.001368,1.0002625
4.002757,0.9998624
4.004146,1.0001344
4.005535,1.0005873
4.006924,0.9997717
4.008313,1.0002906
4.009702,1.0005200
4.011091,0.9996261
4.012479,0.9997904
4.013868,1.0000050
4.015257,0.9999778
4.016646,1.0001325
4.018035,1.0002975
4.019424,1.0001112
4.020813,0.9999591
4.022202,0.9995703
4.023590,0.9994533
4.024979,0.9997912
4.026368,0.9998463
4.027757,1.0000410
4.029146,0.9999775
4.030535,1.0002656
4.031924,1.0002257
4.033313,1.0004990
4.034701,0.9997485
4.036090,0.9997285
4.037479,1.0002512
4.038868,0.9999890
4.040257,1.0002325
4.041646,0.9998058
4.043035,0.9995265
4.044424,1.0001018
4.045812,0.9998908
4.047201,0.9998757
4.048590,0.9996808
4.049979,0.9998226
4.051368,0.9997504
4.052757,1.0001151
4.054146,1.0000681
4.055535,0.9997977
4.056923,1.0000945
4.058312,0.9996320
4.059701,0.9995839
4.061090,1.0001667
4.062479,0.9997386
4.063868,0.9999387
4.065257,0.9993398
4.066646,1.0000552
4.068034,1.0003795
4.069423,1.0003038
4.070812,1.0004077
4.072201,1.0000501
4.073590,0.9999474
4.074979,0.9998805
4.076368,1.0000628
4.077757,0.9995754
4.079145,0.9999522
4.080534,0.9997936
4.081923,1.0002976
4.083312,0.9998673
4.084701,1.0002304
4.086090,1.0004519
4.087479,1.0007375
4.088868,1.0003991
4.090256,1.0000625
4.091645,1.0000296
4.093034,0.9995919
4.094423,1.0002795
4.095812,0.9995087
4.097201,1.0001191
4.098590,0.9997579
4.099979,1.0005637
4.101367,1.0002137
4.102756,1.0001793
4.104145,0.9998674
4.105534,0.9997283
4.106923,1.0006694
4.108312,1.0014665
4.109701,0.9998044
4.111090,1.0002092
4.112478,0.9996184
4.113867,1.0000892
4.115256,0.9999333
4.116645,0.9999985
4.118034,1.0000309
4.119423,0.9996253
4.120812,1.0000901
4.122201,1.0003836
4.123589,0.9999527
4.124978,0.9993100
4.126367,1.0001744
4.127756,0.9995485
4.129145,1.0000684
4.130534,1.0000900
4.131923,1.0000551
4.133312,0.9994463
4.134701,0.9999414
4.136089,0.9993732
4.137478,0.9996357
4.138867,1.0008848
4.140256,1.0001597
4.141645,0.9996348
4.143034,1.0006319
4.144423,1.0003479
4.145812,1.0001773
4.147200,1.0004033
4.148589,0.9997030
4.149978,0.9996986
4.151367,0.9998563
4.152756,1.0002281
4.154145,1.0000241
4.155534,0.9999866
4.156923,1.0002313
4.158311,0.9992693
4.159700,1.0000046
4.161089,0.9996825
4.162478,1.0004884
4.163867,0.9995998
4.165256,1.0001806
4.166645,0.9999723
4.168034,0.9999939
4.169422,0.9997688
4.170811,0.9998676
4.172200,1.0004040
4.173589,0.9998689
4.174978,1.0003336
4.176367,1.0003900
4.177756,0.9999592
4.179145,1.0008077
4.180533,1.0000492
4.181922,1.0001776
4.183311,1.0002878
4.184700,1.0004350
4.186089,1.0000880
4.187478,0.9995566
4.188867,0.9999958
4.190256,1.0001865
4.191644,0.9996208
4.193033,0.9999864
4.194422,0.9997010
4.195811,1.0001761
4.197200,1.0000844
4.198589,0.9998398
4.199978,1.0001460
4.201367,1.0000366
4.202755,1.0000617
4.204144,0.9997765
4.205533,0.9998721
4.206922,0.9993450
4.208311,0.9999557
4.209700,0.9998206
4.211089,1.0000824
4.212478,1.0004593
4.213866,1.0003851
4.215255,1.0001054
4.216644,0.9994871
4.218033,1.0008599
4.219422,1.0003658
4.220811,0.9999611
4.222200,0.9999339
4.223589,1.0004127
4.224977,0.9997236
4.226366,1.0003710
4.227755,0.9996542
4.229144,1.0001046
4.230533,0.9996504
4.231922,1.0001307
4.233311,1.0007143
4.234700,1.0001217
4.236088,1.0001213
4.237477,1.0003248
4.238866,0.9995548
4.240255,1.0006267
4.241644,0.9994890
4.243033,1.0001691
4.244422,0.9995540
4.245811,1.0001572
4.247199,0.9997808
4.248588,1.0000660
4.249977,1.0000617
4.251366,0.9997820
4.252755,1.0001121
4.254144,0.9997683
4.255533,1.0000882
4.256922,0.9995756
4.258310,0.9999820
4.259699,0.9999087
4.261088,1.0000092
4.262477,0.9999162
4.263866,1.0006053
4.265255,0.9996486
4.266644,1.0002666
4.268033,1.0001482
4.269421,1.0003449
4.270810,0.9996719
4.272199,0.9999716
4.273588,0.9999402
4.274977,1.0006532
4.276366,1.0005416
4.277755,0.9996571
4.279144,1.0002378
4.280533,0.9997221
4.281921,1.0000165
4.283310,1.0003848
4.284699,1.0003584
4.286088,0.9996844
4.287477,0.9994622
4.288866,0.9996352
4.290255,1.0002449
4.291644,1.0002222
4.293032,1.0003575
4.294421,1.0002246
4.295810,0.9996339
4.297199,1.0002079
4.298588,0.9999284
4.299977,0.9998923
4.301366,0.9997080
4.302755,1.0002967
4.304143,1.0004982
4.305532,1.0003164
4.306921,0.9996827
4.308310,1.0002655
4.309699,1.0003849
4.311088,0.9999935
4.312477,0.9996456
4.313866,1.0003320
4.315254,1.0002377
4.316643,0.9995113
4.318032,0.9999307
4.319421,1.0000613
4.320810,0.9996568
4.322199,0.9999612
4.323588,1.0000147
4.324977,0.9993800
4.326365,0.9998656
4.327754,0.9998023
4.329143,1.0000571
4.330532,0.9998999
4.331921,1.0003349
4.333310,1.0000731
4.334699,0.9999066
4.336088,1.0000831
4.337476,0.9998539
4.338865,0.9994973
4.340254,0.9999671
4.341643,1.0000265
4.343032,1.0000723
4.344421,0.9998817
4.345810,0.9999588
4.347199,0.9998998
4.348587,0.9993469
4.349976,0.9998718
4.351365,1.0000688
4.352754,0.9999778
4.354143,0.9995810
4.355532,0.9998389
4.356921,0.9990989
4.358310,0.9998109
4.359698,1.0002916
4.361087,0.9993794
4.362476,0.9992310
4.363865,0.9995590
4.365254,1.0001632
4.366643,1.0003238
4.368032,1.0000723
4.369421,1.0000376
4.370809,0.9998121
4.372198,0.9998061
4.373587,1.0000621
4.374976,0.9999013
4.376365,1.0004162
4.377754,1.0000542
4.379143,0.9995381
4.380532,1.0003878
4.381920,0.9999545
4.383309,1.0001961
4.384698,0.9998463
4.386087,0.9999680
4.387476,1.0003357
4.388865,1.0000117
4.390254,0.9997692
4.391643,1.0001261
4.393031,1.0005617
4.394420,0.9997935
4.395809,0.9999205
4.397198,1.0000333
4.398587,0.9997601
4.399976,0.9995891
4.401365,1.0003071
4.402754,0.9999541
4.404142,1.0002389
4.405531,0.9998544
4.406920,0.9996008
4.408309,0.9999475
4.409698,0.9995134
4.411087,0.9999599
4.412476,0.9999938
4.413865,0.9998560
4.415253,1.0000024
4.416642,0.9994618
4.418031,0.9993091
4.419420,1.0001252
4.420809,0.9992912
4.422198,1.0002472
4.423587,0.9996558
4.424976,1.0002850
4.426364,1.0002738
4.427753,0.9998942
4.429142,0.9995318
4.430531,0.9997189
4.431920,0.9995847
4.433309,1.0003218
4.434698,1.0001985
4.436087,1.0004011
4.437475,0.9996085
4.438864,0.9996790
4.440253,0.9999341
4.441642,0.9997032
4.443031,1.0002667
4.444420,1.0001654
4.445809,0.9995595
4.447198,0.9997821
4.448586,0.9994003
4.449975,0.9999857
4.451364,0.9997491
4.452753,1.0000306
4.454142,1.0003521
4.455531,1.0008278
4.456920,0.9993142
4.458309,0.9998795
4.459697,1.0002615
4.461086,0.9999322
4.462475,1.0008681
4.463864,1.0000147
4.465253,1.0001663
4.466642,0.9999972
4.468031,0.9997305
4.469420,1.0000773
4.470808,0.9998253
4.472197,1.0000300
4.473586,0.9999330
4.474975,0.9998294
4.476364,0.9999455
4.477753,0.9997597
4.479142,1.0007651
4.480531,1.0004824
4.481919,0.9997511
4.483308,0.9999250
4.484697,1.0005509
4.486086,1.0003849
4.487475,1.0003352
4.488864,0.9999319
4.490253,0.9997846
4.491642,1.0003228
4.493031,1.0002636
4.494419,0.9996225
4.495808,0.9998931
4.497197,0.9995687
4.498586,0.9994906
4.499975,1.0001018
4.501364,1.0005340
4.502753,1.0000671
4.504142,0.9999281
4.505530,0.9998094
4.506919,1.0000806
4.508308,0.9996409
4.509697,0.9994503
4.511086,0.9997251
4.512475,1.0003067
4.513864,0.9998380
4.515253,1.0006062
4.516641,0.9993676
4.518030,0.9999905
4.519419,1.0000061
4.520808,1.0001271
4.522197,0.9995996
4.523586,0.9999457
4.524975,1.0002046
4.526364,1.0001711
4.527752,0.9999463
4.529141,0.9993214
4.530530,0.9997984
4.531919,0.9996197
4.533308,1.0002436
4.534697,1.0001686
4.536086,1.0002715
4.537475,0.9995324
4.538863,0.9997262
4.540252,1.0006621
4.541641,0.9999686
4.543030,0.9998652
4.544419,1.0002263
4.545808,0.9999017
4.547197,1.0000221
4.548586,1.0002772
4.549974,0.9996558
4.551363,0.9998430
4.552752,1.0000897
4.554141,0.9988893
4.555530,0.9993400
4.556919,0.9999900
4.558308,1.0003764
4.559697,1.0005005
4.561085,0.9996019
4.562474,1.0000491
4.563863,1.0001830
4.565252,0.9997018
4.566641,0.9999028
4.568030,0.9996281
4.569419,1.0001547
4.570808,1.0000553
4.572196,1.0002429
4.573585,0.9998697
4.574974,0.9999454
4.576363,0.9997991
4.577752,1.0001349
4.579141,1.0002428
4.580530,1.0001703
4.581919,1.0004209
4.583307,0.9995607
4.584696,1.0000732
4.586085,1.0001264
4.587474,1.0002890
4.588863,0.9999573
4.590252,1.0003957
4.591641,0.9995827
4.593030,0.9997439
4.594418,0.9998079
4.595807,1.0002947
4.597196,1.0007305
4.598585,0.9995601
4.599974,0.9994221
4.601363,1.0003370
4.602752,1.0005425
4.604141,1.0002258
4.605529,1.0004270
4.606918,1.0001241
4.608307,0.9998892
4.609696,1.0002995
4.611085,1.0006134
4.612474,1.0000448
4.613863,1.0004995
4.615252,0.9996266
4.616640,1.0006811
4.618029,1.0000500
4.619418,0.9997658
4.620807,1.0000740
4.622196,1.0000601
4.623585,0.9994911
4.624974,0.9992757
4.626363,0.9997866
4.627751,1.0003780
4.629140,0.9998827
4.630529,0.9999035
4.631918,0.9996053
4.633307,0.9997519
4.634696,1.0002932
4.636085,1.0002327
4.637474,0.9998511
4.638862,1.0000156
4.640251,1.0004315
4.641640,1.0001483
4.643029,0.9994918
4.644418,1.0004794
4.645807,0.9998202
4.647196,1.0000317
4.648585,1.0001151
4.649973,1.0000200
4.651362,0.9996002
4.652751,1.0003395
4.654140,0.9997242
4.655529,1.0001044
4.656918,1.0003264
4.658307,1.0005785
4.659696,1.0001788
4.661084,1.0004213
4.662473,1.0005780
4.663862,0.9993976
4.665251,0.9999174
4.666640,0.9999058
4.668029,0.9998632
4.669418,0.9998302
4.670807,0.9999812
4.672195,1.0003003
4.673584,1.0009184
4.674973,0.9999419
4.676362,1.0004157
4.677751,1.0000111
4.679140,1.0000540
4.680529,1.0000299
4.681918,0.9997601
4.683306,1.0003907
4.684695,0.9999947
4.686084,1.0003957
4.687473,0.9997848
4.688862,0.9996362
4.690251,0.9997563
4.691640,1.0000433
4.693029,1.0009595
4.694417,0.9998535
4.695806,0.9992071
4.697195,0.9995960
4.698584,1.0000088
4.699973,1.0001403
4.701362,1.0006874
4.702751,0.9999521
4.704140,1.0002424
4.705528,1.0001948
4.706917,0.9996972
4.708306,1.0004532
4.709695,1.0000436
4.711084,1.0000618
4.712473,1.0001482
4.713862,1.0005602
4.715251,1.0004459
4.716639,0.9997682
4.718028,0.9993847
4.719417,0.9998195
4.720806,1.0003050
4.722195,0.9999470
4.723584,0.9996399
4.724973,0.9999813
4.726362,0.9998024
4.727750,0.9999077
4.729139,1.0001154
4.730528,1.0001000
4.731917,1.0005709
4.733306,0.9999514
4.734695,1.0003837
4.736084,1.0000617
4.737473,1.0006096
4.738861,1.0002751
4.740250,0.9997252
4.741639,1.0003503
4.743028,1.0001361
4.744417,1.0007365
4.745806,1.0003494
4.747195,0.9997452
4.748584,1.0003597
4.749972,1.0003311
4.751361,1.0005056
4.752750,1.0002364
4.754139,1.0001715
4.755528,0.9989989
4.756917,1.0002267
4.758306,1.0008386
4.759695,0.9996295
4.761083,0.9998942
4.762472,0.9990642
4.763861,0.9999842
4.765250,1.0003507
4.766639,1.0003920
4.768028,0.9992234
4.769417,1.0005702
4.770806,1.0000960
4.772194,0.9998334
4.773583,1.0002253
4.774972,0.9996042
4.776361,1.0000288
4.777750,1.0001861
4.779139,0.9993214
4.780528,0.9999640
4.781917,0.9999227
4.783305,0.9999545
4.784694,0.9995262
4.786083,0.9999325
4.787472,1.0000831
4.788861,1.0000121
4.790250,1.0000469
4.791639,0.9989772
4.793028,0.9996800
4.794416,1.0005480
4.795805,0.9999795
4.797194,1.0003797
4.798583,0.9997908
4.799972,0.9994151
4.801361,1.0000716
4.802750,0.9995932
4.804139,1.0001005
4.805527,1.0001679
4.806916,0.9998375
4.808305,1.0000164
4.809694,1.0002762
4.811083,1.0004719
4.812472,1.0001841
4.813861,1.0001024
4.815250,1.0004091
4.816638,0.9998304
4.818027,0.9997570
4.819416,0.9993270
4.820805,0.9997345
4.822194,0.9996617
4.823583,0.9999640
4.824972,1.0002217
4.826361,0.9999296
4.827749,1.0002922
4.829138,0.9996868
4.830527,0.9996464
4.831916,0.9998067
4.833305,0.9999230
4.834694,0.9999398
4.836083,0.9996467
4.837472,1.0002108
4.838860,0.9998890
4.840249,0.9997367
4.841638,1.0003433
4.843027,0.9998178
4.844416,1.0004080
4.845805,0.9997907
4.847194,0.9990692
4.848583,0.9999970
4.849971,0.9999726
4.851360,0.9996758
4.852749,1.0001878
4.854138,0.9994264
4.855527,1.0001082
4.856916,1.0000419
4.858305,1.0002320
4.859694,1.0003915
4.861082,0.9997666
4.862471,0.9995486
4.863860,1.0000281
4.865249,1.0002343
4.866638,1.0002285
4.868027,0.9998752
4.869416,0.9996917
4.870805,0.9993793
4.872193,0.9998426
4.873582,1.0000387
4.874971,0.9999075
4.876360,0.9997277
4.877749,0.9998507
4.879138,1.0001978
4.880527,1.0001850
4.881916,1.0002671
4.883304,1.0000953
4.884693,0.9996446
4.886082,0.9999486
4.887471,0.9996720
4.888860,0.9998800
4.890249,1.0003137
4.891638,0.9994428
4.893027,1.0000957
4.894415,1.0000613
4.895804,1.0002985
4.897193,1.0001630
4.898582,0.9999355
4.899971,0.9999665
4.901360,1.0000283
4.902749,0.9998793
4.904138,1.0003812
4.905526,0.9999594
4.906915,1.0002007
4.908304,0.9999542
4.909693,1.0001776
4.911082,1.0001283
4.912471,1.0002430
4.913860,0.9996720
4.915249,0.9993774
4.916637,0.9996924
4.918026,1.0003865
4.919415,1.0005188
4.920804,1.0001755
4.922193,0.9998178
4.923582,1.0001621
4.924971,0.9997845
4.926360,1.0002579
4.927748,0.9991084
4.929137,1.0001344
4.930526,0.9996433
4.931915,0.9999835
4.933304,1.0005368
4.934693,1.0000314
4.936082,1.0002780
4.937471,1.0002858
4.938859,1.0000158
4.940248,1.0003108
4.941637,0.9999837
4.943026,0.9998029
4.944415,1.0005755
4.945804,1.0003489
4.947193,1.0000019
4.948582,1.0001096
4.949970,1.0000528
4.951359,1.0003087
4.952748,0.9999988
4.954137,1.0008132
4.955526,0.9997238
4.956915,0.9995412
4.958304,0.9991076
4.959693,0.9997803
4.961081,0.9999610
4.962470,0.9998624
4.963859,1.0001949
4.965248,0.9990826
4.966637,0.9992113
4.968026,1.0003498
4.969415,1.0005807
4.970804,0.9998879
4.972192,1.0005434
4.973581,1.0003571
4.974970,0.9998635
4.976359,0.9997879
4.977748,1.0003160
4.979137,1.0002567
4.980526,0.9999590
4.981915,0.9993009
4.983303,0.9977968
4.984692,0.9968728
4.986081,0.9966062
4.987470,0.9949356
4.988859,0.9932714
4.990248,0.9925676
4.991637,0.9913365
4.993026,0.9896190
4.994414,0.9888185
4.995803,0.9884106
4.997192,0.9871144
4.998581,0.9868992
4.999970,0.9867902
5.001359,0.9862446
5.002748,0.9861129
5.004137,0.9859084
5.005525,0.9856043
5.006914,0.9853562
5.008303,0.9850305
5.009692,0.9851839
5.011081,0.9853286
5.012470,0.9848963
5.013859,0.9855964
5.015248,0.9856419
5.016636,0.9846214
5.018025,0.9852351
5.019414,0.9841863
5.020803,0.9843301
5.022192,0.9842600
5.023581,0.9841883
5.024970,0.9844461
5.026359,0.9837036
5.027747,0.9839647
5.029136,0.9843277
5.030525,0.9838287
5.031914,0.9840972
5.033303,0.9843477
5.034692,0.9840675
5.036081,0.9843335
5.037470,0.9836803
5.038858,0.9837173
5.040247,0.9837747
5.041636,0.9843725
5.043025,0.9838233
5.044414,0.9841345
5.045803,0.9836593
5.047192,0.9835401
5.048581,0.9843788
5.049969,0.9848734
5.051358,0.9838794
5.052747,0.9838820
5.054136,0.9843661
5.055525,0.9840182
5.056914,0.9829841
5.058303,0.9839206
5.059692,0.9840875
5.061080,0.9844752
5.062469,0.9840947
5.063858,0.9846186
5.065247,0.9840382
5.066636,0.9843905
5.068025,0.9848056
5.069414,0.9846253
5.070803,0.9847882
5.072191,0.9843875
5.073580,0.9849279
5.074969,0.9849862
5.076358,0.9853183
5.077747,0.9841624
5.079136,0.9848941
5.080525,0.9856330
5.081914,0.9861260
5.083302,0.9858645
5.084691,0.9858320
5.086080,0.9859412
5.087469,0.9872066
5.088858,0.9873150
5.090247,0.9885099
5.091636,0.9887176
5.093025,0.9895481
5.094413,0.9908569
5.095802,0.9916782
5.097191,0.9937914
5.098580,0.9943660
5.099969,0.9956999
5.101358,0.9976275
5.102747,0.9972658
5.104136,0.9987656
5.105524,0.9993335
5.106913,1.0002916
5.108302,0.9991396
5.109691,0.9995714
5.111080,1.0003007
5.112469,0.9999287
5.113858,1.0002803
5.115246,1.0000050
5.116635,1.0001484
5.118024,1.0001503
5.119413,0.9998813
5.120802,1.0002354
5.122191,1.0002203
5.123580,0.9998172
5.124969,1.0004119
5.126357,0.9992991
5.127746,0.9998934
5.129135,1.0003045
5.130524,1.0000622
5.131913,1.0005678
5.133302,1.0003020
5.134691,0.9995415
5.136080,0.9996661
5.137468,0.9998478
5.138857,0.9997679
5.140246,0.9993648
5.141635,0.9989435
5.143024,0.9991546
5.144413,1.0000359
5.145802,0.9994726
5.147191,0.9994779
5.148579,0.9995159
5.149968,0.9998054
5.151357,0.9995710
5.152746,0.9998497
5.154135,1.0002562
5.155524,0.9998538
5.156913,1.0002018
5.158302,1.0004348
5.159690,1.0001605
5.161079,0.9999344
5.162468,1.0007841
5.163857,0.9994868
5.165246,0.9994555
5.166635,0.9997857
5.168024,1.0001024
5.169413,1.0000090
5.170801,1.0004746
5.172190,0.9998266
5.173579,1.0001638
5.174968,0.9995817
5.176357,0.9994442
5.177746,1.0001760
5.179135,1.0002168
5.180524,0.9994935
5.181912,1.0002637
5.183301,1.0001169
5.184690,0.9997582
5.186079,0.9997092
5.187468,1.0004334
5.188857,0.9999502
5.190246,0.9996801
5.191635,0.9999910
5.193023,1.0002517
5.194412,0.9999164
5.195801,1.0002446
5.197190,0.9999915
5.198579,0.9998379
5.199968,0.9994942
5.201357,0.9998470
5.202746,0.9995500
5.204134,0.9999755
5.205523,1.0000425
5.206912,1.0006144
5.208301,0.9996443
5.209690,1.0003464
5.211079,1.0004996
5.212468,0.9998065
5.213857,0.9996743
5.215245,1.0004285
5.216634,0.9996381
5.218023,0.9995264
5.219412,1.0002924
5.220801,1.0001808
5.222190,0.9998259
5.223579,1.0003968
5.224968,0.9998942
5.226356,0.9998665
5.227745,1.0003489
5.229134,1.0006206
5.230523,1.0002202
5.231912,0.9997912
5.233301,1.0000161
5.234690,0.9997599
5.236079,1.0001756
5.237467,1.0002680
5.238856,1.0004486
5.240245,0.9998398
5.241634,0.9997527
5.243023,1.0001676
5.244412,1.0004930
5.245801,1.0000001
5.247190,1.0006568
5.248578,1.0004691
5.249967,0.9998645
5.251356,0.9997028
5.252745,1.0003030
5.254134,1.0000819
5.255523,1.0003261
5.256912,1.0003072
5.258301,1.0001835
5.259689,1.0003090
5.261078,0.9995931
5.262467,0.9999200
5.263856,0.9998065
5.265245,1.0002417
5.266634,0.9996687
5.268023,0.9998564
5.269412,1.0005507
5.270800,0.9999975
5.272189,0.9999515
5.273578,1.0000033
5.274967,0.9999295
5.276356,0.9998283
5.277745,1.0001866
5.279134,1.0000682
5.280523,1.0002738
5.281911,1.0002131
5.283300,1.0000830
5.284689,0.9997252
5.286078,1.0001514
5.287467,0.9995840
5.288856,0.9990605
5.290245,1.0002008
5.291634,0.9995130
5.293022,1.0006013
5.294411,1.0001786
5.295800,1.0000893
5.297189,1.0002409
5.298578,0.9999173
5.299967,1.0007459
5.301356,1.0002122
5.302745,0.9993721
5.304133,1.0002283
5.305522,0.9996219
5.306911,0.9998493
5.308300,1.0000335
5.309689,1.0001768
5.311078,0.9998128
5.312467,0.9995911
5.313856,0.9997943
5.315244,1.0003905
5.316633,0.9997106
5.318022,0.9991265
5.319411,1.0004895
5.320800,0.9999634
5.322189,0.9994481
5.323578,0.9994737
5.324967,1.0000822
5.326355,0.9994897
5.327744,1.0006311
5.329133,0.9999802
5.330522,0.9996606
5.331911,0.9996299
5.333300,1.0000832
5.334689,1.0004399
5.336077,1.0005372
5.337466,1.0000188
5.338855,1.0001945
5.340244,1.0001208
5.341633,1.0000060
5.343022,0.9999616
5.344411,1.0005047
5.345800,0.9995439
5.347188,1.0001266
5.348577,0.9998157
5.349966,0.9999941
5.351355,0.9998525
5.352744,1.0001720
5.354133,0.9997860
5.355522,1.0001292
5.356911,0.9995863
5.358299,1.0002342
5.359688,0.9995782
5.361077,1.0007536
5.362466,1.0000805
5.363855,1.0007779
5.365244,1.0002335
5.366633,0.9995958
5.368022,1.0001810
5.369410,1.0004721
5.370799,0.9999296
5.372188,1.0002902
5.373577,0.9996929
5.374966,1.0001822
5.376355,0.9997932
5.377744,0.9993526
5.379133,0.9997611
5.381910,0.9997099
5.383299,1.0004092
5.384688,0.9996844
5.386077,1.0000710
5.387466,0.9995751
5.388855,0.9998122
5.390244,1.0002397
5.391632,1.0001490
5.393021,1.0003601
5.394410,1.0000965
5.395799,1.0004025
5.397188,1.0003471
5.398577,0.9999394
5.399966,1.0000961
5.401355,0.9996378
5.402743,0.9998370
5.404132,0.9998389
5.405521,0.9996199
5.406910,0.9999933
5.408299,1.0003072
5.409688,1.0004651
5.411077,0.9999214
5.412466,1.0000904
5.413854,0.9997703
5.415243,1.0000208
5.416632,1.0000830
5.418021,1.0003247
5.419410,1.0001262
5.420799,0.9995651
5.422188,1.0003796
5.423577,1.0001132
5.424965,0.9998573
5.426354,1.0002741
5.427743,0.9999667
5.429132,0.9997603
5.430521,0.9995273
5.431910,1.0003430
5.433299,0.9998367
5.434688,1.0004349
5.436076,1.0004895
5.437465,0.9999538
5.438854,0.9998919
5.440243,0.9999395
5.441632,0.9994781
5.443021,0.9999703
5.444410,0.9995261
5.445799,0.9999577
5.447187,1.0002793
5.448576,1.0004769
5.449965,1.0000702
5.451354,0.9999038
5.452743,0.9996341
5.454132,0.9997307
5.455521,1.0001875
5.456910,1.0000153
5.458298,0.9994671
5.459687,1.0001830
5.461076,1.0000863
5.462465,1.0004577
5.463854,1.0002624
5.465243,0.9996407
5.466632,1.0002596
5.468021,0.9993449
5.469409,1.0004702
5.470798,0.9995864
5.472187,1.0005690
5.473576,0.9995027
5.474965,1.0005920
5.476354,1.0002477
5.477743,1.0007292
5.479132,1.0006005
5.480520,1.0001477
5.481909,0.9999721
5.483298,1.0002786
5.484687,1.0001075
5.486076,1.0000190
5.487465,0.9994425
5.488854,1.0001736
5.490242,1.0001380
5.491631,1.0000082
5.493020,1.0000459
5.494409,1.0001002
5.495798,1.0000909
5.497187,0.9997900
5.498576,1.0007262
5.499965,0.9999339
5.501353,1.0013283
5.502742,1.0000389
5.504131,1.0002089
5.505520,0.9997693
5.506909,1.0002661
5.508298,0.9996649
5.509687,1.0002903
5.511076,1.0006035
5.512464,1.0005559
5.513853,0.9999456
5.515242,0.9998328
5.516631,0.9997334
5.518020,1.0005545
5.519409,1.0002897
5.520798,1.0001587
5.522187,0.9999282
5.523575,0.9999899
5.524964,0.9997347
5.526353,1.0002494
5.527742,1.0000982
5.529131,0.9999909
5.530520,0.9994662
5.531909,0.9999468
5.533298,1.0000836
5.534686,0.9994548
5.536075,0.9994529
5.537464,1.0005172
5.538853,1.0003314
5.540242,1.0002105
5.541631,1.0002907
5.543020,1.0000881
5.544409,0.9996537
5.545797,1.0002966
5.547186,0.9999502
5.548575,1.0004346
5.549964,0.9997844
5.551353,0.9993951
5.552742,0.9997586
5.554131,0.9995410
5.555520,1.0000931
5.556908,1.0000784
5.558297,0.9995175
5.559686,0.9994593
5.561075,1.0003651
5.562464,0.9998783
5.563853,1.0000368
5.565242,0.9997482
5.566631,0.9999712
5.568019,1.0002178
5.569408,1.0000351
5.570797,0.9999762
5.572186,0.9998583
5.573575,0.9998668
5.574964,1.0000207
5.576353,0.9997248
5.577742,0.9997476
5.579130,1.0003369
5.580519,0.9998907
5.581908,0.9999273
5.583297,1.0000602
5.584686,0.9997919
5.586075,1.0006059
5.587464,1.0005433
5.588853,0.9997735
5.590241,1.0000491
5.591630,0.9997982
5.593019,0.9997839
5.594408,1.0001680
5.595797,0.9996400
5.597186,0.9999033
5.598575,1.0002157
5.599964,0.9996201
5.601352,1.0007478
5.602741,1.0002904
5.604130,1.0002104
5.605519,0.9998783
5.606908,0.9999784
5.608297,1.0001427
5.609686,0.9996338
5.611075,0.9995893
5.612463,0.9994640
5.613852,0.9993551
5.615241,0.9997410
5.616630,1.0002383
5.618019,1.0005265
5.619408,1.0000197
5.620797,1.0000100
5.622185,0.9999488
5.623574,1.0007170
5.624963,0.9995204
5.626352,1.0002402
5.627741,1.0004843
5.629130,0.9998153
5.630519,0.9996424
5.631908,0.9999354
5.633296,1.0003155
5.634685,1.0000339
5.636074,0.9997810
5.637463,0.9998518
5.638852,0.9999800
5.640241,0.9996227
5.641630,1.0001888
5.643019,1.0005078
5.644407,1.0000813
5.645796,0.9999934
5.647185,1.0004472
5.648574,1.0000527
5.649963,0.9993055
5.651352,1.0003607
5.652741,1.0001439
5.654130,1.0006812
5.655518,1.0002345
5.656907,0.9999622
5.658296,1.0002954
5.659685,0.9998709
5.661074,0.9995694
5.662463,0.9998577
5.663852,0.9999112
5.665241,1.0000151
5.666629,1.0005252
5.668018,1.0007560
5.669407,0.9998220
5.670796,1.0001790
5.672185,1.0001480
5.673574,0.9998230
5.674963,1.0001317
5.676352,1.0002273
5.677740,0.9996381
5.679129,0.9996311
5.680518,1.0004481
5.681907,0.9999584
5.683296,1.0001865
5.684685,1.0004492
5.686074,1.0003394
5.687463,1.0007532
5.688851,1.0001857
5.690240,0.9995779
5.691629,1.0000182
5.693018,0.9999824
5.694407,1.0000456
5.695796,0.9999827
5.697185,1.0003680
5.698574,0.9997270
5.699962,1.0003177
5.701351,1.0006573
5.702740,0.9993557
5.704129,1.0000443
5.705518,1.0000455
5.706907,0.9997934
5.708296,1.0007831
5.709685,0.9999115
5.711073,1.0000767
5.712462,0.9998756
5.713851,0.9995354
5.715240,1.0001328
5.716629,0.9999385
5.718018,1.0004379
5.719407,0.9997396
5.720796,0.9997423
5.722184,1.0006077
5.723573,1.0004681
5.724962,1.0003443
5.726351,0.9996049
5.727740,0.9998930
5.729129,0.9996765
5.730518,1.0002653
5.731906,1.0001077
5.733295,1.0001003
5.734684,0.9999563
5.736073,0.9996631
5.737462,0.9999840
5.738851,1.0002099
5.740240,0.9996947
5.741629,1.0007289
5.743017,0.9997204
5.744406,1.0003201
5.745795,0.9999627
5.747184,0.9997156
5.748573,0.9997457
5.749962,0.9999482
5.751351,1.0002523
5.752740,0.9993083
5.754128,1.0000921
5.755517,0.9999578
5.756906,1.0006745
5.758295,0.9999632
5.759684,0.9997119
5.761073,1.0000806
5.762462,0.9998651
5.763851,1.0000971
5.765239,1.0009069
5.766628,0.9998961
5.768017,0.9994789
5.769406,1.0004820
5.770795,0.9996577
5.772184,0.9997667
5.773573,1.0003296
5.774962,1.0005419
5.776350,0.9998648
5.777739,1.0003760
5.779128,1.0000460
5.780517,1.0008284
5.781906,1.0008259
5.783295,1.0003369
5.784684,1.0003791
5.786073,0.9998873
5.787461,1.0002931
5.788850,1.0001245
5.790239,0.9998670
5.791628,1.0001107
5.793017,1.0004314
5.794406,0.9992922
5.795795,0.9998751
5.797184,1.0000134
5.798572,1.0002464
5.799961,0.9998431
5.801350,1.0002713
5.802739,0.9998145
5.804128,1.0001208
5.805517,0.9995386
5.806906,1.0002920
5.808295,0.9999063
5.809683,1.0001849
5.811072,0.9999319
5.812461,0.9998291
5.813850,0.9998053
5.815239,1.0001194
5.816628,0.9999831
5.818017,0.9997208
5.819406,1.0000176
5.820794,1.0002046
5.822183,1.0004293
5.823572,1.0005489
5.824961,0.9995839
5.826350,1.0001034
5.827739,1.0001924
5.829128,0.9998665
5.830516,1.0002068
5.831905,0.9997562
5.833294,0.9996907
5.834683,1.0003933
5.836072,1.0001935
5.837461,1.0004295
5.838850,0.9995480
5.840239,1.0001660
5.841627,1.0002243
5.843016,1.0000425
5.844405,0.9999421
5.845794,0.9998059
5.847183,0.9996430
5.848572,0.9991718
5.849961,1.0001126
5.851350,0.9990325
5.852738,0.9998436
5.854127,0.9997071
5.855516,0.9999922
5.856905,0.9998445
5.858294,0.9998884
5.859683,0.9993121
5.861072,1.0000772
5.862461,0.9997075
5.863849,1.0000237
5.865238,0.9998128
5.866627,1.0005577
5.868016,1.0000950
5.869405,1.0001604
5.870794,0.9996960
5.872183,1.0004354
5.873572,0.9999811
5.874960,0.9994532
5.876349,0.9999329
5.877738,0.9996367
5.879127,0.9994609
5.880516,1.0000363
5.881905,1.0000141
5.883294,1.0001220
5.884683,0.9999725
5.886071,1.0003187
5.887460,1.0005875
5.888849,0.9999320
5.890238,1.0000873
5.891627,0.9994504
5.893016,0.9998368
5.894405,0.9996210
5.895794,0.9997561
5.897182,0.9997539
5.898571,1.0000941
5.899960,0.9997813
5.901349,1.0003107
5.902738,0.9999750
5.904127,0.9998040
5.905516,1.0005069
5.906905,0.9999105
5.908293,1.0006531
5.909682,0.9997804
5.911071,1.0007085
5.912460,0.9997108
5.913849,1.0000310
5.915238,0.9999804
5.916627,0.9993164
5.918015,1.0000286
5.919404,0.9997092
5.920793,0.9999630
5.922182,1.0002642
5.923571,1.0000699
5.924960,0.9999906
5.926349,1.0006462
5.927738,0.9999825
5.929126,0.9998965
5.930515,1.0000508
5.931904,1.0000092
5.933293,0.9997375
5.934682,0.9994757
5.936071,1.0005436
5.937460,0.9999931
5.938849,0.9997994
5.940237,0.9994120
5.941626,1.0005007
5.943015,1.0000209
5.944404,1.0000729
5.945793,0.9993743
5.947182,1.0002143
5.948571,1.0000626
5.949960,1.0003177
5.951348,1.0003136
5.952737,1.0001845
5.954126,0.9993424
5.955515,0.9996141
5.956904,0.9998860
5.958293,1.0004587
5.959682,0.9998144
5.961071,0.9995045
5.962459,0.9999921
5.963848,1.0000814
5.965237,1.0002573
5.966626,1.0000213
5.968015,0.9997905
5.969404,0.9999343
5.970793,1.0004916
5.972182,1.0000194
5.973570,1.0003453
5.974959,1.0000182
5.976348,1.0003625
5.977737,1.0002184
5.979126,1.0000630
5.980515,1.0000156
5.981904,0.9996377
5.983293,0.9992807
5.984681,1.0001068
5.986070,0.9997557
5.987459,1.0001034
5.988848,0.9993533
5.990237,0.9997849
5.991626,0.9994505
5.993015,1.0003306
5.994404,0.9995315
5.995792,1.0000221
5.997181,0.9999477
5.998570,0.9996560
5.999959,1.0005266
6.001348,0.9993176
6.002737,0.9999711
6.004126,1.0003031
6.005514,1.0003131
6.006903,0.9996804
6.008292,0.9998459
6.009681,0.9999447
6.011070,0.9995496
6.012459,0.9997590
6.013848,1.0002521
6.015237,0.9996741
6.016625,1.0001471
6.018014,0.9993041
6.019403,0.9998669
6.020792,0.9997335
6.022181,0.9994752
6.023570,0.9999179
6.024959,1.0003118
6.026348,1.0000926
6.027736,0.9998067
6.029125,0.9999394
6.030514,0.9995157
6.031903,1.0000526
6.033292,0.9994163
6.034681,1.0000955
6.036070,0.9998311
6.037459,1.0002914
6.038847,1.0007987
6.040236,0.9999487
6.041625,1.0001265
6.043014,0.9997067
6.044403,0.9996464
6.045792,0.9994632
6.047181,0.9996993
6.048570,0.9999533
6.049958,0.9998570
6.051347,1.0003857
6.052736,1.0002704
6.054125,1.0002701
6.055514,0.9995478
6.056903,0.9997986
6.058292,1.0005248
6.059681,1.0003424
6.061069,0.9996178
6.062458,0.9997155
6.063847,1.0004965
6.065236,1.0003697
6.066625,1.0003440
6.068014,0.9998255
6.069403,0.9996145
6.070792,1.0002568
6.072180,1.0001224
6.073569,0.9998833
6.074958,0.9996998
6.076347,1.0000782
6.077736,1.0000454
6.079125,1.0004569
6.080514,0.9994757
6.081902,1.0007062
6.083291,1.0002999
6.084680,0.9994945
6.086069,1.0003775
6.087458,1.0000300
6.088847,1.0002437
6.090236,0.9998959
6.091625,1.0004351
6.093013,0.9998694
6.094402,0.9998391
6.095791,1.0003394
6.097180,1.0004803
6.098569,1.0000944
6.099958,1.0004006
6.101347,1.0004835
6.102736,1.0002166
6.104124,0.9999539
6.105513,1.0001780
6.106902,1.0001411
6.108291,0.9997488
6.109680,0.9995672
6.111069,1.0000908
6.112458,1.0000619
6.113847,0.9994348
6.115235,0.9999083
6.116624,1.0000625
6.118013,0.9996556
6.119402,0.9996056
6.120791,0.9999262
6.122180,0.9998311
6.123569,0.9998456
6.124958,0.9995605
6.126346,0.9996457
6.127735,0.9999532
6.129124,1.0000151
6.130513,1.0000105
6.131902,1.0001557
6.133291,0.9997461
6.134680,0.9997329
6.136069,0.9999662
6.137457,0.9996748
6.138846,1.0001397
6.140235,1.0000300
6.141624,0.9996249
6.143013,1.0006863
6.144402,1.0001134
6.145791,1.0000627
6.147180,0.9996647
6.148568,1.0003868
6.149957,0.9998025
6.151346,0.9996414
6.152735,0.9999902
6.154124,1.0000540
6.155513,0.9996516
6.156902,1.0000973
6.158290,0.9999341
6.159679,0.9992989
6.161068,0.9999821
6.162457,0.9996489
6.163846,0.9993291
6.165235,1.0001289
6.166624,1.0002935
6.168013,0.9998206
6.169401,0.9998153
6.170790,1.0000682
6.172179,0.9996388
6.173568,0.9999763
6.174957,1.0001672
6.176346,1.0000118
6.177735,1.0002800
6.179124,0.9999218
6.180512,0.9997210
6.181901,1.0000810
6.183290,1.0006073
6.184679,0.9999731
6.186068,1.0000759
6.187457,0.9999527
6.188846,1.0002825
6.190235,0.9998353
6.191623,1.0000458
6.193012,0.9996276
6.194401,0.9995609
6.195790,1.0003130
6.197179,0.9994965
6.198568,1.0003040
6.199957,1.0003307
6.201346,1.0000398
6.202734,1.0004584
6.204123,0.9999286
6.205512,0.9995680
6.206901,0.9998647
6.208290,1.0000481
6.209679,1.0004571
6.211068,1.0002140
6.212457,0.9998575
6.213845,0.9992887
6.215234,1.0001180
6.216623,0.9996747
6.218012,1.0005303
6.219401,1.0000134
6.220790,0.9998533
6.222179,1.0002246
6.223567,0.9992451
6.224956,0.9997523
6.226345,0.9998399
6.227734,1.0002159
6.229123,0.9999297
6.230512,1.0001980
6.231901,1.0003753
6.233290,1.0000266
6.234678,1.0004999
6.236067,0.9999780
6.237456,0.9995939
6.238845,0.9995156
6.240234,1.0000504
6.241623,0.9997883
6.243012,0.9999826
6.244401,0.9996153
6.245789,1.0003689
6.247178,0.9999838
6.248567,0.9994176
6.249956,1.0000314
6.251345,1.0003508
6.252734,0.9994964
6.254123,1.0000641
6.255512,0.9998859
6.256900,1.0005184
6.258289,1.0001532
6.259678,0.9998829
6.261067,0.9999154
6.262456,0.9999981
6.263845,0.9999751
6.265234,1.0002055
6.266623,0.9999282
6.268011,0.9998683
6.269400,0.9999859
6.270789,0.9999952
6.272178,0.9996780
6.273567,1.0003216
6.274956,0.9994897
6.276345,1.0004936
6.277734,1.0001235
6.279122,1.0002252
6.280511,1.0002349
6.281900,1.0002105
6.283289,1.0000966
6.284678,1.0007812
6.286067,1.0001079
6.287456,1.0000418
6.288844,0.9998137
6.290233,0.9999657
6.291622,1.0002087
6.293011,0.9993403
6.294400,0.9997369
6.295789,0.9997907
6.297178,0.9998082
6.298567,0.9999591
6.299955,1.0000224
6.301344,0.9998702
6.302733,0.9994961
6.304122,1.0006385
6.305511,1.0001001
6.306900,0.9999566
6.308289,1.0000785
6.309678,0.9999552
6.311066,1.0004521
6.312455,1.0000170
6.313844,1.0001427
6.315233,1.0003356
6.316622,1.0002889
6.318011,1.0007067
6.319400,0.9997372
6.320789,0.9996874
6.322177,0.9998212
6.323566,1.0004298
6.324955,1.0001040
6.326344,1.0001846
6.327733,0.9998384
6.329122,1.0005346
6.330511,1.0005652
6.331900,1.0003400
6.333288,1.0000465
6.334677,1.0003619
6.336066,1.0005250
6.337455,1.0003115
6.338844,0.9997966
6.340233,1.0001454
6.341622,1.0001641
6.343011,1.0004016
6.344399,1.0000089
6.345788,1.0000614
6.347177,1.0004022
6.348566,1.0007046
6.349955,1.0002992
6.351344,1.0003462
6.352733,1.0000806
6.354121,1.0004935
6.355510,1.0000898
6.356899,1.0002144
6.358288,1.0001513
6.359677,0.9999005
6.361066,1.0004198
6.362455,0.9999606
6.363844,1.0005470
6.365232,1.0005432
6.366621,1.0005497
6.368010,0.9999579
6.369399,1.0000238
6.370788,1.0004000
6.372177,1.0005109
6.373566,1.0001132
6.374955,0.9995807
6.376343,0.9999979
6.377732,0.9996840
6.379121,0.9999700
6.380510,0.9997179
6.381899,0.9998040
6.383288,1.0010475
6.384677,0.9999629
6.386066,1.0000867
6.387454,1.0000286
6.388843,0.9998749
6.390232,0.9998984
6.391621,1.0001980
6.393010,0.9997882
6.394399,0.9998421
6.395788,0.9995206
6.397177,0.9996050
6.398565,1.0005373
6.399954,1.0001479
6.401343,1.0001421
6.402732,0.9997717
6.404121,0.9997537
6.405510,0.9997331
6.406899,1.0002974
6.408288,1.0001396
6.409676,1.0000406
6.411065,1.0006399
6.412454,1.0003984
6.413843,0.9998773
6.415232,0.9992269
6.416621,1.0002740
6.418010,0.9998238
6.419398,0.9996962
6.420787,0.9996931
6.422176,0.9995490
6.423565,0.9992557
6.424954,0.9998930
6.426343,1.0001727
6.427732,0.9997174
6.429121,0.9995455
6.430509,1.0004230
6.431898,1.0002177
6.433287,1.0000253
6.434676,1.0002014
6.436065,1.0003879
6.437454,0.9996128
6.438843,0.9995993
6.440232,1.0000260
6.441620,1.0004344
6.443009,1.0002527
6.444398,1.0009808
6.445787,0.9988290
6.447176,1.0000284
6.448565,1.0003528
6.449954,1.0000056
6.451343,1.0000006
6.452731,1.0001053
6.454120,1.0001032
6.455509,0.9995894
6.456898,0.9997115
6.458287,0.9994540
6.459676,0.9990284
6.461065,0.9993941
6.462454,0.9990751
6.463842,0.9996437
6.465231,0.9997726
6.466620,0.9997286
6.468009,1.0001445
6.683284,0.9998327
6.684673,1.0007341
6.686062,1.0003680
6.687451,0.9995046
6.688840,1.0004474
6.690229,0.9997831
6.691617,0.9996913
6.693006,0.9998961
6.694395,0.9997842
6.695784,0.9996888
6.697173,1.0001740
6.698562,1.0008532
6.699951,0.9997423
6.701339,0.9999744
6.702728,0.9998212
6.704117,1.0002286
6.705506,1.0005665
6.706895,0.9995065
6.708284,1.0001599
6.709673,0.9998607
6.711062,1.0004878
6.712450,0.9997980
6.713839,0.9999456
6.715228,1.0003685
6.716617,0.9999427
6.718006,0.9999951
6.719395,1.0002054
6.720784,1.0000173
6.722173,1.0002907
6.723561,1.0004820
6.724950,0.9992016
6.726339,1.0007081
6.727728,0.9998322
6.729117,1.0005475
6.730506,0.9997885
6.731895,1.0001909
6.733284,0.9996223
6.734672,1.0001663
6.736061,0.9997278
6.737450,1.0002477
6.738839,1.0001917
6.740228,0.9998885
6.741617,1.0002743
6.743006,0.9999498
6.744395,1.0000189
6.745783,0.9999154
6.747172,0.9999427
6.748561,0.9997876
6.749950,1.0003603
6.751339,1.0002620
6.752728,1.0006023
6.754117,0.9999614
6.755505,1.0001009
6.756894,1.0000124
6.758283,0.9995446
6.759672,1.0003844
6.761061,1.0001178
6.762450,1.0006354
6.763839,1.0004690
6.765228,0.9998968
6.766616,0.9995500
6.768005,1.0003036
6.769394,1.0000490
6.770783,1.0001295
6.772172,1.0005307
6.773561,0.9996591
6.774950,0.9997850
6.776339,1.0003771
6.777727,1.0003390
6.779116,1.0001245
6.780505,1.0004023
6.781894,0.9999049
6.783283,1.0000704
6.784672,0.9997435
6.786061,1.0002201
6.787450,0.9998173
6.788838,0.9997317
6.790227,0.9998021
6.791616,0.9997043
6.793005,0.9998266
6.794394,0.9998834
6.795783,1.0004152
6.797172,1.0000788
6.798561,1.0000645
6.799949,1.0001312
6.801338,0.9998096
6.802727,1.0005811
6.804116,1.0001432
6.805505,0.9996226
6.806894,0.9996851
6.808283,0.9996324
6.809671,1.0006276
6.811060,0.9997614
6.812449,1.0001992
6.813838,1.0004863
6.815227,1.0000250
6.816616,0.9996457
6.818005,0.9997731
6.819394,1.0000636
6.820782,0.9997341
6.822171,0.9996384
6.823560,0.9995092
6.824949,0.9992378
6.826338,0.9991129
6.827727,1.0000150
6.829116,0.9998671
6.830505,1.0001767
6.831893,0.9999913
6.833282,0.9996419
6.834671,0.9998619
6.836060,1.0000228
6.837449,0.9997728
6.838838,0.9996447
6.840227,1.0003052
6.841616,0.9998085
6.843004,0.9999065
6.844393,0.9996468
6.845782,1.0002208
6.847171,0.9998287
6.848560,1.0002702
6.849949,1.0000362
6.851338,1.0001860
6.852726,0.9992372
6.854115,1.0002287
6.855504,0.9997747
6.856893,0.9995842
6.858282,0.9999425
6.859671,0.9996362
6.861060,1.0003736
6.862449,0.9995779
6.863837,1.0002463
6.865226,1.0002911
6.866615,1.0000494
6.868004,0.9996980
6.869393,1.0001823
6.870782,1.0001107
6.872171,0.9992206
6.873560,0.9994038
6.874948,1.0002710
6.876337,1.0001871
6.877726,1.0001274
6.879115,0.9997546
6.880504,0.9995896
6.881893,0.9998461
6.883282,1.0000876
6.884671,1.0000509
6.886059,0.9995511
6.887448,0.9993470
6.888837,0.9998737
6.890226,0.9998183
6.891615,0.9999106
6.893004,1.0004001
6.894393,1.0000934
6.895782,0.9997312
6.897170,1.0000132
6.898559,1.0004802
6.899948,0.9998380
6.901337,1.0001779
6.902726,1.0002871
6.904115,0.9994964
6.905504,0.9998979
6.906892,0.9999215
6.908281,0.9996057
6.909670,0.9999499
6.911059,0.9999829
6.912448,0.9999370
6.913837,1.0001928
6.915226,0.9995885
6.916615,0.9997963
6.918003,0.9998759
6.919392,0.9999105
6.920781,1.0000043
6.922170,1.0001528
6.923559,0.9998774
6.924948,0.9999691
6.926337,1.0000255
6.927726,0.9995333
6.929114,0.9998785
6.930503,1.0006123
6.931892,0.9997846
6.933281,0.9998330
6.934670,0.9997775
6.936059,0.9995962
6.937448,0.9999721
6.938837,1.0003526
6.940225,0.9997944
6.941614,0.9997046
6.943003,1.0001398
6.944392,0.9998914
6.945781,1.0004336
6.947170,0.9998200
6.948559,0.9999507
6.949947,0.9999950
6.951336,1.0005663
6.952725,0.9998484
6.954114,1.0001880
6.955503,1.0001099
6.956892,0.9997121
6.958281,0.9994398
6.959670,1.0002260
6.961058,0.9995895
6.962447,0.9998723
6.963836,0.9992784
6.965225,0.9995594
6.966614,1.0001177
6.968003,0.9998698
6.969392,1.0002447
6.970781,0.9998787
6.972169,0.9998339
6.973558,0.9997457
6.974947,1.0000018
6.976336,1.0000205
6.977725,1.0004298
6.979114,0.9999195
6.980503,0.9994251
6.981892,1.0000196
6.983280,1.0005205
6.984669,1.0004224
6.986058,0.9992017
6.987447,0.9998593
6.988836,1.0002525
6.990225,0.9998063
6.991614,1.0004210
6.993002,1.0001888
6.994391,0.9997047
6.995780,0.9996708
6.997169,1.0003648
6.998558,0.9996224
6.999947,1.0003420
7.001336,1.0007113
7.002725,1.0002105
7.004113,1.0001041
7.005502,0.9997669
7.006891,1.0001016
7.008280,1.0002451
7.009669,1.0003047
7.011058,0.9995384
7.012447,1.0002374
7.013836,0.9998656
7.015224,1.0001574
7.016613,1.0001592
7.018002,0.9997780
7.019391,0.9999437
7.020780,0.9998799
7.022169,0.9997635
7.023558,1.0000057
7.024947,1.0000962
7.026335,1.0002192
7.027724,0.9995516
7.029113,1.0002615
7.030502,0.9998294
7.031891,1.0000155
7.033280,1.0003379
7.034669,1.0000116
7.036058,0.9993415
7.037446,1.0004038
7.038835,0.9997533
7.040224,1.0002540
7.041613,0.9998832
7.043002,1.0000396
7.044391,1.0001744
7.045780,1.0003156
7.047168,1.0000759
7.048557,1.0002505
7.049946,1.0001421
7.051335,0.9996713
7.052724,1.0004868
7.054113,1.0000787
7.055502,1.0000526
7.056891,1.0009518
7.058279,0.9997735
7.059668,0.9998410
7.061057,1.0004871
7.062446,0.9998592
7.063835,1.0005319
7.065224,0.9998699
7.066613,1.0001371
7.068002,1.0001463
7.069390,1.0002484
7.070779,1.0000458
7.072168,1.0001850
7.073557,0.9998316
7.074946,1.0001298
7.076335,0.9998542
7.077724,0.9999952
7.079113,1.0000375
7.080501,0.9998155
7.081890,0.9997958
7.083279,0.9997462
7.084668,1.0003321
7.086057,1.0001916
7.087446,1.0001143
7.088835,0.9993753
7.090223,1.0003241
7.091612,0.9996791
7.093001,1.0003410
7.094390,1.0006700
7.095779,1.0001163
7.097168,0.9999457
7.098557,0.9998148
7.099946,1.0002555
7.101334,0.9999202
7.102723,1.0002752
7.104112,1.0002492
7.105501,1.0005374
7.106890,0.9998203
7.108279,1.0002878
7.109668,0.9998938
7.111057,1.0005221
7.112445,0.9997114
7.113834,1.0002340
7.115223,0.9996888
7.116612,0.9998831
7.118001,1.0003909
7.119390,1.0000622
7.120779,0.9999332
7.122168,0.9997585
7.123556,0.9996419
7.124945,0.9999260
7.126334,1.0001047
7.127723,1.0000822
7.129112,0.9999506
7.130501,1.0002561
7.131890,1.0000107
7.133278,0.9999227
7.134667,1.0004816
7.136056,0.9996104
7.137445,0.9997877
7.138834,0.9998046
7.140223,0.9998158
7.141612,1.0000684
7.143001,1.0001992
7.144389,0.9995289
7.145778,0.9998470
7.147167,1.0001265
7.148556,0.9996538
7.149945,1.0002427
7.151334,1.0002210
7.152723,0.9999224
7.154112,1.0006387
7.155500,1.0005636
7.156889,1.0000953
7.158278,0.9999227
7.159667,1.0007729
7.161056,0.9998767
7.162445,1.0000205
7.163834,1.0000891
7.165223,1.0005110
7.166611,1.0002424
7.168000,0.9997550
7.169389,1.0003223
7.170778,1.0004349
7.172167,1.0000568
7.173556,1.0002297
7.174945,1.0001992
7.176333,0.9998157
7.177722,0.9994801
7.179111,1.0000429
7.180500,1.0000774
7.181889,0.9994156
7.183278,1.0001662
7.184667,1.0001247
7.186056,0.9997887
7.187444,0.9999334
7.188833,0.9997876
7.190222,0.9993924
7.191611,1.0000463
7.193000,1.0001208
7.194389,0.9996909
7.195778,0.9997175
7.197167,1.0000249
7.198555,0.9995205
7.199944,1.0000764
7.201333,0.9999270
7.202722,0.9997991
7.204111,1.0002366
7.205500,1.0001932
7.206889,1.0005678
7.208278,0.9999238
7.209666,1.0000722
7.211055,1.0002810
7.212444,1.0002976
7.213833,0.9997988
7.215222,0.9997832
7.216611,0.9999658
7.218000,0.9995584
7.219388,0.9999657
7.220777,1.0003833
7.222166,1.0000197
7.223555,0.9999442
7.224944,0.9994200
7.226333,1.0000718
7.227722,1.0002369
7.229111,0.9999668
7.230499,1.0002036
7.231888,1.0001278
7.233277,0.9997022
7.234666,0.9994619
7.236055,1.0002086
7.237444,0.9999872
7.238833,0.9999981
7.240222,1.0001449
7.241610,0.9998173
7.242999,1.0004823
7.244388,1.0003342
7.245777,0.9996316
7.247166,1.0002610
7.248555,1.0005675
7.249944,0.9998904
7.251333,0.9995885
7.252721,0.9996492
7.254110,0.9998809
7.255499,0.9999556
7.256888,1.0000204
7.258277,0.9999291
7.259666,1.0002690
7.261055,1.0002394
7.262443,0.9998384
7.263832,1.0002852
7.265221,0.9996714
7.266610,0.9997725
7.267999,1.0000532
7.269388,1.0005475
7.270777,1.0000186
7.272166,0.9997917
7.273554,1.0000968
7.274943,0.9995409
7.276332,0.9997677
7.277721,0.9997328
7.279110,1.0004014
7.280499,1.0002181
7.281888,0.9999301
7.283277,1.0007868
7.284665,0.9999523
7.286054,1.0001965
7.287443,0.9998679
7.288832,1.0005070
7.290221,0.9998997
7.291610,0.9996798
7.292999,0.9999281
7.294387,0.9995817
7.295776,1.0003298
7.297165,0.9998580
7.298554,0.9999452
7.299943,1.0001274
7.301332,1.0002497
7.302721,0.9999780
7.304110,0.9997493
7.305498,1.0003140
7.306887,0.9998111
7.308276,1.0002592
7.309665,1.0005340
7.311054,0.9992363
7.312443,1.0003065
7.313832,1.0002518
7.315221,0.9999707
7.316609,0.9995499
7.317998,1.0002173
7.319387,0.9998384
7.320776,1.0002210
7.322165,1.0003430
7.323554,0.9998237
7.324943,1.0001217
7.326332,1.0006584
7.327720,0.9999882
7.329109,0.9998212
7.330498,0.9999667
7.331887,1.0000325
7.333276,0.9997759
7.334665,0.9996626
7.336054,1.0003479
7.337442,1.0001142
7.338831,0.9999166
7.340220,0.9995792
7.341609,1.0000039
7.342998,0.9994336
7.344387,1.0002969
7.345776,1.0000135
7.347165,1.0002637
7.348553,1.0004627
7.349942,1.0002194
7.351331,0.9996379
7.352720,0.9998159
7.354109,0.9998329
7.355498,1.0001144
7.356887,1.0002270
7.358276,0.9996188
7.359664,0.9997328
7.361053,0.9999377
7.362442,1.0006153
7.363831,1.0001209
7.365220,0.9997670
7.366609,1.0001535
7.367998,1.0000054
7.369387,1.0001079
7.370775,0.9997359
7.372164,1.0002087
7.373553,1.0001564
7.374942,0.9998535
7.376331,1.0002330
7.377720,1.0001370
7.379109,1.0001650
7.380497,1.0002170
7.381886,0.9998740
7.383275,0.9995444
7.384664,1.0002876
7.386053,1.0001898
7.387442,1.0006225
7.388831,0.9997976
7.390220,0.9998759
7.391608,0.9997954
7.392997,1.0002660
7.394386,0.9998653
7.395775,0.9999809
7.397164,1.0002959
7.398553,0.9995458
7.399942,0.9996371
7.401331,0.9997718
7.402719,1.0003244
7.404108,0.9994530
7.405497,0.9998571
7.406886,0.9993240
7.408275,1.0005989
7.409664,0.9999185
7.411053,0.9997170
7.412442,0.9999218
7.413830,0.9994220
7.415219,1.0002980
7.416608,1.0001730
7.417997,1.0003882
7.419386,0.9995024
7.420775,1.0003022
7.422164,0.9998540
7.423552,0.9998725
7.424941,0.9996487
7.426330,0.9997762
7.427719,1.0004907
7.429108,1.0006441
7.430497,0.9998575
7.431886,0.9998610
7.433275,0.9995261
7.434663,0.9994473
7.436052,1.0000385
7.437441,1.0003104
7.438830,1.0001075
7.440219,0.9998845
7.441608,1.0000690
7.442997,0.9997779
7.444386,0.9998365
7.445774,0.9997257
7.447163,0.9997723
7.448552,0.9999470
7.449941,1.0001789
7.451330,0.9999269
7.452719,0.9999247
7.454108,0.9997065
7.455496,1.0000173
7.456885,1.0003266
7.458274,0.9997430
7.459663,1.0002188
7.461052,1.0003069
7.462441,0.9998726
7.463830,0.9999212
7.465219,1.0003373
7.466607,1.0005411
7.467996,0.9995364
7.469385,0.9999932
7.470774,0.9999673
7.472163,0.9999381
7.473552,0.9998421
7.474941,1.0011000
7.476330,1.0000868
7.477718,0.9999145
7.479107,1.0002095
7.480496,0.9998371
7.481885,1.0000541
7.483274,0.9998880
7.484663,1.0000204
7.486052,1.0000665
7.487441,0.9996588
7.488829,0.9999797
7.490218,1.0000515
7.491607,0.9999113
7.492996,1.0000804
7.494385,1.0001050
7.495774,1.0006428
7.497163,1.0005637
7.498551,0.9993282
7.499940,0.9996158
7.501329,0.9999385
7.502718,0.9995876
7.504107,0.9996006
7.505496,0.9999705
7.506885,1.0000244
7.508274,1.0001869
7.509662,1.0000668
7.511051,1.0000096
7.512440,0.9998228
7.513829,1.0001513
7.515218,0.9998979
7.516607,1.0001932
7.517996,1.0004635
7.519385,0.9997350
7.520773,0.9997153
7.522162,0.9999591
7.523551,1.0003297
7.524940,1.0000518
7.526329,1.0001425
7.527718,1.0003042
7.529107,0.9999611
7.530495,0.9995362
7.531884,0.9997378
7.533273,1.0000817
7.534662,0.9998639
7.536051,0.9995790
7.537440,1.0000328
7.538829,0.9996551
7.540218,1.0011751
7.541606,0.9994559
7.542995,0.9997353
7.544384,0.9993709
7.545773,1.0003419
7.547162,1.0003505
7.548551,1.0001153
7.549940,0.9998322
7.551329,0.9994117
7.552717,0.9995548
7.554106,0.9994630
7.555495,1.0004167
7.556884,1.0000793
7.558273,1.0003869
7.559662,0.9999495
7.561051,0.9997244
7.562440,1.0002192
7.563828,0.9999048
7.565217,0.9998351
7.566606,1.0001010
7.567995,0.9999949
7.569384,0.9996916
7.570773,0.9999321
7.572162,0.9997040
7.573550,1.0000258
7.574939,0.9996578
7.576328,1.0000736
7.577717,1.0003465
7.579106,1.0003251
7.580495,0.9998721
7.581884,0.9994128
7.583273,0.9995408
7.584661,1.0005456
7.586050,1.0000030
7.587439,1.0007991
7.588828,1.0001235
7.590217,1.0001679
7.591606,1.0000346
7.592995,0.9998414
7.594384,0.9999636
7.595772,0.9994468
7.597161,0.9997374
7.598550,0.9998806
7.599939,1.0000257
7.601328,1.0000240
7.602717,0.9997388
7.604106,1.0000792
7.605494,1.0001122
7.606883,0.9999819
7.608272,1.0001806
7.609661,0.9999258
7.611050,1.0002094
7.612439,0.9995881
7.613828,0.9996869
7.615217,0.9999239
7.616605,0.9999002
7.617994,1.0000252
7.619383,0.9999176
7.620772,0.9994373
7.622161,1.0003566
7.623550,1.0000835
7.624939,0.9997632
7.626328,0.9993509
7.627716,1.0003191
7.629105,1.0008222
7.630494,0.9999613
7.631883,0.9997772
7.633272,0.9997159
7.634661,0.9998794
7.636050,0.9999542
7.637439,0.9997568
7.638827,1.0000620
7.640216,0.9994775
7.641605,0.9994493
7.642994,1.0003602
7.644383,1.0000998
7.645772,0.9997530
7.647161,0.9995853
7.648549,1.0003256
7.649938,0.9998156
7.651327,0.9997593
7.652716,0.9995281
7.654105,0.9998773
7.655494,0.9999708
7.656883,1.0002081
7.658272,1.0000320
7.659660,1.0001821
7.661049,1.0002456
7.662438,1.0000745
7.663827,0.9998158
7.665216,1.0002937
7.666605,0.9999114
7.667994,1.0001185
7.669383,1.0005859
7.670771,1.0001402
7.672160,1.0000088
7.673549,1.0000328
7.674938,1.0001862
7.676327,1.0006480
7.677716,1.0002784
7.679105,1.0003568
7.680493,1.0000220
7.681882,0.9996272
7.683271,1.0001118
7.684660,1.0003078
7.686049,1.0004867
7.687438,1.0002410
7.688827,0.9999263
7.690216,0.9998693
7.691604,1.0000974
7.692993,1.0000492
7.694382,1.0000732
7.695771,0.9997202
7.697160,0.9999088
7.698549,1.0001371
7.699938,0.9999832
7.701327,0.9998231
7.702715,1.0002338
7.704104,1.0001584
7.705493,0.9997847
7.706882,1.0000417
7.708271,1.0001871
7.709660,1.0000504
7.711049,1.0001347
7.712438,0.9995291
7.713826,1.0001370
7.715215,1.0001063
7.716604,1.0006915
7.717993,0.9997277
7.719382,1.0004337
7.720771,1.0003760
7.722160,1.0002803
7.723548,1.0000711
7.724937,1.0002706
7.726326,1.0002648
7.727715,1.0000100
7.729104,0.9996514
7.730493,1.0001943
7.731882,0.9999965
7.733271,1.0000547
7.734659,0.9997234
7.736048,0.9999185
7.737437,1.0001084
7.738826,0.9999860
7.740215,1.0000964
7.741604,0.9999744
7.742993,1.0001227
7.744382,0.9999857
7.745770,0.9997884
7.747159,1.0001180
7.748548,1.0000306
7.749937,1.0000426
7.751326,1.0004061
7.752715,0.9999402
7.754104,0.9996483
7.755492,1.0000092
7.756881,1.0000264
7.758270,0.9999031
7.759659,0.9998631
7.761048,0.9997388
7.762437,1.0000552
7.763826,0.9999230
7.765215,0.9995011
7.766603,0.9996647
7.767992,1.0001281
7.769381,0.9999286
7.770770,1.0002034
7.772159,0.9996325
7.773548,0.9999514
7.774937,0.9998265
7.776326,1.0006421
7.777714,0.9999006
7.779103,1.0001639
7.780492,1.0002406
7.781881,0.9993792
7.783270,1.0000187
7.784659,0.9996277
7.786048,1.0006611
7.787436,1.0002323
7.788825,0.9999787
7.790214,0.9998476
7.791603,0.9998467
7.792992,1.0004836
7.794381,0.9999698
7.795770,1.0000841
7.797159,0.9997969
7.798547,1.0004409
7.799936,1.0001726
7.801325,0.9999549
7.802714,1.0009941
7.804103,1.0002438
7.805492,1.0001027
7.806881,1.0005403
7.808270,1.0001329
7.809658,1.0004355
7.811047,0.9997275
7.812436,1.0002768
7.813825,1.0001121
7.815214,1.0003045
7.816603,1.0004734
7.817992,0.9994225
7.819380,1.0001604
7.820769,0.9995277
7.822158,0.9997673
7.823547,0.9999300
7.824936,0.9996669
7.826325,1.0000172
7.827714,0.9999307
7.829103,1.0004533
7.830491,0.9997082
7.831880,0.9997497
7.833269,1.0000684
7.834658,0.9994495
7.836047,0.9996469
7.837436,0.9996676
7.838825,1.0000330
7.840214,1.0002265
7.841602,0.9999163
7.842991,1.0009913
7.844380,0.9996475
7.845769,1.0000428
7.847158,0.9997667
7.848547,0.9998446
7.849936,1.0000747
7.851325,0.9999560
7.852713,1.0000083
7.854102,1.0004219
7.855491,1.0003137
7.856880,1.0002445
7.858269,1.0001855
7.859658,0.9997764
7.861047,1.0004360
7.862435,0.9996877
7.863824,1.0006388
7.865213,0.9995147
7.866602,1.0004872
7.867991,0.9998100
7.869380,0.9995639
7.870769,0.9998375
7.872158,1.0001010
7.873546,0.9997905
7.874935,1.0000959
7.876324,0.9998601
7.877713,0.9997698
7.879102,0.9997319
7.880491,1.0001020
7.881880,0.9999412
7.883269,0.9997225
7.884657,1.0004181
7.886046,0.9999807
7.887435,0.9993732
7.888824,1.0003369
7.890213,0.9996076
7.891602,1.0006803
7.892991,1.0001325
7.894379,1.0003080
7.895768,1.0001060
7.897157,0.9999337
7.898546,0.9999523
7.899935,1.0005043
7.901324,1.0012118
7.902713,0.9996339
7.904102,0.9999833
7.905490,0.9996798
7.906879,1.0002463
7.908268,1.0007966
7.909657,0.9998186
7.911046,0.9997791
7.912435,0.9994796
7.913824,1.0000302
7.915213,1.0005179
7.916601,1.0003665
7.917990,0.9995074
7.919379,1.0000886
7.920768,1.0002631
7.922157,1.0006151
7.923546,0.9996438
7.924935,1.0002703
7.926323,0.9998827
7.927712,1.0000323
7.929101,0.9999601
7.930490,0.9999608
7.931879,1.0004981
7.933268,0.9999747
7.934657,0.9998232
7.936046,1.0000045
7.937434,0.9998737
7.938823,1.0000665
7.940212,1.0001728
7.941601,1.0001795
7.942990,0.9997922
7.944379,1.0000108
7.945768,1.0004820
7.947157,1.0001187
7.948545,0.9997527
7.949934,1.0001009
7.951323,1.0003665
7.952712,0.9998203
7.954101,0.9996168
7.955490,1.0000883
7.956879,0.9993871
7.958267,1.0004444
7.959656,0.9997461
7.961045,1.0001803
7.962434,0.9997751
7.963823,1.0002420
7.965212,0.9995043
7.966601,1.0003474
7.967990,1.0000878
7.969378,1.0001718
7.970767,0.9999148
7.972156,1.0001098
7.973545,0.9998789
7.974934,0.9999351
7.976323,0.9996757
7.977712,0.9995543
7.979101,0.9998061
7.980489,0.9999471
7.981878,0.9999802
7.983267,0.9997363
7.984656,1.0002126
7.986045,0.9994170
7.987434,1.0003110
7.988823,0.9995210
7.990211,1.0002506
7.991600,0.9994887
7.992989,1.0002697
7.994378,1.0003906
7.995767,1.0002462
7.997156,1.0000279
7.998545,0.9996358
7.999934,0.9995343
8.001322,1.0004391
8.002711,1.0002873
8.004100,0.9997678
8.005489,0.9993425
8.006878,1.0002544
8.008267,1.0003600
8.009656,1.0001600
8.011045,0.9998261
8.012433,1.0000398
8.013822,1.0004279
8.015211,1.0002132
8.016600,1.0000307
8.017989,1.0001600
8.019378,0.9995662
8.020767,0.9998861
8.022155,1.0002350
8.023544,1.0001537
8.024933,1.0003952
8.026322,1.0001689
8.027711,1.0002687
8.029100,1.0003869
8.030489,1.0000858
8.031878,0.9996771
8.033266,1.0000503
8.034655,0.9999896
8.036044,0.9997669
8.037433,1.0000236
8.038822,0.9996121
8.040211,0.9999760
8.041600,1.0001308
8.042989,0.9996276
8.044377,0.9995107
8.045766,0.9994443
8.047155,0.9999868
8.048544,0.9999861
8.049933,0.9998437
8.051322,0.9999141
8.052711,0.9999312
8.054099,0.9999134
8.055488,1.0001516
8.056877,0.9999180
8.058266,1.0004321
8.059655,1.0001373
8.061044,1.0000292
8.062433,0.9996073
8.063822,0.9998735
8.065210,0.9994973
8.066599,1.0002286
8.067988,1.0004745
8.069377,0.9998563
8.070766,1.0006457
8.072155,0.9999549
8.073544,1.0000023
8.074933,1.0002427
8.076321,1.0000812
8.077710,1.0002452
8.079099,1.0003695
8.080488,0.9997661
8.081877,1.0003488
8.083266,0.9993423
8.084655,1.0003647
8.086043,1.0002403
8.087432,1.0003520
8.088821,1.0002345
8.090210,1.0004224
8.091599,1.0003081
8.092988,1.0006993
8.094377,0.9996984
8.095766,1.0001108
8.097154,0.9999881
8.098543,0.9995965
8.099932,0.9997159
8.101321,0.9998613
8.102710,0.9999686
8.104099,1.0004167
8.105488,1.0005424
8.106877,0.9998796
8.108265,1.0005776
8.109654,0.9999763
8.111043,0.9999602
8.112432,0.9997025
8.113821,0.9995641
8.115210,1.0000702
8.116599,0.9996004
8.117987,0.9998489
8.119376,0.9998793
8.120765,0.9998088
8.122154,0.9996875
8.123543,0.9996181
8.124932,1.0001335
8.126321,1.0001062
8.127710,1.0002587
8.129098,1.0000198
8.130487,1.0004288
8.131876,1.0004724
8.133265,1.0003853
8.134654,1.0003861
8.136043,1.0000009
8.137432,1.0003702
8.138821,1.0001388
8.140209,0.9994757
8.141598,1.0000190
8.142987,0.9997350
8.144376,0.9996557
8.145765,0.9995792
8.147154,1.0003019
8.148543,1.0003996
8.149931,1.0001679
8.151320,0.9998892
8.152709,1.0003136
8.154098,1.0001956
8.155487,1.0000596
8.156876,0.9997544
8.158265,1.0003534
8.159654,1.0000662
8.161042,0.9993688
8.162431,0.9993440
8.163820,0.9999587
8.165209,0.9997309
8.166598,0.9999589
8.167987,1.0005960
8.169376,0.9998338
8.170765,0.9998070
8.172153,1.0002889
8.173542,1.0003543
8.174931,0.9998058
8.176320,0.9999880
8.177709,0.9997311
8.179098,1.0002211
8.180487,0.9998796
8.181875,0.9999120
8.183264,0.9996775
8.184653,1.0003471
8.186042,0.9996693
8.187431,0.9998274
8.188820,0.9994559
8.190209,1.0002294
8.191598,0.9998113
8.192986,1.0003875
8.194375,1.0001446
8.195764,1.0002759
8.197153,0.9997517
8.198542,0.9995633
8.199931,0.9996085
8.201320,1.0004053
8.202709,0.9998714
8.204097,0.9996574
8.205486,0.9997788
8.206875,1.0000704
8.208264,1.0002889
8.209653,1.0000648
8.211042,0.9995783
8.212431,0.9998409
8.213819,0.9997725
8.215208,0.9999828
8.216597,0.9998292
8.217986,0.9996714
8.219375,0.9999291
8.220764,0.9993337
8.222153,1.0007027
8.223542,1.0002463
8.224930,0.9998300
8.226319,0.9996523
8.227708,1.0003111
8.229097,1.0001171
8.230486,1.0003689
8.231875,1.0003731
8.233264,0.9998161
8.234653,1.0002378
8.236041,1.0002921
8.237430,0.9997186
8.238819,1.0006852
8.240208,0.9998469
8.241597,0.9995443
8.242986,1.0003307
8.244375,1.0000248
8.245763,1.0001589
8.247152,0.9999877
8.248541,0.9997396
8.249930,1.0005051
8.251319,1.0001293
8.252708,1.0001034
8.254097,0.9998458
8.255486,0.9998829
8.256874,0.9999165
8.258263,0.9997424
8.259652,0.9996635
8.261041,1.0001484
8.262430,1.0004001
8.263819,1.0000934
8.265208,0.9999299
8.266597,1.0000904
8.267985,1.0001811
8.269374,1.0000137
8.270763,0.9996381
8.272152,0.9998289
8.273541,1.0000844
8.274930,0.9998455
8.276319,0.9993479
8.277707,1.0004299
8.279096,0.9997335
8.280485,0.9996259
8.281874,0.9999519
8.283263,0.9998321
8.284652,0.9998328
8.286041,1.0000113
8.287430,0.9995184
8.288818,0.9994989
8.290207,1.0000704
8.291596,0.9997955
8.292985,1.0000327
8.294374,0.9994979
8.295763,0.9999320
8.297152,1.0002056
8.298541,0.9993246
8.299929,0.9997982
8.301318,1.0000872
8.302707,1.0000340
8.304096,0.9996545
8.305485,1.0003085
8.306874,0.9998781
8.308263,0.9999291
8.309651,1.0003281
8.311040,1.0004672
8.312429,0.9999903
8.313818,0.9997679
8.315207,0.9998832
8.316596,1.0000177
8.317985,0.9999197
8.319374,0.9996051
8.320762,0.9999182
8.322151,1.0000437
8.323540,1.0002506
8.324929,1.0000838
8.326318,1.0000943
8.327707,1.0003604
8.329096,1.0002889
8.330485,0.9995154
8.331873,0.9998709
8.333262,1.0003310
8.334651,1.0000804
8.336040,0.9995628
8.337429,0.9999134
8.338818,0.9996413
8.340207,0.9999053
8.341595,1.0002659
8.342984,0.9997820
8.344373,0.9997716
8.345762,0.9999890
8.347151,1.0000618
8.348540,0.9997225
8.349929,0.9998603
8.351318,0.9999825
8.352706,1.0001759
8.354095,0.9998774
8.355484,0.9997994
8.356873,1.0001398
8.358262,0.9994174
8.359651,0.9992924
8.361040,1.0000018
8.362428,1.0002564
8.363817,1.0002735
8.365206,0.9996528
8.366595,1.0000398
8.367984,1.0002039
8.369373,1.0001230
8.370762,1.0005017
8.372151,1.0000313
8.373539,1.0001478
8.374928,0.9998762
8.376317,1.0001425
8.377706,1.0002768
8.379095,0.9999325
8.380484,1.0001479
8.381873,1.0000388
8.383262,0.9997214
8.384650,1.0003470
8.386039,0.9993940
8.387428,1.0002865
8.388817,1.0000715
8.390206,0.9998515
8.391595,1.0000570
8.392984,1.0003682
8.394372,0.9998768
8.395761,1.0001807
8.397150,0.9995052
8.398539,1.0000230
8.399928,0.9999882
8.401317,1.0000683
8.402706,0.9996090
8.404095,0.9999665
8.405483,0.9999359
8.406872,0.9998858
8.408261,1.0002174
8.409650,0.9996343
8.411039,1.0004802
8.412428,1.0003131
8.413817,1.0004993
8.415206,1.0006601
8.416594,0.9997437
8.417983,0.9998765
8.419372,1.0007721
8.420761,1.0007601
8.422150,0.9998874
8.423539,0.9999462
8.424928,0.9999266
8.426316,0.9995666
8.427705,1.0001905
8.429094,0.9994828
8.430483,0.9996111
8.431872,1.0000465
8.433261,0.9999250
8.434650,0.9994688
8.436039,1.0001499
8.437427,0.9997948
8.438816,1.0003282
8.440205,1.0001463
8.441594,1.0002495
8.442983,0.9998767
8.444372,1.0000071
8.445761,0.9998465
8.447150,0.9998894
8.448538,0.9999215
8.449927,1.0003251
8.451316,1.0002065
8.452705,0.9998463
8.454094,0.9992864
8.455483,1.0004323
8.456872,0.9997567
8.458260,0.9997959
8.459649,1.0000639
8.461038,0.9995793
8.462427,1.0000863
8.463816,1.0003896
8.465205,1.0001153
8.466594,1.0004387
8.467983,1.0002984
8.469371,1.0002602
8.470760,1.0003031
8.472149,0.9998664
8.473538,0.9998400
8.474927,1.0003652
8.476316,1.0000293
8.477705,1.0006703
8.479094,0.9997698
8.480482,0.9998232
8.481871,1.0003553
8.483260,1.0005609
8.484649,0.9998290
8.486038,1.0002605
8.487427,0.9998460
8.488816,1.0001595
8.490204,0.9999320
8.491593,1.0000006
8.492982,0.9997420
8.494371,0.9993789
8.495760,1.0003012
8.497149,0.9999130
8.498538,0.9999369
8.499927,1.0002539
8.501315,1.0002804
8.502704,0.9999937
8.504093,0.9999414
8.505482,0.9994808
8.506871,0.9988173
8.508260,0.9981652
8.509649,0.9971911
8.511037,0.9958313
8.512426,0.9947703
8.513815,0.9931632
8.515204,0.9920548
8.516593,0.9911549
8.517982,0.9896306
8.519371,0.9883051
8.520760,0.9879740
8.522148,0.9865060
8.523537,0.9860452
8.524926,0.9860552
8.526315,0.9858803
8.527704,0.9857947
8.529093,0.9854927
8.530482,0.9862333
8.531871,0.9850748
8.533259,0.9853823
8.534648,0.9854951
8.536037,0.9856684
8.537426,0.9853807
8.538815,0.9845313
8.540204,0.9841935
8.541593,0.9848323
8.542981,0.9849310
8.544370,0.9843892
8.545759,0.9843631
8.547148,0.9850946
8.548537,0.9837822
8.549926,0.9844474
8.551315,0.9842884
8.552704,0.9846888
8.554092,0.9841969
8.555481,0.9839915
8.556870,0.9844175
8.558259,0.9842777
8.559648,0.9840694
8.561037,0.9836472
8.562426,0.9840471
8.563815,0.9837182
8.565203,0.9840594
8.566592,0.9837775
8.567981,0.9833173
8.569370,0.9836098
8.570759,0.9842565
8.572148,0.9838901
8.573537,0.9838538
8.574925,0.9835170
8.576314,0.9839017
8.577703,0.9838567
8.579092,0.9835469
8.580481,0.9838095
8.581870,0.9834750
8.583259,0.9841118
8.584648,0.9842504
8.586036,0.9843974
8.587425,0.9848752
8.588814,0.9845433
8.590203,0.9845879
8.591592,0.9846638
8.592981,0.9845759
8.594370,0.9842433
8.595759,0.9841630
8.597147,0.9849611
8.598536,0.9845298
8.599925,0.9847985
8.601314,0.9851281
8.602703,0.9849839
8.604092,0.9856740
8.605481,0.9849267
8.606869,0.9855971
8.608258,0.9857037
8.609647,0.9867987
8.611036,0.9862395
8.612425,0.9868102
8.613814,0.9866341
8.615203,0.9880276
8.616592,0.9886038
8.617980,0.9896007
8.619369,0.9921044
8.620758,0.9920126
8.622147,0.9935842
8.623536,0.9950316
8.624925,0.9959767
8.626314,0.9973129
8.627702,0.9981453
8.629091,0.9992814
8.630480,0.9992856
8.631869,0.9998891
8.633258,1.0000764
8.634647,0.9996667
8.636036,0.9998152
8.637425,1.0006215
8.638813,0.9999409
8.640202,0.9999528
8.641591,1.0002959
8.642980,0.9999468
8.644369,0.9999970
8.645758,1.0004936
8.647147,0.9996807
8.648536,1.0004914
8.649924,1.0003151
8.651313,1.0002062
8.652702,0.9994220
8.654091,1.0001501
8.655480,0.9994791
8.656869,1.0000577
8.658258,1.0000323
8.659646,0.9994723
8.661035,1.0002005
8.662424,1.0001419
8.663813,0.9997638
8.665202,0.9996244
8.666591,0.9999495
8.667980,0.9997541
8.669369,1.0000787
8.670757,1.0002722
8.672146,0.9998419
8.673535,0.9999302
8.674924,0.9998124
8.676313,0.9996695
8.677702,1.0001644
8.679091,0.9996352
8.680479,1.0001388
8.681868,0.9998987
8.683257,1.0001155
8.684646,1.0002290
8.686035,1.0003992
8.687424,1.0001660
8.688813,1.0005465
8.690202,1.0000482
8.691590,1.0009321
8.692979,1.0002911
8.694368,0.9999738
8.695757,1.0002681
8.697146,1.0001872
8.698535,0.9999205
8.699924,0.9997678
8.701313,0.9998821
8.702701,1.0002096
8.704090,0.9999675
8.705479,1.0000899
8.706868,0.9999577
8.708257,0.9999759
8.709646,1.0000269
8.711035,1.0002549
8.712423,1.0001290
8.713812,1.0003888
8.715201,1.0000353
8.716590,0.9999299
8.717979,1.0003392
8.719368,0.9997666
8.720757,1.0001714
8.722146,1.0000862
8.723534,1.0002675
8.724923,0.9999581
8.726312,1.0000193
8.727701,1.0001856
8.729090,0.9997501
8.730479,0.9996951
8.731868,1.0002805
8.733257,1.0002798
8.734645,1.0002189
8.736034,1.0001921
8.737423,0.9997444
8.738812,0.9995517
8.740201,1.0000104
8.741590,0.9999395
8.742979,0.9994689
8.744367,0.9999319
8.745756,0.9997864
8.747145,1.0001705
8.748534,1.0003455
8.749923,0.9995961
8.751312,0.9997909
8.752701,0.9998251
8.754090,0.9999702
8.755478,0.9997900
8.756867,0.9998930
8.758256,1.0000024
8.759645,0.9996503
8.761034,0.9993444
8.762423,0.9999344
8.763812,0.9996923
8.765200,0.9999600
8.766589,0.9998183
8.767978,0.9999665
8.769367,0.9999875
8.770756,1.0003060
8.772145,0.9995450
8.773534,1.0000511
8.774923,1.0004023
8.776311,0.9995926
8.777700,1.0000721
8.779089,1.0003975
8.780478,1.0004147
8.781867,1.0006398
8.783256,0.9999835
8.784645,1.0001428
8.786034,0.9998579
8.787422,0.9998668
8.788811,0.9998053
8.790200,1.0000561
8.791589,0.9999658
8.792978,1.0000371
8.794367,0.9995757
8.795756,0.9999789
8.797144,1.0001034
8.798533,0.9999911
8.799922,0.9995419
8.801311,0.9995890
8.802700,1.0001291
8.804089,1.0001796
8.805478,0.9994027
8.806867,0.9997403
8.808255,0.9998535
8.809644,0.9998648
8.811033,0.9996119
8.812422,0.9993609
8.813811,0.9994129
8.815200,1.0000646
8.816589,0.9993922
8.817978,1.0001794
8.819366,1.0001744
8.820755,0.9994193
8.822144,1.0003533
8.823533,1.0005981
8.824922,0.9997952
8.826311,0.9999352
8.827700,0.9999331
8.829088,0.9992670
8.830477,1.0001162
8.831866,0.9997574
8.833255,0.9996341
8.834644,1.0000228
8.836033,1.0001069
8.837422,0.9996134
8.838811,0.9999986
8.840199,1.0008076
8.841588,1.0001728
8.842977,0.9995964
8.844366,1.0000830
8.845755,0.9996292
8.847144,1.0003340
8.848533,1.0005072
8.849921,1.0000933
8.851310,0.9998086
8.852699,1.0000683
8.854088,1.0004119
8.855477,1.0001621
8.856866,1.0000776
8.858255,0.9999502
8.859644,1.0002687
8.861032,1.0002024
8.862421,1.0002941
8.863810,0.9998665
8.865199,0.9997364
8.866588,1.0007771
8.867977,1.0001946
8.869366,0.9996498
8.870755,1.0000298
8.872143,1.0002635
8.873532,0.9998438
8.874921,0.9999820
8.876310,1.0001194
8.877699,1.0001457
8.879088,0.9999636
8.880477,0.9998363
8.881865,0.9997481
8.883254,0.9995848
8.884643,0.9997442
8.886032,0.9994923
8.887421,1.0007558
8.888810,1.0003689
8.890199,1.0003835
8.891588,0.9998435
8.892976,0.9997816
8.894365,0.9996444
8.895754,1.0004571
8.897143,1.0000640
8.898532,0.9999983
8.899921,1.0006908
8.901310,0.9991439
8.902698,1.0008513
8.904087,0.9998775
8.905476,1.0004781
8.906865,0.9999711
8.908254,0.9995756
8.909643,1.0000239
8.911032,0.9999356
8.912421,1.0000761
8.913809,0.9998042
8.915198,0.9998832
8.916587,1.0003931
8.917976,1.0000320
8.919365,0.9999182
8.920754,1.0003661
8.922143,0.9997240
8.923532,0.9998522
8.924920,1.0001186
8.926309,0.9999193
8.927698,1.0001038
8.929087,0.9999775
8.930476,1.0002202
8.931865,0.9999097
8.933254,0.9995692
8.934642,0.9994409
8.936031,1.0000133
8.937420,1.0001344
8.938809,1.0002751
8.940198,1.0000344
8.941587,1.0004623
8.942976,1.0002032
8.944365,0.9999493
8.945753,1.0007902
8.947142,1.0000708
8.948531,1.0004151
8.949920,1.0003764
8.951309,1.0004074
8.952698,1.0003163
8.954087,0.9995945
8.955475,1.0000278
8.956864,0.9996619
8.958253,0.9996529
8.959642,0.9995368
8.961031,1.0001066
8.962420,0.9995788
8.963809,0.9992463
8.965198,1.0001090
8.966586,1.0006315
8.967975,0.9999273
8.969364,1.0000961
8.970753,1.0004457
8.972142,1.0000072
8.973531,1.0004244
8.974920,1.0003716
8.976309,0.9997214
8.977697,0.9998229
8.979086,0.9997948
8.980475,1.0004240
8.981864,0.9998558
8.983253,0.9998915
8.984642,0.9996854
8.986031,0.9995227
8.987419,0.9999164
8.988808,0.9999346
8.990197,0.9997772
8.991586,1.0002059
8.992975,0.9998293
8.994364,0.9995558
8.995753,0.9994123
8.997142,0.9997970
8.998530,1.0003615
8.999919,1.0006908
9.001308,1.0002142
9.002697,0.9989943
9.004086,1.0000693
9.005475,1.0002749
9.006864,1.0002175
9.008252,1.0009917
9.009641,0.9997452
9.011030,1.0002649
9.012419,1.0002910
9.013808,1.0003552
9.015197,0.9995450
9.016586,1.0004627
9.017975,0.9993301
9.019363,0.9998916
9.020752,1.0003355
9.022141,0.9995472
9.023530,0.9995302
9.024919,0.9996119
9.026308,0.9997083
9.027697,0.9998089
9.029086,1.0001447
9.030474,1.0003657
9.031863,0.9996571
9.033252,1.0001397
9.034641,0.9998083
9.036030,1.0003382
9.037419,0.9999609
9.038808,1.0001481
9.040196,1.0001215
9.041585,1.0006450
9.042974,0.9996738
9.044363,0.9996554
9.045752,0.9999227
9.047141,0.9997591
9.048530,1.0003275
9.049919,1.0007124
9.051307,0.9996601
9.052696,1.0001011
9.054085,0.9999273
9.055474,1.0007355
9.056863,0.9997898
9.058252,0.9996616
9.059641,0.9993913
9.061029,1.0006261
9.062418,0.9998743
9.063807,0.9997060
9.065196,1.0000015
9.066585,1.0002058
9.067974,0.9996427
9.069363,1.0004498
9.070752,1.0004536
9.072140,0.9999541
9.073529,0.9999221
9.074918,0.9999459
9.076307,1.0000385
9.077696,1.0006455
9.079085,0.9994467
9.080474,0.9999020
9.081863,0.9999761
9.083251,1.0004693
9.084640,0.9998819
9.086029,0.9997126
9.087418,1.0001140
9.088807,0.9996368
9.090196,0.9992535
9.091585,0.9998711
9.092973,1.0001070
9.094362,0.9996223
9.095751,1.0004338
9.097140,0.9999399
9.098529,0.9995765
9.099918,0.9998417
9.101307,1.0001208
9.102696,0.9995270
9.104084,1.0001581
9.105473,0.9996652
9.106862,1.0002852
9.108251,0.9998412
9.109640,0.9996157
9.111029,0.9998105
9.112418,1.0002217
9.113806,1.0002191
9.115195,0.9998118
9.116584,0.9999760
9.117973,1.0004512
9.119362,0.9999630
9.120751,1.0003700
9.122140,1.0004865
9.123529,1.0001460
9.124917,1.0000662
9.126306,0.9997108
9.127695,0.9998746
9.129084,0.9996463
9.130473,0.9999326
9.131862,1.0000101
9.133251,0.9997455
9.134640,1.0001934
9.136028,0.9995830
9.137417,1.0002300
9.138806,1.0000263
9.140195,0.9996870
9.141584,0.9997220
9.142973,1.0003856
9.144362,0.9998708
9.145750,1.0001369
9.147139,1.0000910
9.148528,0.9997910
9.149917,1.0002559
9.151306,0.9999148
9.152695,1.0004789
9.154084,1.0002354
9.155473,1.0002039
9.156861,1.0002493
9.158250,0.9999392
9.159639,1.0005894
9.161028,1.0005504
9.162417,1.0002730
9.163806,0.9996473
9.165195,0.9997632
9.166583,1.0002523
9.167972,0.9998205
9.169361,0.9993033
9.170750,0.9993974
9.172139,0.9999257
9.173528,1.0002994
9.174917,0.9997694
9.176306,1.0000473
9.177694,1.0003092
9.179083,0.9996195
9.180472,1.0000045
9.181861,0.9993608
9.183250,0.9996382
9.184639,0.9999963
9.186028,1.0002725
9.187416,1.0002307
9.188805,1.0002395
9.190194,1.0007379
9.191583,1.0001673
9.192972,0.9995826
9.194361,0.9998824
9.195750,1.0001595
9.197139,1.0008720
9.198527,1.0004875
9.199916,0.9996721
9.201305,1.0002843
9.202694,1.0002093
9.204083,1.0002905
9.205472,1.0000937
9.206861,0.9997786
9.208250,0.9996579
9.209638,1.0002214
9.211027,1.0001256
9.212416,0.9999870
9.213805,1.0005358
9.215194,0.9998072
9.216583,0.9999675
9.217972,1.0004555
9.219360,0.9999960
9.220749,0.9999838
9.222138,1.0003622
9.223527,1.0001248
9.224916,1.0005558
9.226305,1.0004334
9.227694,1.0002927
9.229083,0.9997816
9.230471,0.9998921
9.231860,1.0002304
9.233249,1.0002940
9.234638,0.9998328
9.236027,1.0007226
9.237416,0.9999484
9.238805,1.0002658
9.240193,1.0001063
9.241582,0.9994558
9.242971,0.9996805
9.244360,0.9998353
9.245749,0.9999368
9.247138,0.9998648
9.248527,0.9998625
9.249916,0.9999159
9.251304,1.0004123
9.252693,1.0001215
9.254082,1.0002611
9.255471,1.0002853
9.256860,0.9998300
9.258249,1.0002817
9.259638,0.9999730
9.261027,1.0000624
9.262415,0.9998958
9.263804,1.0002438
9.265193,1.0007609
9.266582,0.9997444
9.267971,1.0001431
9.269360,1.0001287
9.270749,0.9998498
9.272137,0.9995678
9.273526,0.9999546
9.274915,0.9998666
9.276304,0.9998948
9.277693,1.0004116
9.279082,0.9997321
9.280471,0.9997938
9.281860,1.0000405
9.283248,0.9999112
9.284637,1.0003185
9.286026,1.0002700
9.287415,0.9997567
9.288804,1.0003409
9.290193,1.0002633
9.291582,0.9998051
9.292970,1.0003665
9.294359,1.0000816
9.295748,0.9998975
9.297137,0.9999851
9.298526,1.0004190
9.299915,1.0000584
9.301304,1.0001542
9.302693,0.9998694
9.304081,0.9996953
9.305470,1.0002038
9.306859,1.0002002
9.308248,1.0001821
9.309637,0.9999123
9.311026,1.0002027
9.312415,1.0002655
9.313803,1.0001291
9.315192,0.9998066
9.316581,1.0001334
9.317970,0.9999790
9.319359,1.0002084
9.320748,0.9999028
9.322137,0.9997563
9.323526,0.9994235
9.324914,1.0007795
9.326303,1.0004553
9.327692,0.9994980
9.329081,0.9997099
9.330470,1.0000101
9.331859,1.0003544
9.333248,0.9997884
9.334637,1.0002057
9.336025,1.0001015
9.337414,1.0008760
9.338803,1.0000609
9.340192,1.0006922
9.341581,1.0000822
9.342970,1.0002667
9.344359,1.0008808
9.345747,1.0002954
9.347136,1.0003694
9.348525,0.9998501
9.349914,1.0002162
9.351303,0.9994506
10.491563,0.9996134
10.492952,0.9998484
10.494341,0.9998247
10.495730,1.0005372
10.497119,0.9998263
10.498507,0.9995190
10.499896,0.9997987
10.501285,0.9991289
10.502674,1.0001090
10.504063,0.9990880
10.505452,0.9992106
10.506841,0.9994219
10.508229,1.0002426
10.509618,0.9998176
10.511007,1.0005282
10.512396,0.9997798
10.513785,0.9995000
10.515174,1.0004524
10.516563,1.0002137
10.517952,1.0000287
10.519340,1.0000135
10.520729,1.0000472
10.522118,0.9998026
10.523507,1.0001287
10.524896,1.0002570
10.526285,0.9997893
10.527674,1.0006145
10.529063,0.9999522
10.530451,0.9992201
10.531840,1.0003081
10.533229,1.0004522
10.534618,1.0000150
10.536007,0.9997065
10.537396,1.0003138
10.538785,1.0005434
10.540173,1.0005467
10.541562,0.9995271
10.542951,1.0001109
10.544340,1.0001778
10.545729,0.9999883
10.547118,1.0003026
10.548507,1.0001439
10.549896,0.9995153
10.551284,1.0001842
10.552673,1.0000469
10.554062,0.9995146
10.555451,0.9999132
10.556840,1.0001069
10.558229,1.0003408
10.559618,1.0001527
10.561006,0.9992287
10.562395,1.0000894
10.563784,1.0003110
10.565173,0.9992948
10.566562,0.9998024
10.567951,1.0001592
10.569340,0.9997330
10.570729,1.0001788
10.572117,0.9999934
10.573506,1.0003877
10.574895,0.9998234
10.576284,1.0000582
10.577673,0.9999200
10.579062,1.0002511
10.580451,1.0002174
10.581839,0.9997092
10.583228,1.0001729
10.584617,0.9999255
10.586006,0.9999199
10.587395,0.9994327
10.588784,1.0001389
10.590173,1.0000118
10.591562,0.9995798
10.592950,1.0000697
10.594339,0.9999687
10.595728,0.9999634
10.597117,0.9996256
10.598506,1.0005876
10.599895,0.9998326
10.601284,1.0006001
10.602672,1.0001809
10.604061,1.0002915
10.605450,1.0000666
10.606839,0.9994507
10.608228,1.0008634
10.609617,1.0004948
10.611006,1.0001288
10.612395,1.0002567
10.613783,0.9995977
10.615172,1.0007917
10.616561,1.0002400
10.617950,0.9997680
10.619339,1.0001711
10.620728,1.0004735
10.622117,1.0009563
10.623505,0.9995166
10.624894,1.0001528
10.626283,0.9993299
10.627672,1.0000685
10.629061,0.9996062
10.630450,0.9996066
10.631839,1.0000009
10.633228,0.9998384
10.634616,0.9999083
10.636005,1.0003542
10.637394,1.0004282
10.638783,0.9998345
10.640172,1.0002459
10.641561,0.9995538
10.642950,0.9998988
10.644338,0.9996529
10.645727,1.0006796
10.647116,0.9999701
10.648505,1.0007692
10.649894,1.0000146
10.651283,0.9996467
10.652672,1.0007111
10.654061,1.0006605
10.655449,1.0002177
10.656838,0.9996097
10.658227,1.0001356
10.659616,0.9996434
10.661005,0.9998319
10.662394,0.9997665
10.663783,0.9999314
10.665171,0.9999167
10.666560,1.0006391
10.667949,0.9999695
10.669338,1.0002724
10.670727,1.0003888
10.672116,1.0002985
10.673505,1.0001599
10.674894,1.0002864
10.676282,1.0001852
10.677671,1.0009784
10.679060,0.9999576
10.680449,1.0007128
10.681838,0.9999271
10.683227,1.0001865
10.684616,1.0002784
10.686004,1.0000426
10.687393,0.9997436
10.688782,1.0003525
10.690171,1.0004348
10.691560,0.9997246
10.692949,0.9999848
10.694338,1.0003957
10.695727,1.0001724
10.697115,0.9998195
10.698504,1.0005317
10.699893,0.9995405
10.701282,1.0004519
10.702671,0.9994347
10.704060,1.0004104
10.705449,0.9998036
10.706837,1.0005912
10.708226,1.0004483
10.709615,1.0001743
10.711004,1.0001173
10.712393,0.9998619
10.713782,0.9995539
10.715171,1.0001926
10.716560,0.9996948
10.717948,0.9998309
10.719337,1.0004837
10.720726,1.0002370
10.722115,0.9996188
10.723504,0.9997543
10.724893,1.0000260
10.726282,1.0003884
10.727670,0.9998107
10.729059,1.0003564
10.730448,1.0000073
10.731837,0.9998231
10.733226,1.0004542
10.734615,1.0006249
10.736004,0.9997207
10.737393,1.0003505
10.738781,1.0004192
10.740170,1.0000565
10.741559,0.9998005
10.742948,0.9998415
10.744337,0.9999001
10.745726,1.0000120
10.747115,1.0000725
10.748503,1.0008135
10.749892,0.9999980
10.751281,0.9994397
10.752670,1.0004068
10.754059,0.9993518
10.755448,0.9997489
10.756837,0.9996115
10.758226,0.9995979
10.759614,1.0002371
10.761003,0.9994910
10.762392,1.0005788
10.763781,1.0002547
10.765170,1.0005600
10.766559,1.0000573
10.767948,1.0000066
10.769336,1.0003521
10.770725,1.0002857
10.772114,0.9997643
10.773503,0.9999539
10.774892,0.9999298
10.776281,0.9998626
10.777670,1.0002572
10.779059,1.0001544
10.780447,1.0002247
10.781836,0.9994234
10.783225,1.0001251
10.784614,1.0001151
10.786003,1.0001510
10.787392,0.9998061
10.788781,0.9999708
10.790169,0.9990275
10.791558,0.9999335
10.792947,1.0001335
10.794336,1.0000125
10.795725,1.0002606
10.797114,1.0002005
10.798503,0.9994568
10.799892,1.0005171
10.801280,1.0004105
10.802669,0.9999189
10.804058,0.9997436
10.805447,1.0005174
10.806836,1.0001887
10.808225,0.9992398
10.809614,0.9999316
10.811002,0.9997155
10.812391,0.9996765
10.813780,0.9997395
10.815169,0.9998459
10.816558,1.0001371
10.817947,1.0002129
10.819336,0.9997513
10.820725,0.9995303
10.822113,1.0000607
10.823502,0.9995488
10.824891,0.9997619
10.826280,1.0003862
10.827669,0.9999919
10.829058,1.0000245
10.830447,0.9996965
10.831835,0.9999285
10.833224,0.9992300
10.834613,0.9999774
10.836002,1.0000291
10.837391,0.9996033
10.838780,0.9998273
10.840169,0.9999005
10.841558,0.9998704
10.842946,1.0004421
10.844335,1.0002809
10.845724,0.9999274
10.847113,1.0006639
10.848502,0.9998213
10.849891,1.0001876
10.851280,0.9998669
10.852668,0.9993184
10.854057,0.9999842
10.855446,0.9994262
10.856835,1.0001065
10.858224,0.9998451
10.859613,0.9996778
10.861002,1.0000252
10.862391,0.9996514
10.863779,0.9999210
10.865168,0.9996270
10.866557,1.0001770
10.867946,0.9998000
10.869335,0.9997358
10.870724,0.9997649
10.872113,1.0005406
10.873501,0.9997395
10.874890,1.0000079
10.876279,0.9997173
10.877668,0.9997476
10.879057,0.9999468
10.880446,0.9999035
10.881835,0.9996605
10.883224,1.0002608
10.884612,1.0004314
10.886001,1.0003645
10.887390,1.0004648
10.888779,1.0003984
10.890168,0.9999948
10.891557,1.0008418
10.892946,0.9999326
10.894334,0.9998342
10.895723,0.9998964
10.897112,0.9996936
10.898501,1.0004400
10.899890,0.9993009
10.901279,1.0003609
10.902668,0.9997189
10.904057,0.9998857
10.905445,1.0001354
10.906834,0.9997075
10.908223,0.9992908
10.909612,0.9998865
10.911001,0.9998919
10.912390,0.9997986
10.913779,1.0000039
10.915167,0.9998646
10.916556,0.9999405
10.917945,1.0001339
10.919334,0.9997742
10.920723,0.9999107
10.922112,0.9995129
10.923501,0.9999354
10.924890,0.9994713
10.926278,1.0004793
10.927667,0.9994705
10.929056,1.0004961
10.930445,1.0009181
10.931834,1.0001607
10.933223,0.9994290
10.934612,0.9999973
10.936000,0.9998269
10.937389,0.9993677
10.938778,1.0001319
10.940167,0.9996248
10.941556,0.9999532
10.942945,0.9997946
10.944334,1.0000428
10.945723,0.9998054
10.947111,1.0000473
10.948500,1.0003689
10.949889,1.0001894
10.951278,0.9998584
10.952667,1.0001001
10.954056,0.9996743
10.955445,0.9998327
10.956833,1.0002578
10.958222,0.9995388
10.959611,0.9996021
10.961000,1.0000123
10.962389,1.0001731
10.963778,1.0003734
10.965167,1.0000672
10.966556,0.9991749
10.967944,0.9995728
10.969333,0.9999844
10.970722,1.0005283
10.972111,0.9998871
10.973500,1.0002298
10.974889,1.0003393
10.976278,0.9998436
10.977666,0.9998703
10.979055,0.9999769
10.980444,0.9999922
10.981833,0.9997975
10.983222,0.9997219
10.984611,1.0000364
10.986000,0.9999084
10.987389,1.0008177
10.988777,1.0000010
10.990166,1.0003804
10.991555,1.0000964
10.992944,0.9992065
10.994333,1.0002563
10.995722,0.9998773
10.997111,1.0001815
10.998499,1.0002647
10.999888,1.0007899
11.001277,0.9999213
11.002666,0.9999135
11.004055,0.9997726
11.005444,1.0002051
11.006833,0.9995922
11.008222,1.0002257
11.009610,1.0000368
11.010999,0.9996176
11.012388,0.9997224
11.013777,0.9998959
11.015166,1.0003282
11.016555,1.0000489
11.017944,1.0001677
11.019332,0.9996603
11.020721,0.9995928
11.022110,0.9999212
11.023499,0.9998516
11.024888,1.0004324
11.026277,1.0000133
11.027666,0.9999110
11.029055,0.9995656
11.030443,0.9997545
11.031832,0.9998433
11.033221,0.9992052
11.034610,1.0001512
11.035999,0.9996763
11.037388,1.0004189
11.038777,1.0006894
11.040165,1.0003611
11.041554,0.9998032
11.042943,1.0003883
11.044332,0.9994766
11.045721,1.0003564
11.047110,1.0013231
11.048499,0.9997510
11.049888,0.9992130
11.051276,0.9998321
11.052665,0.9993434
11.054054,0.9995402
11.055443,0.9996107
11.056832,0.9995799
11.058221,1.0003214
11.059610,1.0005182
11.060998,0.9994823
11.062387,1.0002822
11.063776,0.9994244
11.065165,1.0003454
11.066554,0.9998774
11.067943,0.9999834
11.069332,0.9996327
11.070721,0.9991972
11.072109,0.9995560
11.073498,0.9999324
11.074887,0.9993960
11.076276,0.9999033
11.077665,0.9998083
11.079054,0.9991833
11.080443,0.9998672
11.081831,0.9998330
11.083220,1.0001937
11.084609,0.9997645
11.085998,1.0000122
11.087387,0.9998552
11.088776,1.0000343
11.090165,0.9996354
11.091554,0.9997314
11.092942,0.9996273
11.094331,0.9998576
11.095720,1.0002916
11.097109,1.0003009
11.098498,1.0000229
11.099887,1.0005307
11.101276,1.0002264
11.102664,0.9995163
11.104053,0.9998240
11.105442,1.0000920
11.106831,1.0000687
11.108220,0.9996894
11.109609,0.9996602
11.110998,0.9996616
11.112387,1.0001897
11.113775,1.0006261
11.115164,1.0001153
11.116553,0.9998270
11.117942,1.0000641
11.119331,1.0006787
11.120720,0.9999634
11.122109,0.9990126
11.123497,0.9997411
11.124886,0.9999670
11.126275,1.0000177
11.127664,1.0002422
11.129053,1.0005152
11.130442,0.9993182
11.131831,1.0004323
11.133220,0.9996800
11.134608,0.9999958
11.135997,1.0002065
11.137386,1.0006945
11.138775,0.9996338
11.140164,0.9996864
11.141553,0.9995702
11.142942,0.9997125
11.144330,0.9999836
11.145719,1.0000824
11.147108,0.9998983
11.148497,1.0004057
11.149886,1.0003677
11.151275,0.9998850
11.152664,0.9993309
11.154053,0.9999947
11.155441,0.9995637
11.156830,0.9993950
11.158219,0.9997216
11.159608,1.0001618
11.160997,1.0004488
11.162386,0.9995327
11.163775,0.9996392
11.165163,1.0004942
11.166552,1.0001724
11.167941,0.9999632
11.169330,1.0002141
11.170719,0.9999685
11.172108,0.9992461
11.173497,0.9999785
11.174886,0.9996601
11.176274,1.0001460
11.177663,0.9992113
11.179052,1.0001513
11.180441,1.0000046
11.181830,0.9998587
11.183219,0.9995373
11.184608,1.0001367
11.185996,0.9999203
11.187385,1.0000444
11.188774,1.0000967
11.190163,1.0001250
11.191552,1.0001657
11.192941,0.9999027
11.194330,1.0003866
11.195719,1.0000416
11.197107,1.0002607
11.198496,1.0001525
11.199885,0.9997476
11.201274,1.0003258
11.202663,1.0004519
11.204052,0.9998542
11.205441,1.0005044
11.206829,1.0001357
11.208218,0.9998519
11.209607,1.0003758
11.210996,1.0001721
11.212385,0.9997865
11.213774,1.0004831
11.215163,0.9997089
11.216552,1.0002642
11.217940,1.0001290
11.219329,1.0005936
11.220718,1.0000434
11.222107,1.0005702
11.223496,1.0001126
11.224885,1.0000733
11.226274,0.9998885
11.227662,0.9998153
11.229051,1.0002887
11.230440,0.9998940
11.231829,1.0001657
11.233218,0.9999037
11.234607,0.9996098
11.235996,1.0003414
11.237385,0.9995725
11.238773,1.0001608
11.240162,0.9996433
11.241551,0.9994848
11.242940,1.0001610
11.244329,1.0000256
11.245718,1.0001685
11.247107,1.0001389
11.248495,1.0000845
11.249884,1.0006815
11.251273,0.9998374
11.252662,0.9999721
11.254051,1.0007171
11.255440,0.9993404
11.256829,0.9995058
11.258218,0.9993062
11.259606,1.0000825
11.260995,1.0006962
11.262384,1.0004988
11.263773,0.9995046
11.265162,1.0002356
11.266551,0.9999356
11.267940,1.0004222
11.269328,0.9998361
11.270717,1.0005066
11.272106,1.0003624
11.273495,0.9997006
11.274884,0.9999410
11.276273,1.0002441
11.277662,0.9995515
11.279051,1.0005737
11.280439,0.9995050
11.281828,1.0001709
11.283217,0.9998842
11.284606,0.9996228
11.285995,1.0005827
11.287384,0.9996581
11.288773,1.0005091
11.290161,1.0000591
11.291550,1.0004978
11.292939,1.0000987
11.294328,1.0000371
11.295717,1.0000108
11.297106,0.9994538
11.298495,1.0001484
11.299884,0.9996767
11.301272,1.0003610
11.302661,0.9998801
11.304050,1.0001116
11.305439,0.9999854
11.306828,0.9992122
11.308217,0.9994919
11.309606,1.0000742
11.310994,1.0001490
11.312383,0.9996517
11.313772,1.0001604
11.315161,1.0006333
11.316550,1.0001181
11.317939,1.0001855
11.319328,1.0007337
11.320717,0.9992910
11.322105,0.9997267
11.323494,0.9997616
11.324883,1.0000794
11.326272,1.0007535
11.327661,1.0000556
11.329050,1.0002788
11.330439,1.0002182
11.331827,0.9998691
11.333216,1.0003798
11.334605,1.0002042
11.335994,0.9998365
11.337383,0.9997488
11.338772,1.0001607
11.340161,0.9991424
11.341550,1.0008545
11.342938,1.0002498
11.344327,1.0003547
11.345716,1.0001038
11.347105,1.0007609
11.348494,0.9999722
11.349883,0.9999981
11.351272,1.0000454
11.352660,1.0000081
11.354049,1.0006739
11.355438,1.0004522
11.356827,0.9996175
11.358216,1.0000294
11.359605,0.9996929
11.360994,0.9999507
11.362383,1.0002394
11.363771,0.9997879
11.365160,1.0000374
11.366549,0.9996412
11.367938,0.9995151
11.369327,0.9998410
11.370716,0.9997344
11.372105,0.9998529
11.373493,1.0002042
11.374882,1.0006558
11.376271,1.0000951
11.377660,0.9993629
11.379049,0.9999771
11.380438,1.0004987
11.381827,1.0002204
11.383216,1.0000735
11.384604,0.9997295
11.385993,0.9996605
11.387382,0.9998954
11.388771,1.0009010
11.390160,0.9996991
11.391549,1.0001652
11.392938,0.9993770
11.394326,1.0003440
11.395715,1.0000286
11.397104,0.9999407
11.398493,1.0006719
11.399882,0.9997243
11.401271,1.0000553
11.402660,1.0002885
11.404049,1.0002289
11.405437,1.0000561
11.406826,0.9999422
11.408215,0.9997259
11.409604,1.0001130
11.410993,0.9995388
11.412382,0.9999057
11.413771,1.0001314
11.415159,0.9996359
11.416548,1.0000091
11.417937,1.0000064
11.419326,0.9998971
11.420715,1.0002200
11.422104,1.0000523
11.423493,0.9998730
11.424882,1.0003590
11.426270,0.9999405
11.427659,0.9999571
11.429048,1.0002120
11.430437,1.0001056
11.431826,1.0000371
11.433215,1.0002636
11.434604,0.9988692
11.435992,1.0003020
11.437381,1.0000147
11.438770,1.0001222
11.440159,0.9997242
11.441548,1.0002715
11.442937,0.9996751
11.444326,1.0004344
11.445715,0.9995199
11.447103,1.0000134
11.448492,1.0004591
11.449881,0.9998489
11.451270,1.0003834
11.452659,1.0000678
11.454048,1.0002831
11.455437,1.0002723
11.456825,0.9998465
11.458214,0.9996929
11.459603,0.9998605
11.460992,1.0000699
11.462381,1.0006377
11.463770,1.0001669
11.465159,1.0000454
11.466548,1.0000260
11.467936,0.9995976
11.469325,0.9999342
11.470714,1.0005167
11.472103,0.9999835
11.473492,0.9998665
11.474881,0.9996449
11.476270,0.9997341
11.477658,0.9998980
11.479047,1.0000571
11.480436,0.9994824
11.481825,1.0003381
11.483214,1.0000351
11.484603,0.9995176
11.485992,0.9996344
11.487381,0.9996726
11.488769,0.9999351
11.490158,1.0006219
11.491547,0.9997307
11.492936,1.0001374
11.494325,1.0004558
11.495714,1.0000844
11.497103,1.0006698
11.498491,1.0004788
11.499880,1.0003931
11.501269,1.0000693
11.502658,1.0007985
11.504047,0.9998550
11.505436,1.0005221
11.506825,1.0000389
11.508214,0.9999568
11.509602,0.9991379
11.510991,1.0000815
11.512380,0.9998256
11.513769,0.9997067
11.515158,0.9997039
11.516547,0.9997643
11.517936,1.0000147
11.519324,0.9993431
11.520713,1.0002353
11.522102,1.0002271
11.523491,1.0000980
11.524880,1.0003289
11.526269,0.9995851
11.527658,0.9998702
11.529047,0.9999280
11.530435,0.9999995
11.531824,1.0007390
11.533213,0.9997396
11.534602,1.0001027
11.535991,1.0003264
11.537380,1.0001638
11.538769,0.9992617
11.540157,1.0002117
11.541546,1.0000494
11.542935,0.9996357
11.544324,1.0005159
11.545713,1.0002643
11.547102,1.0003541
11.548491,1.0001655
11.549880,1.0002236
11.551268,1.0002306
11.552657,1.0007428
11.554046,1.0003491
11.555435,0.9997374
11.556824,0.9993786
11.558213,1.0000979
11.559602,0.9999918
11.560990,1.0003366
11.562379,1.0000954
11.563768,0.9996123
11.565157,1.0001347
11.566546,0.9995260
11.567935,1.0001407
11.569324,1.0002254
11.570713,1.0001198
11.572101,0.9993735
11.573490,1.0003259
11.574879,0.9997199
11.576268,1.0002684
11.577657,0.9996412
11.579046,1.0005790
11.580435,1.0001637
11.581823,0.9994153
11.583212,0.9996855
11.584601,0.9996140
11.585990,0.9999460
11.587379,1.0001366
11.588768,0.9999327
11.590157,0.9995721
11.591546,0.9997815
11.592934,1.0002797
11.594323,0.9996116
11.595712,0.9995068
11.597101,1.0004557
11.598490,1.0002238
11.599879,0.9990354
11.601268,1.0003374
11.602656,1.0000515
11.604045,0.9998768
11.605434,1.0005066
11.606823,1.0005999
11.608212,0.9996441
11.609601,0.9999012
11.610990,1.0001982
11.612379,1.0005428
11.613767,1.0000431
11.615156,1.0000368
11.616545,0.9997617
11.617934,1.0002596
11.619323,1.0002311
11.620712,1.0004665
11.622101,1.0001151
11.623489,0.9996906
11.624878,0.9999596
11.626267,1.0005573
11.627656,1.0003359
11.629045,1.0002690
11.630434,1.0003299
11.631823,1.0003497
11.633212,0.9998363
11.634600,1.0002094
11.635989,1.0007020
11.637378,0.9995571
11.638767,1.0003274
11.640156,0.9997005
11.641545,0.9995844
11.642934,0.9999773
11.644322,1.0008081
11.645711,1.0002166
11.647100,1.0000933
11.648489,0.9997416
11.649878,1.0001748
11.651267,1.0002036
11.652656,1.0002035
11.654045,1.0002982
11.655433,0.9995428
11.656822,0.9991720
11.658211,0.9997673
11.659600,1.0003075
11.660989,0.9994732
11.662378,1.0002450
11.663767,0.9999983
11.665155,0.9999139
11.666544,0.9998550
11.667933,0.9995079
11.669322,1.0002972
11.670711,0.9999551
11.672100,1.0004234
11.673489,0.9994936
11.674878,0.9996910
11.676266,0.9999982
11.677655,1.0008358
11.679044,1.0004924
11.680433,0.9999582
11.681822,1.0000458
11.683211,0.9998993
11.684600,0.9994991
11.685988,1.0003044
11.687377,1.0000924
11.688766,0.9997932
11.690155,0.9989809
11.691544,1.0003633
11.692933,1.0003993
11.694322,1.0004839
11.695711,0.9997676
11.697099,1.0002008
11.698488,0.9997728
11.699877,1.0007295
11.701266,1.0000176
11.702655,0.9999236
11.704044,1.0001213
11.705433,1.0002066
11.706822,1.0001057
11.708210,1.0001003
11.709599,1.0007924
11.710988,1.0011463
11.712377,1.0002210
11.713766,0.9998675
11.715155,1.0001514
11.716544,1.0001243
11.717932,0.9997423
11.719321,1.0006775
11.720710,0.9994263
11.722099,1.0000932
11.723488,1.0004933
11.724877,0.9998987
11.726266,0.9999217
11.727655,1.0003393
11.729043,0.9998553
11.730432,0.9999621
11.731821,1.0005097
11.733210,0.9998535
11.734599,1.0000947
11.735988,0.9994022
11.737377,1.0000436
11.738765,0.9997695
11.740154,1.0001131
11.741543,1.0006289
11.742932,0.9992680
11.744321,0.9997325
11.745710,0.9998159
11.747099,1.0000454
11.748488,0.9996075
11.749876,1.0000565
11.751265,0.9996729
11.752654,1.0002966
11.754043,1.0002374
11.755432,1.0001224
11.756821,0.9996469
11.758210,0.9999656
11.759598,1.0000012
11.760987,0.9996930
11.762376,0.9994831
11.763765,0.9999444
11.765154,0.9998700
11.766543,0.9998775
11.767932,0.9999655
11.769321,0.9998880
11.770709,1.0002266
11.772098,1.0001843
11.773487,1.0000849
11.774876,1.0001106
11.776265,0.9995656
11.777654,1.0007126
11.779043,0.9994574
11.780431,1.0001522
11.781820,1.0000360
11.783209,1.0002907
11.784598,0.9998103
11.785987,1.0009387
11.787376,1.0003415
11.788765,1.0000957
11.790154,0.9997490
11.791542,0.9997893
11.792931,1.0005886
11.794320,1.0001359
11.795709,0.9990862
11.797098,0.9992236
11.798487,0.9994847
11.799876,0.9995803
11.801264,0.9997525
11.802653,1.0002579
11.804042,1.0012342
11.805431,1.0003482
11.806820,0.9998478
11.808209,1.0005767
11.809598,1.0001067
11.810987,0.9999346
11.812375,0.9998350
11.813764,0.9996692
11.815153,1.0004709
11.816542,0.9996460
11.817931,0.9996540
11.819320,0.9996149
11.820709,1.0001690
11.822097,0.9996194
11.823486,0.9996997
11.824875,0.9992986
11.826264,1.0004009
11.827653,0.9995053
11.829042,0.9995388
11.830431,1.0002100
11.831820,0.9997970
11.833208,1.0000005
11.834597,0.9999404
11.835986,0.9995528
11.837375,1.0011766
11.838764,1.0004795
11.840153,0.9997984
11.841542,1.0001532
11.842930,0.9992111
11.844319,1.0003491
11.845708,1.0000743
11.847097,1.0003288
11.848486,1.0001784
11.849875,0.9997353
11.851264,1.0003929
11.852653,1.0000288
11.854041,0.9999261
11.855430,1.0004493
11.856819,0.9999886
11.858208,1.0005509
11.859597,0.9997622
11.860986,0.9997800
11.862375,0.9999129
11.863763,0.9996137
11.865152,1.0005449
11.866541,1.0002407
11.867930,0.9995710
11.869319,1.0001964
11.870708,1.0003162
11.872097,1.0002526
11.873486,0.9995499
11.874874,1.0000885
11.876263,1.0000949
11.877652,0.9991102
11.879041,0.9999833
11.880430,1.0007946
11.881819,0.9996935
11.883208,1.0005863
11.884596,1.0003874
11.885985,0.9997452
11.887374,0.9995086
11.888763,0.9997259
11.890152,1.0006023
11.891541,0.9998342
11.892930,1.0000626
11.894319,0.9999567
11.895707,1.0001618
11.897096,1.0003682
11.898485,0.9996509
11.899874,1.0003429
11.901263,1.0000161
11.902652,0.9996962
11.904041,1.0001940
11.905429,1.0007181
11.906818,1.0000184
11.908207,0.9996542
11.909596,1.0006562
11.910985,1.0006366
11.912374,0.9996673
11.913763,0.9990898
11.915152,0.9999751
11.916540,1.0003685
11.917929,1.0003781
11.919318,1.0002849
11.920707,1.0000475
11.922096,1.0001812
11.923485,0.9996988
11.924874,0.9999523
11.926262,0.9994641
11.927651,0.9998191
11.929040,0.9997075
11.930429,1.0001802
11.931818,1.0002284
11.933207,0.9998199
11.934596,1.0003192
11.935985,0.9997163
11.937373,1.0006589
11.938762,0.9998318
11.940151,0.9996846
11.941540,0.9999946
11.942929,0.9996858
11.944318,0.9999740
11.945707,0.9997184
11.947095,1.0003811
11.948484,0.9998553
11.949873,0.9992846
11.951262,1.0002906
11.952651,1.0000805
11.954040,1.0001689
11.955429,1.0001354
11.956818,1.0001433
11.958206,0.9998942
11.959595,0.9994054
11.960984,0.9997381
11.962373,1.0001157
11.963762,1.0000801
11.965151,0.9999358
11.966540,0.9999176
11.967928,1.0000837
11.969317,0.9999898
11.970706,1.0005912
11.972095,0.9996495
11.973484,1.0006251
11.974873,1.0000242
11.976262,0.9996934
11.977651,0.9993865
11.979039,0.9997543
11.980428,0.9998967
11.981817,1.0003136
11.983206,1.0001390
11.984595,1.0003369
11.985984,0.9999633
11.987373,0.9999164
11.988761,0.9996775
11.990150,1.0002253
11.991539,1.0001333
11.992928,0.9994534
11.994317,0.9994823
11.995706,1.0002986
11.997095,1.0002387
11.998484,0.9998827
11.999872,0.9997738
12.001261,1.0003152
12.002650,0.9997432
12.004039,1.0003898
12.005428,0.9996987
12.006817,0.9997080
12.008206,1.0005382
12.009594,0.9998044
12.010983,1.0000785
12.012372,0.9998226
12.013761,0.9999271
12.015150,0.9997649
12.016539,1.0003720
12.017928,1.0001391
12.019317,0.9992427
12.020705,0.9993927
12.022094,0.9999855
12.023483,1.0003902
12.024872,0.9997507
12.026261,0.9999504
12.027650,0.9998778
12.029039,1.0002535
12.030427,0.9998360
12.031816,0.9985383
12.033205,0.9974451
12.034594,0.9971825
12.035983,0.9968232
12.037372,0.9952828
12.038761,0.9930424
12.040150,0.9919451
12.041538,0.9906449
12.042927,0.9892029
12.044316,0.9881502
12.045705,0.9878256
12.047094,0.9867223
12.048483,0.9870177
12.049872,0.9864549
12.051260,0.9861849
12.052649,0.9853693
12.054038,0.9856696
12.055427,0.9852420
12.056816,0.9853313
12.058205,0.9853823
12.059594,0.9849372
12.060983,0.9850654
12.062371,0.9843093
12.063760,0.9850051
12.065149,0.9847753
12.066538,0.9846689
12.067927,0.9850062
12.069316,0.9848325
12.070705,0.9846609
12.072093,0.9845762
12.073482,0.9843942
12.074871,0.9846887
12.076260,0.9847817
12.077649,0.9842779
12.079038,0.9846840
12.080427,0.9842345
12.081816,0.9844610
12.083204,0.9842680
12.084593,0.9835564
12.085982,0.9836888
12.087371,0.9839336
12.088760,0.9840674
12.090149,0.9839824
12.091538,0.9835437
12.092926,0.9845693
12.094315,0.9836961
12.095704,0.9840307
12.097093,0.9839736
12.098482,0.9837370
12.099871,0.9840648
12.101260,0.9846111
12.102649,0.9842798
12.104037,0.9844581
12.105426,0.9836754
12.106815,0.9845749
12.108204,0.9846645
12.109593,0.9848195
12.110982,0.9845380
12.112371,0.9844780
12.113759,0.9847335
12.115148,0.9847120
12.116537,0.9852001
12.117926,0.9855827
12.119315,0.9849980
12.120704,0.9853427
12.122093,0.9856971
12.123482,0.9850640
12.124870,0.9849683
12.126259,0.9861749
12.127648,0.9859905
12.129037,0.9860944
12.130426,0.9861198
12.131815,0.9855712
12.133204,0.9863522
12.134592,0.9864688
12.135981,0.9865044
12.137370,0.9874910
12.138759,0.9877631
12.140148,0.9888117
12.141537,0.9896485
12.142926,0.9909842
12.144315,0.9922489
12.145703,0.9934886
12.147092,0.9944400
12.148481,0.9956298
12.149870,0.9971482
12.151259,0.9977316
12.152648,0.9981338
12.154037,0.9986708
12.155425,1.0002095
12.156814,1.0003840
12.158203,1.0008286
12.159592,1.0005291
12.160981,1.0000389
12.162370,1.0003259
12.163759,1.0004258
12.165148,1.0005479
12.166536,1.0006005
12.167925,0.9998994
12.169314,1.0010767
12.170703,1.0007701
12.172092,1.0007008
12.173481,1.0008095
12.174870,1.0001712
12.176258,1.0009557
12.177647,1.0004264
12.179036,1.0003160
12.180425,1.0004320
12.181814,1.0007126
12.183203,0.9999261
12.184592,0.9998397
12.185981,1.0007519
12.187369,0.9998264
12.188758,1.0002998
12.190147,1.0003068
12.191536,1.0002377
12.192925,1.0002079
12.194314,1.0005740
12.195703,1.0008217
12.197091,1.0006508
12.198480,1.0003435
12.199869,1.0005344
12.201258,1.0008516
12.202647,1.0004814
12.204036,1.0006290
12.205425,0.9999903
12.206814,1.0010290
12.208202,1.0008725
12.209591,1.0001292
12.210980,1.0000219
12.212369,1.0000950
12.213758,0.9998659
12.215147,1.0008552
12.216536,1.0006364
12.217924,1.0001057
12.219313,1.0002243
12.220702,1.0008863
12.222091,1.0004007
12.223480,0.9997900
12.224869,1.0008039
12.226258,1.0002916
12.227647,1.0005852
12.229035,1.0003379
12.230424,1.0005218
12.231813,1.0008147
12.233202,1.0004395
12.234591,0.9998774
12.235980,1.0009613
12.237369,0.9998788
12.238757,1.0001520
12.240146,1.0009591
12.241535,1.0004699
12.242924,0.9999921
12.244313,1.0000725
12.245702,0.9997342
12.247091,0.9997381
12.248480,1.0006962
12.249868,1.0009052
12.251257,1.0004202
12.252646,1.0001966
12.254035,1.0007623
12.255424,1.0000542
12.256813,1.0000608
12.258202,1.0009774
12.259590,1.0005687
12.260979,1.0004963
12.262368,1.0007022
12.263757,1.0007966
12.265146,0.9997598
12.266535,1.0013239
12.267924,0.9999197
12.269313,1.0005002
12.270701,0.9996381
12.272090,1.0002599
12.273479,1.0001057
12.274868,1.0012261
12.276257,1.0006363
12.277646,1.0009028
12.279035,0.9998864
12.280423,1.0002589
12.281812,1.0000388
12.283201,1.0003964
12.284590,0.9999867
12.285979,1.0005338
12.287368,0.9998926
12.288757,1.0007100
12.290146,0.9995840
12.291534,0.9998122
12.292923,1.0003455
12.294312,1.0002072
12.295701,1.0006671
12.297090,1.0010506
12.298479,1.0000081
12.299868,1.0007670
12.301256,0.9998386
12.302645,1.0012278
12.304034,1.0005218
12.305423,1.0005324
12.306812,1.0002847
12.308201,1.0010217
12.309590,0.9995408
12.310979,1.0003950
12.312367,1.0005226
12.313756,1.0006672
12.315145,1.0004061
12.316534,1.0002546
12.317923,1.0003895
12.319312,1.0004034
12.320701,1.0000536
12.322089,1.0004625
12.323478,1.0007307
12.324867,1.0006312
12.326256,1.0001917
12.327645,1.0003017
12.329034,1.0004324
12.330423,0.9998191
12.331812,1.0004791
12.333200,1.0005415
12.334589,1.0005693
12.335978,1.0001755
12.337367,1.0009379
12.338756,0.9999940
12.340145,0.9998655
12.341534,1.0008766
12.342923,1.0007191
12.344311,0.9998870
12.345700,1.0007934
12.347089,1.0004841
12.348478,1.0003117
12.349867,1.0002037
12.351256,1.0002320
12.352645,1.0001866
12.354033,0.9999781
12.355422,1.0003979
12.356811,1.0011951
12.358200,1.0000958
12.359589,1.0004853
12.360978,0.9998552
12.362367,0.9992947
12.363756,1.0001037
12.365144,1.0002290
12.366533,1.0002559
12.367922,0.9999506
12.369311,1.0005937
12.370700,1.0002068
12.372089,1.0001814
12.373478,1.0001209
12.374866,1.0001932
12.376255,1.0010134
12.377644,1.0000443
12.379033,1.0005881
12.380422,1.0021047
12.381811,1.0006396
12.383200,1.0002197
12.384589,1.0003352
12.385977,1.0000807
12.387366,1.0006542
12.388755,1.0008093
12.390144,1.0008025
12.391533,1.0002503
12.392922,1.0005133
12.394311,1.0001017
12.395699,1.0001637
12.397088,1.0006693
12.398477,0.9997802
12.399866,0.9994974
12.401255,1.0006431
12.402644,1.0002673
12.404033,0.9997748
12.405422,1.0001608
12.406810,0.9997830
12.408199,1.0000583
12.409588,1.0002486
12.410977,1.0000157
12.412366,1.0000562
12.413755,1.0002874
12.415144,1.0003956
12.416532,0.9999145
12.417921,0.9999622
12.419310,0.9999714
12.420699,0.9999712
12.422088,1.0000669
12.423477,1.0003709
12.424866,1.0003366
12.426255,1.0003209
12.427643,1.0000824
12.429032,1.0001006
12.430421,1.0000847
12.431810,1.0005883
12.433199,1.0004635
12.434588,1.0003620
12.435977,1.0001184
12.437365,0.9999975
12.438754,0.9999911
12.440143,1.0003525
12.441532,1.0004395
12.442921,0.9996276
12.444310,0.9994734
12.445699,1.0004002
12.447088,1.0007716
12.448476,0.9999264
12.449865,1.0003236
12.451254,0.9994610
12.452643,0.9995653
12.454032,0.9998180
12.455421,1.0003228
12.456810,1.0008813
12.458198,0.9994411
12.459587,1.0008042
12.460976,1.0003100
12.462365,0.9997743
12.463754,0.9998873
12.465143,1.0004603
12.466532,0.9999817
12.467921,0.9995985
12.469309,1.0002607
12.470698,0.9995054
12.472087,1.0001378
12.473476,1.0004041
12.474865,1.0007893
12.476254,1.0001887
12.477643,1.0003690
12.479031,1.0002294
12.480420,1.0004022
12.481809,1.0000012
12.483198,1.0001534
12.484587,0.9996594
12.485976,1.0004502
12.487365,0.9999340
12.488754,1.0009269
12.490142,1.0000455
12.491531,1.0010234
12.492920,1.0002723
12.494309,1.0003714
12.495698,0.9998243
12.497087,0.9998559
12.498476,1.0003284
12.499864,1.0005783
12.501253,0.9999470
12.502642,0.9994736
12.504031,1.0000526
12.505420,0.9996652
12.506809,1.0001060
12.508198,1.0004689
12.509587,0.9997131
12.510975,1.0005724
12.512364,1.0001416
12.513753,1.0001392
12.515142,0.9999912
12.516531,0.9996742
12.517920,0.9994915
12.519309,0.9999376
12.520697,1.0005774
12.522086,0.9997419
12.523475,0.9997207
12.524864,1.0001140
12.526253,0.9999560
12.527642,0.9998983
12.529031,1.0000997
12.530420,0.9998890
12.531808,1.0009681
12.533197,1.0000334
12.534586,1.0003486
12.535975,0.9999608
12.537364,1.0001554
12.538753,1.0000340
12.540142,1.0002472
12.541530,0.9997080
12.542919,0.9996929
12.544308,0.9997740
12.545697,0.9999358
12.547086,1.0000470
12.548475,1.0002022
12.549864,0.9999467
12.551253,0.9991695
12.552641,0.9997748
12.554030,1.0004679
12.555419,1.0001471
12.556808,1.0005792
12.558197,1.0001878
12.559586,0.9996689
12.560975,0.9999481
12.562363,1.0001625
12.563752,0.9996630
12.565141,1.0004349
12.566530,1.0001500
12.567919,0.9998019
12.569308,1.0001693
12.570697,1.0001721
12.572086,1.0004290
12.573474,1.0000326
12.574863,1.0001149
12.576252,0.9998970
12.577641,0.9993029
12.579030,1.0001669
12.580419,1.0002195
12.581808,1.0004965
12.583197,1.0001442
12.584585,1.0003222
12.585974,0.9999847
12.587363,0.9996759
12.588752,0.9993000
12.590141,0.9996884
12.591530,0.9999551
12.592919,0.9996463
12.594307,1.0003374
12.595696,0.9998636
12.597085,0.9998762
12.598474,1.0010490
12.599863,0.9999169
12.601252,1.0001362
12.602641,0.9999759
12.604030,1.0000346
12.605418,1.0003379
12.606807,0.9992784
12.608196,0.9997852
12.609585,0.9992459
12.610974,1.0011247
12.612363,1.0007200
12.613752,0.9996580
12.615140,0.9999816
12.616529,0.9999434
12.617918,0.9996709
12.619307,1.0000985
12.620696,1.0004304
12.622085,0.9998151
12.623474,1.0001424
12.624863,0.9999611
12.626251,1.0002022
12.627640,0.9994621
12.629029,0.9995224
12.630418,0.9996337
12.631807,1.0005407
12.633196,1.0006459
12.634585,0.9995227
12.635973,0.9992914
12.637362,0.9996708
12.638751,1.0000912
12.640140,1.0001918
12.641529,1.0001021
12.642918,1.0002477
12.644307,1.0001362
12.645696,0.9995717
12.647084,0.9999890
12.648473,0.9998255
12.649862,0.9994974
12.651251,0.9998163
12.652640,0.9994048
12.654029,1.0000294
12.655418,0.9998058
12.656806,1.0002469
12.658195,1.0002793
12.659584,0.9993512
12.660973,0.9999692
12.662362,1.0002218
12.663751,1.0003385
12.665140,0.9998019
12.666529,0.9995707
12.667917,1.0005202
12.669306,1.0004129
12.670695,1.0002861
12.672084,0.9999480
12.673473,0.9996764
12.674862,1.0001496
12.676251,1.0007229
12.677639,0.9997978
12.679028,0.9994891
12.680417,1.0000894
12.681806,1.0000636
12.683195,1.0002823
12.684584,1.0002115
12.685973,0.9999255
12.687362,1.0007197
12.688750,0.9995456
12.690139,0.9994463
12.691528,0.9996387
12.692917,1.0001179
12.694306,1.0004274
12.695695,1.0003313
12.697084,1.0000795
12.698472,1.0003703
12.699861,0.9991551
12.701250,1.0001093
12.702639,1.0004230
12.704028,1.0000455
12.705417,0.9994035
12.706806,0.9996032
12.708195,1.0001745
12.709583,1.0003443
12.710972,0.9998355
12.712361,1.0001327
12.713750,1.0002652
12.715139,1.0001210
12.716528,1.0005410
12.717917,0.9997986
12.719305,0.9997790
12.720694,1.0001678
12.722083,0.9999070
12.723472,0.9995647
12.724861,0.9998458
12.726250,1.0004048
12.727639,1.0000350
12.729028,0.9997350
12.730416,1.0005477
12.731805,0.9997044
12.733194,1.0001748
12.734583,1.0000387
12.735972,1.0001696
12.737361,1.0005242
12.738750,1.0003859
12.740138,1.0005122
12.741527,0.9996750
12.742916,0.9999066
12.744305,1.0007397
12.745694,1.0004300
12.747083,0.9991675
12.748472,0.9993420
12.749861,0.9993295
12.751249,1.0004425
12.752638,0.9996266
12.754027,0.9996557
12.755416,1.0001451
12.756805,1.0002580
12.758194,1.0000351
12.759583,0.9995507
12.760971,1.0001542
12.762360,0.9999844
12.763749,0.9995208
12.765138,1.0000473
12.766527,0.9991781
12.767916,0.9994694
12.769305,1.0004506
12.770694,0.9999731
12.772082,1.0000501
12.773471,1.0000437
12.774860,1.0001410
12.776249,1.0004115
12.777638,0.9996946
12.779027,0.9997925
12.780416,0.9995225
12.781805,0.9999913
12.783193,0.9998344
12.784582,1.0002555
12.785971,0.9987348
12.787360,1.0003118
12.788749,0.9990999
12.790138,0.9997083
12.791527,1.0002499
12.792915,0.9997246
12.794304,0.9998113
12.795693,0.9997088
12.797082,0.9997265
12.798471,1.0000431
12.799860,0.9998927
12.801249,1.0000115
12.802638,0.9999755
12.804026,0.9994928
12.805415,0.9996073
12.806804,0.9996990
12.808193,0.9992029
12.809582,1.0000232
12.810971,0.9997727
12.812360,0.9993486
12.813748,0.9998647
12.815137,0.9998671
12.816526,1.0000811
12.817915,1.0003163
12.819304,0.9999022
12.820693,0.9998031
12.822082,1.0002112
12.823471,1.0003447
12.824859,1.0001712
12.826248,0.9992698
12.827637,1.0001524
12.829026,0.9993259
12.830415,0.9999618
12.831804,1.0001686
12.833193,1.0002506
12.834581,0.9988231
12.835970,1.0001796
12.837359,0.9999692
12.838748,0.9990328
12.840137,0.9993955
12.841526,0.9990589
12.842915,0.9993061
12.844304,1.0001510
12.845692,0.9997948
12.847081,0.9997926
12.848470,0.9993269
12.849859,0.9998138
12.851248,0.9997754
12.852637,1.0001719
12.854026,1.0002966
12.855414,1.0002022
12.856803,0.9996115
12.858192,1.0001675
12.859581,0.9998153
12.860970,0.9998872
12.862359,0.9998740
12.863748,1.0000320
12.865137,0.9999539
12.866525,0.9996705
12.867914,1.0000068
12.869303,1.0000116
12.870692,0.9996671
12.872081,0.9997600
12.873470,1.0006214
12.874859,0.9999200
12.876247,0.9995208
12.877636,0.9996896
12.879025,0.9998479
12.880414,0.9994599
12.881803,1.0001602
12.883192,1.0002584
12.884581,0.9987804
12.885970,0.9989910
12.887358,0.9997777
12.888747,0.9996589
12.890136,0.9996751
12.891525,0.9992328
12.892914,1.0000141
12.894303,0.9998656
12.895692,0.9997804
12.897080,0.9996492
12.898469,1.0001146
12.899858,0.9997093
12.901247,1.0001596
12.902636,0.9998028
12.904025,1.0003068
12.905414,1.0004485
12.906803,0.9995812
12.908191,0.9992073
12.909580,1.0006855
12.910969,1.0000157
12.912358,1.0002477
12.913747,1.0003275
12.915136,0.9997605
12.916525,0.9995933
12.917913,0.9998758
12.919302,1.0003684
12.920691,0.9995155
12.922080,0.9995385
12.923469,0.9997865
12.924858,1.0003193
12.926247,1.0003606
12.927636,1.0001682
12.929024,0.9997681
12.930413,1.0001815
12.931802,0.9998390
12.933191,1.0003438
12.934580,0.9996234
12.935969,1.0000987
12.937358,1.0002495
12.938746,0.9990396
12.940135,0.9994364
12.941524,0.9999884
12.942913,0.9995693
12.944302,0.9995198
12.945691,0.9994081
12.947080,1.0006358
12.948469,1.0000953
12.949857,0.9997566
12.951246,1.0004163
12.952635,1.0001515
12.954024,0.9996258
12.955413,0.9991770
12.956802,1.0002991
12.958191,0.9995930
12.959580,0.9997088
12.960968,0.9994068
12.962357,0.9990764
12.963746,0.9992177
12.965135,0.9992375
12.966524,0.9998606
12.967913,0.9998499
12.969302,1.0005309
12.970690,0.9997616
12.972079,0.9996685
12.973468,1.0001773
12.974857,0.9999406
12.976246,0.9999576
12.977635,0.9995124
12.979024,1.0000764
12.980413,1.0002626
12.981801,0.9998606
12.983190,1.0001764
12.984579,0.9994421
12.985968,0.9997859
12.987357,0.9998984
12.988746,0.9997441
12.990135,0.9993093
12.991523,1.0003638
12.992912,1.0000623
12.994301,1.0006137
12.995690,0.9995867
12.997079,0.9995369
12.998468,1.0003584
12.999857,0.9998944
13.001246,0.9998209
13.002634,0.9999153
13.004023,0.9996799
13.005412,1.0000318
13.006801,0.9994668
13.008190,0.9993250
13.009579,0.9998908
13.010968,1.0000399
13.012356,0.9995313
13.013745,1.0001176
13.015134,0.9992945
13.016523,0.9996886
13.017912,0.9992170
13.019301,1.0001581
13.020690,0.9998636
13.022079,1.0002045
13.023467,1.0004048
13.024856,1.0008741
13.026245,0.9996842
13.027634,0.9997431
13.029023,1.0001767
13.030412,0.9996669
13.031801,0.9999787
13.033189,0.9995464
13.034578,0.9991423
13.035967,0.9995737
13.037356,1.0003109
13.038745,0.9998331
13.040134,1.0003686
13.041523,0.9992244
13.042912,0.9995489
13.044300,1.0000092
13.045689,0.9996652
13.047078,0.9998585
13.048467,0.9990612
13.049856,0.9992155
13.051245,0.9998301
13.052634,0.9996359
13.054022,0.9999933
13.055411,1.0003536
13.056800,0.9992463
13.058189,0.9994299
13.059578,0.9996182
13.060967,0.9996818
13.062356,0.9998588
13.063745,0.9993536
13.065133,0.9998562
13.066522,0.9993479
13.067911,1.0004160
13.069300,1.0000884
13.070689,0.9996815
13.072078,0.9997273
13.073467,1.0000142
13.074855,0.9992430
13.076244,0.9992829
13.077633,0.9998139
13.079022,1.0006603
13.080411,1.0003825
13.081800,0.9999015
13.083189,0.9999903
13.084578,0.9992152
13.085966,0.9995936
13.087355,0.9996915
13.088744,1.0001236
13.090133,1.0000607
13.091522,0.9997161
13.092911,1.0002782
13.094300,1.0001485
13.095688,1.0001079
13.097077,0.9997390
13.098466,1.0000553
13.099855,1.0010147
13.101244,0.9999988
13.102633,0.9999606
13.104022,1.0003549
13.105411,0.9991090
13.106799,1.0001243
13.108188,0.9987431
13.109577,1.0000133
13.110966,1.0002681
13.112355,0.9999531
13.113744,1.0002638
13.115133,0.9997934
13.116521,0.9994680
13.117910,0.9995186
13.119299,0.9995044
13.120688,1.0000628
13.122077,0.9996374
13.123466,0.9992100
13.124855,0.9998846
13.126244,0.9995266
13.127632,0.9997425
13.129021,0.9998536
13.130410,1.0003183
13.131799,0.9992481
13.133188,0.9998018
13.134577,0.9993770
13.135966,0.9991053
13.137354,1.0000372
13.138743,1.0002098
13.140132,0.9999216
13.141521,0.9999143
13.142910,0.9997945
13.144299,1.0001882
13.145688,1.0001585
13.147077,1.0001473
13.148465,0.9998317
13.149854,1.0000399
13.151243,1.0000435
13.152632,1.0004336
13.154021,0.9999682
13.155410,0.9995397
13.156799,0.9993289
13.158188,0.9991594
13.159576,1.0001324
13.160965,0.9996034
13.162354,0.9999630
13.163743,0.9994771
13.165132,0.9998113
13.166521,0.9990964
13.167910,0.9997473
13.169298,0.9989785
13.170687,0.9995829
13.172076,0.9993844
13.173465,0.9999096
13.174854,0.9997057
13.176243,0.9999096
13.177632,0.9990446
13.179021,0.9995168
13.180409,0.9992731
13.181798,0.9999924
13.183187,0.9997876
13.184576,0.9995114
13.185965,0.9999671
13.187354,0.9995807
13.188743,0.9998698
13.190131,1.0008681
13.191520,0.9991444
13.192909,0.9998870
13.194298,0.9995804
13.195687,0.9997547
13.197076,0.9998385
13.198465,0.9996526
13.199854,0.9995923
13.201242,0.9995346
13.202631,0.9997929
13.204020,0.9992275
13.205409,0.9999763
13.206798,0.9998609
13.208187,0.9993514
13.209576,1.0001270
13.210964,0.9995313
13.212353,0.9994369
13.213742,0.9994265
13.215131,0.9995857
13.216520,0.9997654
13.217909,0.9999363
13.219298,0.9998699
13.220687,1.0000510
13.222075,0.9995000
13.223464,0.9991557
13.224853,0.9991838
13.226242,1.0001442
13.227631,0.9997554
13.229020,0.9991791
13.230409,0.9986118
13.231797,0.9996271
13.233186,0.9992522
13.234575,0.9995159
13.235964,0.9996044
13.237353,0.9995211
13.238742,0.9992533
13.240131,0.9994356
13.241520,0.9995782
13.242908,0.9997182
13.244297,0.9996160
13.245686,0.9996725
13.247075,0.9990768
13.248464,0.9992088
13.249853,0.9994194
13.251242,0.9987133
13.252630,0.9984619
13.254019,0.9991624
13.255408,1.0000051
13.472071,1.0002213
13.473460,0.9993926
13.474849,0.9996257
13.476238,0.9996391
13.477627,0.9997095
13.479016,0.9995364
13.480405,0.9987792
13.481793,0.9994473
13.483182,0.9997114
13.484571,0.9990815
13.485960,0.9995104
13.487349,0.9992088
13.488738,0.9991918
13.490127,0.9998309
13.491515,0.9996578
13.492904,0.9998489
13.494293,0.9996132
13.495682,0.9997555
13.497071,0.9999702
13.498460,0.9999039
13.499849,1.0003028
13.501238,0.9993902
13.502626,1.0000634
13.504015,0.9999131
13.505404,0.9997302
13.506793,0.9999574
13.508182,0.9991279
13.509571,0.9999231
13.510960,0.9998524
13.512348,1.0000116
13.513737,0.9995758
13.515126,0.9999020
13.516515,0.9998864
13.517904,1.0001907
13.519293,1.0001556
13.520682,1.0002213
13.522071,0.9998129
13.523459,1.0000650
13.524848,1.0001410
13.526237,0.9999516
13.527626,0.9996808
13.529015,1.0001103
13.530404,0.9998375
13.531793,1.0003512
13.533181,0.9997147
13.534570,0.9998966
13.535959,1.0001600
13.537348,1.0004633
13.538737,1.0001884
13.540126,1.0001905
13.541515,1.0001209
13.542904,1.0000854
13.544292,1.0003818
13.545681,1.0003562
13.547070,0.9996738
13.548459,1.0001348
13.549848,1.0002603
13.551237,1.0000022
13.552626,1.0002437
13.554014,0.9995942
13.555403,1.0002708
13.556792,0.9997169
13.558181,1.0001613
13.559570,1.0010005
13.560959,0.9998374
13.562348,1.0003012
13.563737,1.0001421
13.565125,1.0003883
13.566514,0.9996065
13.567903,0.9998607
13.569292,1.0000584
13.570681,1.0005556
13.572070,0.9999844
13.573459,0.9996225
13.574847,0.9995963
13.576236,0.9999519
13.577625,1.0004324
13.579014,1.0006146
13.580403,0.9998088
13.581792,1.0001286
13.583181,1.0003300
13.584570,1.0002762
13.585958,0.9997538
13.587347,0.9998371
13.588736,0.9998886
13.590125,0.9998458
13.591514,0.9998454
13.592903,0.9997599
13.594292,0.9999249
13.595680,0.9995775
13.597069,1.0003873
13.598458,1.0004327
13.599847,1.0006369
13.601236,1.0002374
13.602625,1.0000140
13.604014,1.0000293
13.605403,1.0003694
13.606791,1.0003282
13.608180,0.9999023
13.609569,0.9997726
13.610958,1.0002519
13.612347,1.0005419
13.613736,1.0003532
13.615125,0.9996407
13.616513,1.0000961
13.617902,0.9996867
13.619291,1.0005710
13.620680,1.0002923
13.622069,0.9998205
13.623458,1.0000725
13.624847,0.9999970
13.626235,1.0001067
13.627624,1.0002253
13.629013,1.0005173
13.630402,1.0000186
13.631791,0.9999769
13.633180,1.0002598
13.634569,0.9999223
13.635958,0.9996475
13.637346,1.0004175
13.638735,0.9998588
13.640124,1.0002244
13.641513,0.9999528
13.642902,1.0001708
13.644291,0.9996840
13.645680,1.0004437
13.647068,0.9999552
13.648457,0.9998501
13.649846,1.0001880
13.651235,1.0005678
13.652624,0.9998399
13.654013,1.0006663
13.655402,1.0001790
13.656791,0.9999567
13.658179,1.0002492
13.659568,1.0003144
13.660957,1.0000283
13.662346,0.9996408
13.663735,1.0004307
13.665124,1.0000350
13.666513,0.9999940
13.667901,0.9998361
13.669290,1.0003589
13.670679,1.0000836
13.672068,1.0001162
13.673457,0.9997585
13.674846,1.0004014
13.676235,1.0000917
13.677624,0.9997896
13.679012,0.9999953
13.680401,1.0006940
13.681790,0.9999397
13.683179,0.9998006
13.684568,0.9997673
13.685957,1.0001830
13.687346,0.9997989
13.688734,1.0006092
13.690123,0.9999591
13.691512,0.9995584
13.692901,1.0002714
13.694290,1.0000509
13.695679,1.0003584
13.697068,0.9997878
13.698456,1.0000100
13.699845,0.9996932
13.701234,0.9995892
13.702623,0.9995144
13.704012,0.9998597
13.705401,1.0000946
13.706790,0.9998936
13.708179,1.0001878
13.709567,0.9999479
13.710956,1.0001390
13.712345,1.0001870
13.713734,1.0001856
13.715123,0.9998937
13.716512,1.0004616
13.717901,0.9995044
13.719289,1.0002532
13.720678,0.9998166
13.722067,1.0002388
13.723456,0.9997074
13.724845,1.0001833
13.726234,1.0004988
13.727623,1.0001501
13.729012,1.0000543
13.730400,1.0000505
13.731789,1.0003982
13.733178,0.9997525
13.734567,0.9998572
13.735956,0.9996387
13.737345,0.9999034
13.738734,0.9998998
13.740122,1.0000187
13.741511,0.9999112
13.742900,1.0002525
13.744289,1.0006533
13.745678,1.0000429
13.747067,0.9999911
13.748456,0.9996785
13.749845,0.9997678
13.751233,0.9998322
13.752622,1.0001461
13.754011,0.9997138
13.755400,1.0003648
13.756789,0.9999434
13.758178,0.9996311
13.759567,1.0000506
13.760955,0.9995644
13.762344,1.0002896
13.763733,0.9998339
13.765122,1.0002517
13.766511,1.0000004
13.767900,0.9996282
13.769289,1.0001232
13.770677,0.9998767
13.772066,1.0000578
13.773455,0.9998364
13.774844,1.0002215
13.776233,1.0000170
13.777622,1.0004407
13.779011,0.9998646
13.780400,1.0006198
13.781788,1.0000679
13.783177,1.0002707
13.784566,0.9994299
13.785955,1.0001813
13.787344,1.0006597
13.788733,0.9999568
13.790122,0.9999947
13.791510,1.0001762
13.792899,0.9998384
13.794288,1.0005094
13.795677,0.9999738
13.797066,0.9998870
13.798455,1.0003501
13.799844,0.9999708
13.801233,0.9999929
13.802621,1.0002617
13.804010,0.9998802
13.805399,1.0001963
13.806788,0.9999216
13.808177,1.0001071
13.809566,1.0001285
13.810955,1.0002648
13.812343,1.0000796
13.813732,1.0005381
13.815121,1.0003195
13.816510,0.9999930
13.817899,0.9998503
13.819288,1.0000606
13.820677,1.0001846
13.822065,1.0002032
13.823454,0.9995876
13.824843,1.0000747
13.826232,1.0003599
13.827621,0.9999294
13.829010,0.9996342
13.830399,1.0003165
13.831788,1.0004790
13.833176,1.0001342
13.834565,1.0002775
13.835954,0.9999155
13.837343,1.0013750
13.838732,1.0004993
13.840121,1.0003031
13.841510,0.9994298
13.842898,0.9997087
13.844287,1.0001439
13.845676,0.9999837
13.847065,1.0003173
13.848454,1.0003533
13.849843,0.9994885
13.851232,0.9997819
13.852620,1.0003366
13.854009,1.0000547
13.855398,0.9997534
13.856787,0.9995503
13.858176,1.0002384
13.859565,1.0002527
13.860954,0.9995836
13.862343,1.0002060
13.863731,0.9997939
13.865120,0.9997157
13.866509,0.9992752
13.867898,0.9996512
13.869287,1.0000844
13.870676,0.9999104
13.872065,1.0003449
13.873453,0.9995336
13.874842,1.0004729
13.876231,0.9997797
13.877620,0.9999046
13.879009,0.9994116
13.880398,0.9996135
13.881787,1.0002447
13.883176,1.0006492
13.884564,0.9997888
13.885953,1.0001023
13.887342,0.9999076
13.888731,0.9995712
13.890120,0.9998862
13.891509,0.9996715
13.892898,0.9998529
13.894286,1.0001758
13.895675,1.0003603
13.897064,1.0000652
13.898453,1.0005793
13.899842,0.9997228
13.901231,0.9991159
13.902620,1.0004172
13.904008,1.0000021
13.905397,0.9997729
13.906786,0.9998494
13.908175,1.0001153
13.909564,1.0000420
13.910953,0.9998404
13.912342,0.9996216
13.913731,0.9999487
13.915119,0.9998949
13.916508,1.0003398
13.917897,1.0001050
13.919286,1.0005126
13.920675,0.9999959
13.922064,0.9999129
13.923453,1.0002626
13.924841,1.0001869
13.926230,1.0000458
13.927619,1.0002788
13.929008,1.0001206
13.930397,0.9994874
13.931786,1.0002430
13.933175,0.9998673
13.934563,0.9998024
13.935952,1.0003499
13.937341,1.0000307
13.938730,0.9999906
13.940119,0.9998383
13.941508,1.0002112
13.942897,0.9999133
13.944286,1.0000099
13.945674,1.0006985
13.947063,0.9998106
13.948452,0.9998628
13.949841,1.0002370
13.951230,0.9998046
13.952619,0.9998354
13.954008,0.9995954
13.955396,1.0000670
13.956785,0.9998841
13.958174,0.9998569
13.959563,0.9994833
13.960952,1.0000795
13.962341,0.9998449
13.963730,1.0006657
13.965118,1.0001136
13.966507,1.0000955
13.967896,1.0000923
13.969285,0.9996787
13.970674,1.0003111
13.972063,0.9997796
13.973452,1.0000003
13.974841,1.0003931
13.976229,1.0002556
13.977618,1.0001898
13.979007,0.9999688
13.980396,0.9998585
13.981785,1.0000457
13.983174,1.0004494
13.984563,1.0001904
13.985951,0.9996991
13.987340,1.0002592
13.988729,0.9999137
13.990118,1.0000927
13.991507,0.9998965
13.992896,0.9989360
13.994285,0.9996768
13.995673,0.9997861
13.997062,1.0000648
13.998451,0.9999359
13.999840,0.9996513
14.001229,1.0000851
14.002618,1.0003931
14.004007,1.0003139
14.005396,0.9998016
14.006784,1.0004554
14.008173,1.0002188
14.009562,1.0000284
14.010951,1.0002791
14.012340,0.9999420
14.013729,1.0002831
14.015118,0.9994717
14.016506,1.0000978
14.017895,0.9997223
14.019284,0.9996944
14.020673,1.0002434
14.022062,1.0001955
14.023451,0.9997833
14.024840,0.9998137
14.026228,1.0005028
14.027617,1.0002311
14.029006,1.0001024
14.030395,0.9998644
14.031784,1.0004686
14.033173,0.9998774
14.034562,1.0001138
14.035951,1.0000075
14.037339,1.0003195
14.038728,0.9999466
14.040117,0.9999990
14.041506,1.0004153
14.042895,1.0004396
14.044284,1.0005888
14.045673,0.9993564
14.047061,1.0002881
14.048450,0.9996900
14.049839,1.0000897
14.051228,1.0001779
14.052617,1.0002870
14.054006,1.0003111
14.055395,0.9998122
14.056783,1.0000055
14.058172,1.0002118
14.059561,0.9995669
14.060950,1.0001976
14.062339,0.9999642
14.063728,1.0004901
14.065117,0.9997194
14.066506,1.0005755
14.067894,0.9998687
14.069283,1.0000525
14.070672,1.0001591
14.072061,0.9998644
14.073450,0.9996698
14.074839,1.0003307
14.076228,1.0003946
14.077616,0.9995959
14.079005,0.9996021
14.080394,0.9998737
14.081783,0.9997401
14.083172,0.9999697
14.084561,0.9999049
14.085950,1.0004268
14.087338,0.9992757
14.088727,0.9998752
14.090116,0.9993489
14.091505,1.0001567
14.092894,1.0000920
14.094283,0.9999795
14.095672,0.9995531
14.097061,0.9996850
14.098449,0.9995170
14.099838,1.0000786
14.101227,0.9999721
14.102616,1.0002804
14.104005,0.9997897
14.105394,0.9999706
14.106783,0.9998686
14.108171,1.0000404
14.109560,0.9999581
14.110949,0.9998698
14.112338,0.9998818
14.113727,0.9998820
14.115116,0.9994263
14.116505,0.9997504
14.117893,0.9998511
14.119282,0.9997257
14.120671,0.9997859
14.122060,1.0002574
14.123449,1.0003819
14.124838,0.9998940
14.126227,1.0001258
14.127615,1.0000378
14.129004,1.0000144
14.130393,1.0004443
14.131782,1.0000491
14.133171,0.9999871
14.134560,1.0001898
14.135949,0.9996389
14.137338,1.0001898
14.138726,0.9999382
14.140115,1.0006378
14.141504,1.0002086
14.142893,1.0003404
14.144282,1.0000796
14.145671,1.0001135
14.147060,0.9998197
14.148448,0.9999093
14.149837,1.0001569
14.151226,1.0001038
14.152615,0.9999033
14.154004,0.9994715
14.155393,0.9995171
14.156782,0.9993547
14.158170,1.0002210
14.159559,0.9994308
14.160948,1.0003396
14.162337,1.0000745
14.163726,1.0006673
14.165115,0.9996940
14.166504,1.0003281
14.167893,1.0007086
14.169281,1.0004365
14.170670,1.0002744
14.172059,1.0001697
14.173448,0.9999238
14.174837,1.0002361
14.176226,1.0002147
14.177615,1.0002516
14.179003,0.9989975
14.180392,1.0002367
14.181781,1.0001660
14.183170,0.9996356
14.184559,1.0000468
14.185948,1.0002815
14.187337,1.0003063
14.188725,0.9996956
14.190114,1.0001552
14.191503,0.9997588
14.192892,0.9999210
14.194281,1.0005662
14.195670,1.0003243
14.197059,1.0001502
14.198447,0.9997932
14.199836,0.9998673
14.201225,1.0004852
14.202614,0.9997823
14.204003,1.0000874
14.205392,1.0001989
14.206781,0.9999171
14.208170,0.9994130
14.209558,1.0002094
14.210947,1.0000980
14.212336,1.0002403
14.213725,0.9997734
14.215114,1.0000651
14.216503,1.0005470
14.217892,1.0002809
14.219280,0.9998730
14.220669,1.0003827
14.222058,1.0003920
14.223447,1.0002402
14.224836,1.0000744
14.226225,1.0001806
14.227614,0.9999755
14.229002,1.0000952
14.230391,0.9996363
14.231780,1.0003414
14.233169,0.9997602
14.234558,0.9999167
14.235947,0.9999595
14.237336,1.0005431
14.238724,1.0001051
14.240113,1.0000063
14.241502,1.0001131
14.242891,0.9995594
14.244280,0.9997817
14.245669,1.0000720
14.247058,0.9999600
14.248447,1.0001666
14.249835,1.0001528
14.251224,1.0003432
14.252613,0.9997749
14.254002,1.0004577
14.255391,0.9994395
14.256780,0.9997976
14.258169,1.0002350
14.259557,1.0001741
14.260946,1.0003857
14.262335,1.0002447
14.263724,0.9997028
14.265113,1.0002385
14.266502,1.0003626
14.267891,0.9999664
14.269279,1.0006795
14.270668,0.9997175
14.272057,0.9998696
14.273446,1.0003464
14.274835,0.9996048
14.276224,1.0001821
14.277613,0.9994678
14.279001,0.9999563
14.280390,0.9994347
14.281779,1.0003026
14.283168,1.0003601
14.284557,0.9998641
14.285946,0.9999754
14.287335,1.0004819
14.288724,1.0002108
14.290112,0.9998448
14.291501,0.9999777
14.292890,0.9999719
14.294279,0.9991699
14.295668,0.9999271
14.297057,1.0000447
14.298446,0.9998918
14.299834,1.0003697
14.301223,0.9993654
14.302612,1.0000809
14.304001,0.9997297
14.305390,1.0002741
14.306779,1.0000828
14.308168,0.9999332
14.309556,0.9994578
14.310945,1.0001850
14.312334,1.0000617
14.313723,0.9999924
14.315112,0.9999061
14.316501,1.0004122
14.317890,1.0003116
14.319278,0.9997544
14.320667,0.9995983
14.322056,1.0003063
14.323445,1.0000994
14.324834,1.0001926
14.326223,0.9997270
14.327612,0.9998629
14.329000,0.9997836
14.330389,1.0002301
14.331778,1.0001822
14.333167,1.0002429
14.334556,0.9998747
14.335945,0.9997612
14.337334,1.0000719
14.338723,0.9993653
14.340111,0.9992913
14.341500,1.0001369
14.342889,0.9997301
14.344278,1.0001703
14.345667,0.9994943
14.347056,0.9996462
14.348445,1.0000594
14.349833,0.9997281
14.351222,0.9998436
14.352611,1.0002444
14.354000,0.9997467
14.355389,1.0001807
14.356778,0.9995843
14.358167,0.9994795
14.359555,1.0002354
14.360944,0.9998225
14.362333,1.0000440
14.363722,0.9997252
14.365111,1.0000271
14.366500,0.9997980
14.367889,0.9991531
14.369277,0.9997197
14.370666,1.0001037
14.372055,1.0001737
14.373444,0.9992213
14.374833,0.9995744
14.376222,0.9997989
14.377611,0.9995567
14.379000,1.0001843
14.380388,0.9994558
14.381777,0.9998747
14.383166,0.9996120
14.384555,0.9998447
14.385944,0.9999431
14.387333,0.9996497
14.388722,0.9995401
14.390110,0.9996682
14.391499,0.9997169
14.392888,0.9996274
14.394277,1.0002440
14.395666,1.0000125
14.397055,1.0000243
14.398444,1.0001910
14.399832,1.0002140
14.401221,0.9999781
14.402610,0.9999899
14.403999,0.9997773
14.405388,0.9997690
14.406777,0.9998251
14.408166,0.9998611
14.409554,0.9995717
14.410943,0.9996620
14.412332,0.9995323
14.413721,0.9995898
14.415110,0.9996471
14.416499,0.9999861
14.417888,1.0002470
14.419276,0.9995185
14.420665,0.9999789
14.422054,1.0000190
14.423443,1.0003735
14.424832,0.9998028
14.426221,1.0000323
14.427610,1.0000622
14.428999,1.0007228
14.430387,0.9999674
14.431776,1.0004832
14.433165,0.9999157
14.434554,1.0001449
14.435943,1.0000722
14.437332,1.0003331
14.438721,0.9996331
14.440109,1.0003136
14.441498,0.9995028
14.442887,0.9994942
14.444276,0.9998333
14.445665,0.9996103
14.447054,1.0002357
14.448443,0.9994743
14.449831,0.9997028
14.451220,0.9996854
14.452609,0.9993940
14.453998,0.9997246
14.455387,1.0004064
14.456776,1.0000695
14.458165,1.0005946
14.459553,0.9998674
14.460942,1.0000113
14.462331,0.9994136
14.463720,0.9994530
14.465109,0.9994672
14.466498,1.0003365
14.467887,1.0000741
14.469275,0.9999988
14.470664,1.0002029
14.472053,0.9999519
14.473442,1.0001523
14.474831,1.0002991
14.476220,1.0002705
14.477609,1.0001497
14.478997,1.0003569
14.480386,1.0000065
14.481775,1.0012290
14.483164,0.9999816
14.484553,1.0001297
14.485942,1.0001718
14.487331,0.9998911
14.488720,1.0000558
14.490108,0.9999248
14.491497,1.0001287
14.492886,0.9999457
14.494275,1.0005631
14.495664,0.9996188
14.497053,0.9995576
14.498442,0.9998280
14.499830,0.9999106
14.501219,0.9994965
14.502608,0.9997698
14.503997,0.9999143
14.505386,0.9999143
14.506775,1.0001933
14.508164,1.0001479
14.509552,0.9995526
14.510941,1.0004700
14.512330,1.0001198
14.513719,1.0000427
14.515108,1.0002423
14.516497,1.0000567
14.517886,0.9997441
14.519274,1.0003709
14.520663,1.0001456
14.522052,0.9998555
14.523441,1.0001386
14.524830,1.0002835
14.526219,0.9996290
14.527608,0.9999285
14.528996,1.0000410
14.530385,0.9998722
14.531774,0.9998034
14.533163,1.0002511
14.534552,0.9998475
14.535941,1.0003767
14.537330,1.0003311
14.538718,0.9999188
14.540107,0.9998416
14.541496,1.0000538
14.542885,0.9996385
14.544274,1.0002577
14.545663,1.0001642
14.547052,0.9996640
14.548440,0.9999898
14.549829,1.0003951
14.551218,1.0001738
14.552607,1.0002662
14.553996,1.0002662
14.555385,1.0003097
14.556774,1.0002568
14.558163,0.9996806
14.559551,0.9995819
14.560940,0.9999854
14.562329,1.0002226
14.563718,1.0001804
14.565107,1.0001606
14.566496,1.0003187
14.567885,0.9998474
14.569273,1.0006732
14.570662,0.9999197
14.572051,1.0003244
14.573440,1.0002863
14.574829,0.9997301
14.576218,1.0000612
14.577607,1.0004547
14.578995,0.9995499
14.580384,0.9999325
14.581773,1.0000034
14.583162,1.0001336
14.584551,1.0003875
14.585940,1.0003329
14.587329,0.9996550
14.588717,0.9998258
14.590106,1.0007561
14.591495,1.0000483
14.592884,1.0008700
14.594273,0.9998211
14.595662,0.9997727
14.597051,0.9996615
14.598439,1.0004775
14.599828,0.9997291
14.601217,1.0000230
14.602606,1.0006461
14.603995,1.0005086
14.605384,0.9997463
14.606773,1.0005161
14.608161,0.9997203
14.609550,1.0006712
14.610939,1.0002830
14.612328,1.0001901
14.613717,1.0004743
14.615106,1.0004275
14.616495,1.0002063
14.617883,1.0002417
14.619272,0.9997246
14.620661,0.9998611
14.622050,1.0004164
14.623439,0.9998310
14.624828,0.9998469
14.626217,1.0000413
14.627606,0.9999523
14.628994,0.9996448
14.630383,1.0001045
14.631772,1.0004459
14.633161,0.9992877
14.634550,1.0005900
14.635939,1.0000385
14.637328,0.9997872
14.638716,0.9994428
14.640105,1.0000000
14.641494,1.0005095
14.642883,1.0000499
14.644272,1.0000714
14.645661,1.0004586
14.647050,1.0004259
14.648438,1.0004051
14.649827,1.0000841
14.651216,0.9999892
14.652605,1.0001680
14.653994,1.0000680
14.655383,0.9998592
14.656772,1.0001324
14.658160,1.0003098
14.659549,1.0000013
14.660938,0.9998786
14.662327,1.0000122
14.663716,0.9996270
14.665105,0.9999091
14.666494,0.9994241
14.667882,0.9999355
14.669271,1.0000835
14.670660,1.0003535
14.672049,1.0001347
14.673438,1.0005048
14.674827,1.0000457
14.676216,1.0001830
14.677604,1.0001896
14.678993,0.9998660
14.680382,1.0004302
14.681771,1.0002651
14.683160,0.9998135
14.684549,0.9996944
14.685938,1.0004180
14.687326,0.9997654
14.688715,0.9998386
14.690104,1.0005642
14.691493,1.0002822
14.692882,0.9999093
14.694271,1.0003299
14.695660,0.9998213
14.697048,0.9997391
14.698437,1.0000173
14.699826,0.9998415
14.701215,1.0004182
14.702604,0.9997491
14.703993,1.0002836
14.705382,0.9998004
14.706770,0.9999470
14.708159,1.0001652
14.709548,0.9998781
14.710937,1.0001047
14.712326,1.0000831
14.713715,0.9994674
14.715104,0.9999704
14.716493,0.9998802
14.717881,0.9999253
14.719270,1.0000275
14.720659,0.9999159
14.722048,0.9997463
14.723437,1.0001371
14.724826,0.9996572
14.726215,0.9997157
14.727603,0.9998697
14.728992,0.9999617
14.730381,0.9994532
14.731770,1.0004871
14.733159,1.0000636
14.734548,1.0003567
14.735937,1.0005169
14.737325,0.9999256
14.738714,0.9996246
14.740103,0.9994157
14.741492,1.0002015
14.742881,0.9999686
14.744270,0.9999019
14.745659,1.0002978
14.747047,1.0000026
14.748436,1.0000445
14.749825,1.0001744
14.751214,0.9996457
14.752603,1.0002293
14.753992,0.9999456
14.755381,1.0004349
14.756769,1.0003938
14.758158,0.9997289
14.759547,1.0000434
14.760936,1.0003867
14.762325,1.0002710
14.763714,0.9999282
14.765103,1.0001072
14.766491,1.0006297
14.767880,0.9996459
14.769269,1.0004138
14.770658,0.9997482
14.772047,1.0003756
14.773436,1.0001022
14.774825,0.9997939
14.776213,1.0000755
14.777602,0.9998720
14.778991,0.9998045
14.780380,1.0002202
14.781769,1.0004272
14.783158,0.9999634
14.784547,1.0000799
14.785935,1.0002840
14.787324,0.9994900
14.788713,0.9999931
14.790102,0.9996873
14.791491,0.9998526
14.792880,0.9995605
14.794269,0.9999046
14.795657,0.9999035
14.797046,0.9997283
14.798435,1.0002729
14.799824,0.9998430
14.801213,0.9998737
14.802602,0.9997286
14.803991,0.9997047
14.805379,1.0001415
14.806768,1.0000214
14.808157,0.9996650
14.809546,1.0000418
14.810935,0.9996147
14.812324,0.9999448
14.813713,0.9998808
14.815101,1.0002990
14.816490,1.0002281
14.817879,1.0001192
14.819268,0.9999640
14.820657,1.0000698
14.822046,0.9999339
14.823435,1.0002648
14.824823,1.0002257
14.826212,1.0001000
14.827601,0.9999219
14.828990,1.0000325
14.830379,1.0002184
14.831768,0.9997220
14.833157,0.9994279
14.834546,0.9994992
14.835934,1.0001119
14.837323,0.9999227
14.838712,1.0002555
14.840101,0.9994925
14.841490,0.9996515
14.842879,1.0000455
14.844268,1.0000584
14.845656,1.0003555
14.847045,0.9999728
14.848434,0.9999294
14.849823,0.9998007
14.851212,1.0001685
14.852601,0.9994868
14.853990,1.0007772
14.855378,0.9997883
14.856767,0.9993071
14.858156,1.0000352
14.859545,1.0002205
14.860934,1.0000106
14.862323,0.9997805
14.863712,1.0001546
14.865100,0.9994881
14.866489,1.0004588
14.867878,1.0004680
14.869267,0.9991736
14.870656,1.0000509
14.872045,0.9996407
14.873434,0.9998447
14.874822,0.9997280
14.876211,0.9997457
14.877600,1.0000067
14.878989,0.9995692
14.880378,1.0006895
14.881767,0.9996441
14.883156,1.0001949
14.884544,1.0002318
14.885933,0.9998024
14.887322,0.9998674
14.888711,0.9999529
14.890100,0.9998972
14.891489,1.0001216
14.892878,0.9998257
14.894266,0.9999471
14.895655,1.0001757
14.897044,0.9995338
14.898433,1.0005497
14.899822,0.9997023
14.901211,1.0000240
14.902600,0.9992626
14.903988,1.0002286
14.905377,0.9996524
14.906766,0.9999495
14.908155,0.9998950
14.909544,0.9999753
14.910933,1.0003279
14.912322,1.0003355
14.913710,0.9995503
14.915099,0.9998974
14.916488,0.9999497
14.917877,0.9998095
14.919266,1.0002943
14.920655,1.0002988
14.922044,0.9990544
14.923432,0.9998795
14.924821,1.0000780
14.926210,1.0004155
14.927599,0.9999685
14.928988,0.9998944
14.930377,1.0002183
14.931766,0.9998553
14.933154,1.0006557
14.934543,0.9997137
14.935932,1.0004334
14.937321,1.0003639
14.938710,1.0004719
14.940099,0.9997576
14.941488,1.0000326
14.942876,1.0002823
14.944265,1.0000087
14.945654,1.0000423
14.947043,1.0000809
14.948432,1.0003294
14.949821,0.9996827
14.951210,0.9996785
14.952598,0.9999383
14.953987,1.0000370
14.955376,0.9997039
14.956765,0.9999069
14.958154,0.9997529
14.959543,1.0000099
14.960932,0.9998197
14.962320,1.0001444
14.963709,1.0001663
14.965098,0.9997753
14.966487,0.9998123
14.967876,0.9999184
14.969265,0.9997546
14.970654,1.0005562
14.972042,0.9999940
14.973431,1.0003280
14.974820,0.9996960
14.976209,1.0003368
14.977598,1.0001461
14.978987,1.0000220
14.980376,0.9999430
14.981764,1.0001227
14.983153,0.9996018
14.984542,1.0002979
14.985931,1.0004444
14.987320,0.9998071
14.988709,0.9995061
14.990098,0.9999683
14.991486,0.9997379
14.992875,1.0002847
14.994264,1.0000425
14.995653,1.0003750
14.997042,0.9995984
14.998431,1.0002661
14.999820,0.9996557
15.001208,0.9998685
15.002597,0.9996625
15.003986,1.0004734
15.005375,0.9997743
15.006764,1.0004138
15.008153,1.0004042
15.009542,0.9998107
15.010930,1.0001040
15.012319,0.9997371
15.013708,1.0000507
15.015097,1.0003250
15.016486,0.9994412
15.017875,1.0000745
15.019264,0.9997513
15.020652,0.9996213
15.022041,0.9995196
15.023430,1.0000090
15.024819,0.9998865
15.026208,0.9999593
15.027597,0.9999956
15.028986,1.0006118
15.030374,0.9999106
15.031763,0.9996343
15.033152,1.0002291
15.034541,0.9997180
15.035930,0.9996458
15.037319,0.9997421
15.038708,1.0002019
15.040096,1.0000026
15.041485,1.0005396
15.042874,1.0002069
15.044263,0.9996120
15.045652,1.0003795
15.047041,0.9995869
15.048430,1.0001414
15.049818,0.9998911
15.051207,0.9996764
15.052596,0.9999163
15.053985,0.9997067
15.055374,1.0003299
15.056763,1.0001526
15.058152,1.0000871
15.059540,0.9999944
15.060929,0.9995488
15.062318,1.0002116
15.063707,0.9998771
15.065096,1.0001306
15.066485,0.9993293
15.067874,1.0000330
15.069262,0.9995553
15.070651,0.9997234
15.072040,0.9998619
15.073429,1.0008832
15.074818,1.0000924
15.076207,1.0001804
15.077596,1.0002674
15.078984,0.9995186
15.080373,0.9995376
15.081762,0.9997919
15.083151,0.9996489
15.084540,0.9998014
15.085929,0.9997397
15.087318,0.9999618
15.088706,1.0001485
15.090095,0.9998237
15.091484,0.9999110
15.092873,0.9998642
15.094262,1.0003369
15.095651,0.9997639
15.097040,1.0000359
15.098428,0.9996359
15.099817,1.0001644
15.101206,0.9999321
15.102595,0.9997869
15.103984,1.0001361
15.105373,1.0002194
15.106762,1.0002315
15.108150,0.9998521
15.109539,0.9995170
15.110928,0.9999632
15.112317,0.9998254
15.113706,1.0001414
15.115095,0.9999746
15.116484,1.0004064
15.117872,1.0000629
15.119261,0.9998620
15.120650,1.0000815
15.122039,0.9999840
15.123428,1.0001817
15.124817,0.9997517
15.126206,1.0006221
15.127594,1.0002122
15.128983,1.0001866
15.130372,0.9994920
15.131761,0.9998659
15.133150,1.0001643
15.134539,0.9998959
15.135928,1.0002539
15.137316,0.9999632
15.138705,1.0000871
15.140094,1.0004627
15.141483,0.9998612
15.142872,1.0005602
15.144261,1.0000952
15.145650,1.0003794
15.147038,0.9995868
15.148427,1.0004922
15.149816,0.9994040
15.151205,0.9999744
15.152594,1.0000296
15.153983,0.9999818
15.155372,0.9998380
15.156760,0.9998315
15.158149,0.9999285
15.159538,1.0001865
15.160927,1.0006373
15.162316,1.0001932
15.163705,1.0002839
15.165094,1.0004146
15.166482,0.9997560
15.167871,0.9998020
15.169260,1.0003272
15.170649,0.9994071
15.172038,1.0002813
15.173427,0.9999874
15.174816,0.9998153
15.176204,1.0001478
15.177593,1.0001035
15.178982,1.0002859
15.180371,0.9997300
15.181760,1.0005401
15.183149,0.9995093
15.184538,0.9999855
15.185926,1.0000309
15.187315,1.0004315
15.188704,1.0000992
15.190093,1.0004119
15.191482,0.9999461
15.192871,0.9998466
15.194260,1.0000828
15.195648,1.0004375
15.197037,0.9997319
15.198426,1.0000956
15.199815,0.9998822
15.201204,0.9997012
15.202593,0.9998690
15.203982,0.9998492
15.205370,0.9998227
15.206759,1.0001286
15.208148,0.9998478
15.209537,0.9996196
15.210926,0.9999870
15.212315,0.9992998
15.213704,0.9998201
15.215092,0.9996205
15.216481,0.9997096
15.217870,1.0004167
15.219259,0.9993642
15.220648,0.9994323
15.222037,1.0000251
15.223426,1.0000161
15.224814,0.9994183
15.226203,1.0000811
15.227592,1.0000164
15.228981,1.0003173
15.230370,1.0001323
15.231759,1.0003272
15.233148,0.9999062
15.234536,0.9997629
15.235925,0.9996766
15.237314,1.0002814
15.238703,1.0000865
15.240092,0.9995524
15.241481,1.0001090
15.242870,0.9993967
15.244258,1.0000907
15.245647,0.9998800
15.247036,1.0006015
15.248425,0.9996413
15.249814,0.9999035
15.251203,0.9998075
15.252592,0.9999851
15.253980,0.9999857
15.255369,1.0003893
15.256758,0.9997692
15.258147,0.9997973
15.259536,0.9999196
15.260925,0.9998418
15.262314,1.0001591
15.263702,1.0000066
15.265091,1.0002639
15.266480,1.0002175
15.267869,1.0001995
15.269258,0.9997425
15.270647,1.0002655
15.272036,1.0000407
15.273424,0.9997458
15.274813,1.0000291
15.276202,1.0002406
15.277591,1.0005065
15.278980,0.9997834
15.280369,0.9998566
15.281758,0.9999805
15.283146,0.9998393
15.284535,0.9998320
15.285924,0.9999399
15.287313,0.9995601
15.288702,1.0002727
15.290091,0.9997030
15.291480,0.9998794
15.292868,1.0002167
15.294257,1.0000697
15.295646,1.0003481
15.297035,1.0000396
15.298424,1.0001847
15.299813,0.9997470
15.301202,0.9994903
15.302590,1.0000780
15.303979,1.0001768
15.305368,1.0001572
15.306757,0.9999835
15.308146,0.9997701
15.309535,0.9999145
15.310924,0.9998504
15.312312,1.0001009
15.313701,1.0001925
15.315090,1.0002217
15.316479,0.9998754
15.317868,0.9999208
15.319257,1.0003113
15.320646,1.0001231
15.322034,0.9998510
15.323423,0.9997703
15.324812,1.0002234
15.326201,0.9997381
15.327590,1.0000407
15.328979,1.0000491
15.330368,0.9999763
15.331756,1.0007052
15.333145,1.0003214
15.334534,0.9998918
15.335923,0.9999306
15.337312,1.0002724
15.338701,0.9992403
15.340090,0.9997069
15.341478,1.0006333
15.342867,1.0003463
15.344256,1.0001635
15.345645,0.9998457
15.347034,1.0001527
15.348423,1.0003446
15.349812,1.0001675
15.351200,0.9992006
15.352589,0.9997831
15.353978,1.0002241
15.355367,0.9999587
15.356756,1.0001409
15.358145,1.0000503
15.359534,1.0003028
15.360922,1.0002696
15.362311,1.0000850
15.363700,0.9996962
15.365089,0.9998739
15.366478,1.0000555
15.367867,1.0003249
15.369255,0.9994692
15.370644,1.0001170
15.372033,0.9996012
15.373422,0.9998855
15.374811,0.9993177
15.376200,1.0002311
15.377589,1.0005768
15.378977,1.0002649
15.380366,1.0002793
15.381755,1.0004984
15.383144,1.0002539
15.384533,1.0001161
15.385922,1.0008964
15.387311,1.0001600
15.388699,1.0001086
15.390088,0.9996597
15.391477,1.0002923
15.392866,0.9996275
15.394255,0.9996866
15.395644,0.9995806
15.397033,0.9998404
15.398421,1.0000544
15.399810,1.0006191
15.401199,0.9996728
15.402588,1.0001169
15.403977,0.9992779
15.405366,0.9996486
15.406755,1.0000723
15.408143,1.0000285
15.409532,0.9999922
15.410921,1.0001054
15.412310,0.9997821
15.413699,1.0004462
15.415088,0.9997041
15.416477,0.9995673
15.417865,0.9995530
15.419254,0.9997287
15.420643,1.0003811
15.422032,1.0004394
15.423421,1.0000183
15.424810,0.9998392
15.426199,0.9999997
15.427587,0.9997336
15.428976,1.0000854
15.430365,1.0011258
15.431754,0.9999731
15.433143,1.0000575
15.434532,1.0004230
15.435921,0.9998582
15.437309,1.0001846
15.438698,1.0001990
15.440087,1.0002167
15.441476,1.0000223
15.442865,1.0007398
15.444254,0.9995604
15.445643,1.0003396
15.447031,1.0001174
15.448420,0.9998609
15.449809,0.9993965
15.451198,1.0001364
15.452587,1.0003269
15.453976,1.0002086
15.455365,1.0005634
15.456753,0.9998645
15.458142,0.9997046
15.459531,0.9995700
15.460920,1.0003326
15.462309,1.0005425
15.463698,1.0006865
15.465087,0.9998969
15.466475,0.9998230
15.467864,0.9994136
15.469253,0.9998916
15.470642,0.9998424
15.472031,0.9998678
15.473420,0.9999703
15.474809,1.0008158
15.476197,0.9997114
15.477586,1.0001596
15.478975,1.0002269
15.480364,1.0004392
15.481753,0.9999572
15.483142,1.0001179
15.484531,0.9996354
15.485919,1.0002555
15.487308,1.0002614
15.488697,1.0001043
15.490086,1.0004521
15.491475,0.9997395
15.492864,1.0002524
15.494253,0.9998689
15.495641,0.9996933
15.497030,1.0003339
15.498419,0.9999237
15.499808,0.9992771
15.501197,1.0000799
15.502586,0.9994967
15.503974,0.9995926
15.505363,1.0005980
15.506752,0.9999202
15.508141,1.0000305
15.509530,1.0005316
15.510919,0.9996148
15.512308,1.0005320
15.513696,1.0012524
15.515085,1.0004820
15.516474,0.9997922
15.517863,0.9999626
15.519252,0.9997101
15.520641,1.0004555
15.522030,0.9999917
15.523418,1.0000232
15.524807,1.0000325
15.526196,1.0000491
15.527585,1.0000690
15.528974,1.0000555
15.530363,0.9997208
15.531752,0.9996518
15.533140,0.9997278
15.534529,0.9997377
15.535918,0.9994846
15.537307,0.9996430
15.538696,0.9999836
15.540085,1.0004053
15.541474,1.0001822
15.542862,0.9997803
15.544251,0.9999530
15.545640,0.9999228
15.547029,0.9998786
15.548418,0.9998983
15.549807,0.9997777
15.551196,1.0004115
15.552584,1.0002232
15.553973,0.9999453
15.555362,0.9989343
15.556751,0.9987146
15.558140,0.9978680
15.559529,0.9963116
15.560918,0.9945155
15.562306,0.9941929
15.563695,0.9933534
15.565084,0.9916185
15.566473,0.9902677
15.567862,0.9895407
15.569251,0.9886126
15.570640,0.9871947
15.572028,0.9867314
15.573417,0.9868799
15.574806,0.9863529
15.576195,0.9862027
15.577584,0.9857711
15.578973,0.9855457
15.580362,0.9851875
15.581750,0.9849371
15.583139,0.9856502
15.584528,0.9849533
15.585917,0.9843556
15.587306,0.9841752
15.588695,0.9849954
15.590084,0.9844868
15.591472,0.9840598
15.592861,0.9841514
15.594250,0.9844167
15.595639,0.9841917
15.597028,0.9845817
15.598417,0.9841952
15.599805,0.9832822
15.601194,0.9840106
15.602583,0.9839750
15.603972,0.9837889
15.605361,0.9839820
15.606750,0.9837293
15.608139,0.9837044
15.609527,0.9837819
15.610916,0.9840027
15.612305,0.9842418
15.613694,0.9839232
15.615083,0.9842398
15.616472,0.9836733
15.617861,0.9844235
15.619249,0.9839528
15.620638,0.9835679
15.622027,0.9842308
15.623416,0.9838681
15.624805,0.9836253
15.626194,0.9841390
15.627583,0.9839335
15.628971,0.9841813
15.630360,0.9844021
15.631749,0.9839366
15.633138,0.9844194
15.634527,0.9842237
15.635916,0.9842965
15.637305,0.9839995
15.638693,0.9845917
15.640082,0.9837863
15.641471,0.9843767
15.642860,0.9845559
15.644249,0.9844733
15.645638,0.9846064
15.647027,0.9847832
15.648415,0.9850615
15.649804,0.9849912
15.651193,0.9846603
15.652582,0.9849456
15.653971,0.9853678
15.655360,0.9856383
15.656749,0.9859317
15.658137,0.9862569
15.659526,0.9862622
15.660915,0.9864567
15.662304,0.9871500
15.663693,0.9868118
15.665082,0.9881887
15.666471,0.9888988
15.667859,0.9900431
15.669248,0.9913878
15.670637,0.9930812
15.672026,0.9938290
15.673415,0.9954070
15.674804,0.9966991
15.676193,0.9974553
15.677581,0.9984458
15.678970,0.9988136
15.680359,0.9999281
15.681748,1.0002173
15.683137,0.9997382
15.684526,1.0000675
15.685914,1.0003002
15.687303,1.0001378
15.688692,1.0003438
15.690081,1.0001517
15.691470,1.0006370
15.692859,0.9995146
15.694248,1.0000280
15.695636,1.0003081
15.697025,1.0006520
15.698414,0.9996915
15.699803,1.0001421
15.701192,0.9999144
15.702581,0.9998450
15.703970,1.0001891
15.705358,0.9999896
15.706747,1.0000738
15.708136,0.9996321
15.709525,1.0001171
15.710914,0.9999061
15.712303,1.0000828
15.713692,0.9995349
15.715080,0.9999913
15.716469,1.0001286
15.717858,0.9999349
15.719247,0.9998408
15.720636,0.9995053
15.722025,0.9999350
15.723414,1.0000315
15.724802,0.9998867
15.726191,0.9998986
15.727580,0.9999199
15.728969,1.0003827
15.730358,1.0001557
15.731747,0.9996356
15.733136,1.0006615
15.734524,0.9997885
15.735913,1.0001679
15.737302,1.0001671
15.738691,1.0000166
15.740080,1.0002871
15.741469,1.0000565
15.742858,0.9994725
15.744246,1.0000130
15.745635,1.0001580
15.747024,1.0005057
15.748413,1.0003357
15.749802,1.0001869
15.751191,0.9997617
15.752580,1.0001772
15.753968,1.0005504
15.755357,0.9996291
15.756746,0.9998328
15.758135,1.0002816
15.759524,1.0000374
15.760913,1.0000229
15.762301,1.0000409
15.763690,0.9997610
15.765079,1.0002813
15.766468,0.9997339
15.767857,1.0003146
15.769246,0.9995944
15.770635,0.9998684
15.772023,1.0000255
15.773412,1.0003632
15.774801,0.9995624
15.776190,0.9999015
15.777579,1.0000285
15.778968,1.0002355
15.780357,1.0004901
15.781745,1.0004996
15.783134,0.9999963
15.784523,0.9998417
15.785912,0.9995520
15.787301,1.0001687
15.788690,0.9997288
15.790079,0.9997605
15.791467,1.0002583
15.792856,1.0000132
15.794245,1.0003231
15.795634,0.9995492
15.797023,0.9999657
15.798412,0.9997162
15.799801,0.9998356
15.801189,1.0004647
15.802578,0.9997931
15.803967,0.9999910
15.805356,0.9998177
15.806745,1.0000206
15.808134,1.0002047
15.809523,1.0005216
15.810911,0.9993706
15.812300,1.0001271
15.813689,1.0000696
15.815078,1.0003096
15.816467,0.9994463
15.817856,1.0002002
15.819245,0.9996107
15.820633,1.0002024
15.822022,0.9995748
15.823411,1.0001396
15.824800,0.9995588
15.826189,0.9999751
15.827578,0.9997640
15.828966,0.9996268
15.830355,0.9996378
15.831744,1.0003237
15.833133,0.9996891
15.834522,1.0001622
15.835911,0.9998983
15.837300,0.9993525
15.838688,0.9996910
15.840077,0.9994471
15.841466,0.9998647
15.842855,1.0002272
15.844244,0.9998735
15.845633,0.9996726
15.847022,1.0006692
15.848410,1.0001465
15.849799,1.0000197
15.851188,0.9999334
15.852577,1.0003464
15.853966,0.9995761
15.855355,0.9999660
15.856744,1.0003687
15.858132,1.0003641
15.859521,1.0002078
15.860910,0.9997782
15.862299,0.9999930
15.863688,1.0003467
15.865077,1.0001053
15.866466,0.9999892
15.867854,0.9996832
15.869243,0.9999217
15.870632,1.0001119
15.872021,0.9999358
15.873410,0.9993933
15.874799,1.0000433
15.876188,1.0003255
15.877576,0.9996005
15.878965,0.9997696
15.880354,0.9997053
15.881743,0.9996413
15.883132,0.9998970
15.884521,1.0000201
15.885910,0.9991655
15.887298,1.0003187
15.888687,1.0001343
15.890076,1.0002309
15.891465,0.9997574
15.892854,1.0000637
15.894243,0.9998910
15.895631,1.0009213
15.897020,0.9996233
15.898409,0.9999481
15.899798,1.0002633
15.901187,1.0003330
15.902576,1.0001894
15.903965,0.9996755
15.905353,0.9997379
15.906742,0.9999206
15.908131,0.9999049
15.909520,0.9999903
15.910909,1.0000103
15.912298,0.9999608
15.913687,0.9994207
15.915075,1.0002017
15.916464,1.0002550
15.917853,0.9997409
15.919242,0.9998953
15.920631,1.0000716
15.922020,1.0000734
15.923409,1.0000609
15.924797,0.9997867
15.926186,0.9996307
15.927575,0.9996215
15.928964,0.9999083
15.930353,0.9998556
15.931742,0.9997947
15.933131,0.9998122
15.934519,1.0000412
15.935908,0.9995979
15.937297,1.0003199
15.938686,1.0006187
15.940075,0.9998678
15.941464,1.0002778
15.942853,1.0003972
15.944241,0.9997194
15.945630,1.0004048
15.947019,0.9995115
15.948408,0.9996399
15.949797,1.0003968
15.951186,1.0001172
15.952574,0.9994306
15.953963,1.0001734
15.955352,1.0001748
15.956741,1.0001066
15.958130,1.0000127
15.959519,0.9997540
15.960908,0.9998893
15.962296,1.0006170
15.963685,1.0001381
15.965074,1.0007475
15.966463,0.9997132
15.967852,1.0001820
15.969241,0.9997516
15.970630,0.9998596
15.972018,1.0002950
15.973407,1.0004391
15.974796,1.0005107
15.976185,1.0000946
15.977574,1.0001940
15.978963,0.9997699
15.980352,0.9997142
15.981740,0.9996364
15.983129,1.0004204
15.984518,0.9999461
15.985907,0.9998535
15.987296,1.0000184
15.988685,1.0001091
15.990074,0.9999657
15.991462,0.9998488
15.992851,1.0001664
15.994240,0.9999764
15.995629,1.0000687
15.997018,0.9999495
15.998407,1.0004015
15.999796,0.9996922
16.001184,0.9999475
16.002573,1.0006952
16.003962,1.0001345
16.005351,0.9999008
16.006740,1.0000254
16.008129,1.0002978
16.009517,1.0001721
16.010906,0.9997935
16.012295,1.0000870
16.013684,0.9998415
16.015073,0.9997896
16.016462,0.9996549
16.017851,0.9998833
16.019239,1.0000499
16.020628,1.0004530
16.022017,0.9996891
16.023406,0.9998312
16.024795,0.9998274
16.026184,1.0000349
16.027573,0.9996976
16.028961,1.0000308
16.030350,0.9992303
16.031739,0.9999670
16.033128,1.0001692
16.034517,0.9997589
16.035906,1.0002320
16.037295,0.9997775
16.038683,0.9999806
16.040072,0.9997846
16.041461,1.0001804
16.042850,1.0004840
16.044239,1.0002155
16.045628,1.0000339
16.047017,0.9996722
16.048405,1.0002449
16.049794,1.0002126
16.051183,0.9999426
16.052572,1.0000020
16.053961,0.9997597
16.055350,0.9998924
16.056739,0.9994466
16.058127,1.0002848
16.059516,1.0006265
16.060905,0.9999432
16.062294,0.9999239
16.063683,0.9998782
16.065072,1.0000261
16.066460,1.0006027
16.067849,1.0000113
16.069238,0.9995855
16.070627,1.0007526
16.072016,1.0002455
16.073405,0.9998771
16.074794,0.9995612
16.076182,0.9998595
16.077571,0.9999839
16.078960,1.0003816
16.080349,1.0003855
16.081738,0.9997539
16.083127,0.9998225
16.084516,0.9994732
16.085904,0.9995517
16.087293,1.0002196
16.088682,0.9998828
16.090071,1.0002989
16.091460,0.9993317
16.092849,0.9999627
16.094238,1.0004983
16.095626,0.9998403
16.097015,1.0000692
16.098404,1.0000803
16.099793,1.0002751
16.101182,1.0003431
16.102571,1.0000451
16.103960,1.0005010
16.105348,0.9999808
16.106737,1.0002627
16.108126,1.0000530
16.109515,1.0004359
16.110904,1.0010503
16.112293,0.9998849
16.113681,0.9996773
16.115070,0.9998635
16.116459,0.9996263
16.117848,1.0003406
16.119237,0.9998704
16.120626,0.9999294
16.122015,1.0001026
16.123403,0.9997572
16.124792,0.9995574
16.126181,1.0004261
16.127570,0.9999901
16.128959,1.0005263
16.130348,0.9997645
16.131737,0.9995733
16.133125,1.0000677
16.134514,0.9996977
16.135903,0.9996454
16.137292,0.9997898
16.138681,0.9999971
16.140070,0.9998563
16.141459,1.0003665
16.142847,0.9999953
16.144236,1.0000079
16.145625,1.0000630
16.147014,0.9999698
16.148403,1.0001063
16.149792,1.0000519
16.151181,0.9996107
16.152569,0.9997305
16.153958,1.0004696
16.155347,0.9997086
16.156736,0.9996963
16.158125,0.9999292
16.159514,0.9998819
16.160903,1.0001585
16.162291,1.0000348
16.163680,1.0001869
16.165069,0.9997197
16.166458,1.0005082
16.167847,1.0002116
16.169236,1.0000861
16.170624,1.0000385
16.172013,1.0000228
16.173402,0.9998041
16.174791,1.0000303
16.176180,1.0002814
16.177569,0.9999020
16.178958,1.0003586
16.180346,1.0006390
16.181735,0.9998028
16.183124,1.0005459
16.184513,1.0001311
16.185902,0.9999495
16.187291,0.9997656
16.188680,1.0001206
16.190068,1.0003986
16.191457,1.0002594
16.192846,1.0001011
16.194235,1.0004269
16.195624,0.9992965
16.197013,1.0001745
16.198402,1.0002832
16.199790,1.0003208
16.201179,1.0004368
16.202568,1.0001270
16.203957,1.0001199
16.205346,1.0000015
16.206735,1.0000185
16.208124,1.0005643
16.209512,0.9999653
16.210901,0.9995790
16.212290,0.9998993
16.213679,1.0003681
16.215068,0.9999803
16.216457,0.9996338
16.217845,0.9995308
16.219234,1.0001308
16.220623,0.9995580
16.222012,0.9997903
16.223401,0.9999110
16.224790,0.9997744
16.226179,1.0002728
16.227567,1.0001868
16.228956,0.9998703
16.230345,0.9999265
16.231734,0.9994733
16.233123,1.0000100
16.234512,0.9998903
16.235901,0.9997868
16.237289,0.9997406
16.238678,1.0001707
16.240067,1.0004575
16.241456,0.9999408
16.242845,0.9998591
16.244234,1.0001129
16.245623,0.9994278
16.247011,0.9993616
16.248400,1.0002230
16.249789,0.9996773
16.251178,1.0002367
16.252567,1.0002496
16.253956,0.9999753
16.255345,0.9997614
16.256733,0.9994727
16.258122,0.9993031
16.259511,1.0002561
16.260900,0.9995848
16.262289,0.9999852
16.263678,0.9996874
16.265066,0.9997125
16.266455,0.9992709
16.267844,1.0001220
16.269233,0.9992470
16.270622,0.9999860
16.272011,1.0005503
16.273400,0.9995291
16.274788,0.9995022
16.276177,1.0000868
16.277566,1.0001613
16.278955,0.9996453
16.280344,0.9998348
16.281733,0.9999495
16.283122,0.9999187
16.284510,1.0002469
16.285899,1.0005158
16.287288,0.9991705
16.288677,0.9999342
16.290066,1.0000012
16.291455,1.0001295
16.292844,0.9998411
16.294232,0.9999830
16.295621,1.0000908
16.297010,1.0000547
16.298399,0.9996260
16.299788,0.9997454
16.301177,1.0000296
16.302565,1.0004339
16.303954,0.9996022
16.305343,0.9997882
16.306732,0.9999253
16.308121,1.0002028
16.309510,0.9998198
16.310899,1.0001720
16.312287,0.9999919
16.313676,1.0008275
16.315065,1.0001750
16.316454,0.9997089
16.317843,1.0005845
16.319232,1.0002308
16.320621,1.0002774
16.322009,1.0000004
16.323398,1.0000631
16.324787,0.9995744
16.326176,1.0004720
16.327565,0.9996923
16.328954,0.9997015
16.330343,1.0003642
16.331731,1.0000641
16.333120,0.9997303
16.334509,1.0006464
16.335898,0.9995881
16.337287,1.0007000
16.338676,0.9998589
16.340065,1.0005835
16.341453,1.0000350
16.342842,1.0001717
16.344231,1.0003200
16.345620,0.9996654
16.347009,1.0003223
16.348398,0.9996626
16.349786,0.9999400
16.351175,0.9999508
16.352564,1.0002731
16.353953,1.0001241
16.355342,1.0003462
16.356731,0.9998763
16.358120,1.0002495
16.359508,1.0000222
16.360897,0.9995825
16.362286,1.0003496
16.363675,0.9998352
16.365064,1.0001938
16.366453,0.9999672
16.367842,0.9998769
16.369230,1.0004334
16.370619,1.0000723
16.372008,1.0004716
16.373397,1.0000900
16.374786,0.9995653
16.376175,1.0004899
16.377564,1.0003973
16.378952,0.9999774
16.380341,1.0004786
16.381730,1.0000400
16.383119,1.0006473
16.384508,1.0002007
16.385897,1.0000293
16.387285,1.0001277
16.388674,1.0000539
16.390063,0.9997782
16.391452,0.9996742
16.392841,0.9997916
16.394230,1.0003955
16.395619,1.0001830
16.397007,0.9993360
16.398396,0.9999363
16.399785,0.9999462
16.401174,1.0004819
16.402563,1.0004094
16.403952,1.0001708
16.405341,1.0002457
16.406729,0.9999260
16.408118,0.9996982
16.409507,1.0001740
16.410896,1.0001583
16.412285,0.9994073
16.413674,0.9998097
16.415063,0.9998999
16.416451,0.9993881
16.417840,0.9993308
16.419229,1.0000441
16.420618,1.0001851
16.422007,0.9999837
16.423396,1.0003594
16.424785,0.9998042
16.426173,0.9997433
16.427562,0.9997133
16.428951,1.0004598
16.430340,1.0001933
16.431729,1.0003427
16.433118,0.9997052
16.434506,1.0000888
16.435895,1.0002353
16.437284,1.0002235
16.438673,1.0000078
16.440062,0.9996672
16.441451,0.9997576
16.442840,0.9999150
16.444228,1.0000732
16.445617,1.0001091
16.447006,0.9998466
16.448395,1.0004749
16.449784,1.0000405
16.451173,0.9999993
16.452562,1.0003549
16.453950,0.9998297
16.455339,0.9998833
16.456728,1.0004361
16.458117,0.9999750
16.459506,1.0000132
16.460895,0.9993895
16.462284,1.0002785
16.463672,0.9998528
16.465061,1.0003056
16.466450,0.9996382
16.467839,0.9995956
16.469228,0.9997209
16.470617,1.0006290
16.472005,0.9999240
16.473394,0.9998872
16.474783,1.0005580
16.476172,1.0003012
16.477561,0.9997915
16.478950,1.0006371
16.480339,1.0001368
16.481727,1.0005630
16.483116,1.0001419
16.484505,0.9999413
16.485894,0.9999381
16.487283,1.0003016
16.488672,0.9999188
16.490061,1.0004248
16.491449,1.0006586
16.492838,1.0000901
16.494227,0.9992452
16.495616,0.9998327
16.497005,0.9999256
16.498394,0.9999360
16.499783,0.9994759
16.501171,0.9999157
16.502560,0.9997860
16.503949,0.9997123
16.505338,1.0003354
16.506727,0.9998763
16.508116,0.9999061
16.509504,1.0004048
16.510893,1.0004750
16.512282,1.0001006
16.513671,1.0002373
16.515060,0.9997473
16.516449,0.9997141
16.517838,1.0000915
16.519226,0.9993528
16.520615,0.9997055
16.522004,0.9998343
16.523393,1.0003162
16.524782,1.0003840
16.526171,1.0002177
16.527560,1.0000954
16.528948,1.0001928
16.530337,0.9999180
16.531726,1.0000849
16.533115,1.0000197
16.534504,0.9997204
16.535893,0.9995842
16.537282,1.0001850
16.538670,0.9997304
16.540059,1.0005420
16.541448,0.9996966
16.542837,1.0003304
16.544226,0.9996919
16.545615,1.0001609
16.547003,0.9999286
16.548392,0.9999317
16.549781,1.0002713
16.551170,0.9995566
16.552559,0.9998656
16.553948,1.0002406
16.555337,1.0005445
16.556725,1.0005812
16.558114,1.0001765
16.559503,0.9998119
16.560892,0.9998580
16.562281,1.0001429
16.563670,0.9999700
16.565059,1.0000337
16.566447,0.9997447
16.567836,0.9999678
16.569225,1.0003571
16.570614,1.0001574
16.572003,1.0000792
16.573392,0.9997623
16.574781,1.0001190
16.576169,0.9997483
16.577558,1.0003126
16.578947,1.0002633
16.580336,1.0002863
16.581725,1.0000756
16.583114,1.0003832
16.584502,1.0003431
16.585891,1.0001400
16.587280,0.9997690
16.588669,0.9998606
16.590058,1.0000641
16.591447,1.0003838
16.592836,0.9999756
16.594224,1.0000395
16.595613,0.9999696
16.597002,1.0000245
16.598391,1.0002500
16.599780,1.0005705
16.601169,0.9997748
16.602558,0.9998149
16.603946,1.0000184
16.605335,0.9998740
16.606724,0.9996404
16.608113,1.0000143
16.609502,1.0000588
16.610891,1.0004317
16.612280,0.9996974
16.613668,0.9997742
16.615057,0.9991446
16.616446,1.0000730
16.617835,1.0002706
16.619224,1.0001078
16.620613,0.9999741
16.622001,1.0000352
16.623390,1.0003657
16.624779,1.0001624
16.626168,0.9999492
16.627557,0.9998087
16.628946,0.9998702
16.630335,0.9998429
16.631723,0.9997036
16.633112,0.9996684
16.634501,0.9999102
16.635890,0.9999472
16.637279,1.0000850
16.638668,1.0003569
16.640057,1.0000249
16.641445,0.9999313
16.642834,1.0002152
16.644223,0.9997686
16.645612,0.9995000
16.647001,0.9998410
16.648390,0.9999104
16.649779,0.9996809
16.651167,0.9999830
16.652556,1.0002484
16.653945,0.9997198
16.655334,0.9995853
16.656723,0.9997704
16.658112,0.9997585
16.659500,0.9996300
16.660889,0.9994190
16.662278,0.9997490
16.663667,0.9997907
16.665056,1.0005078
16.666445,0.9994891
16.667834,0.9998563
16.669222,0.9999839
16.670611,0.9997800
16.672000,1.0003380
16.673389,0.9996664
16.674778,0.9996849
16.676167,1.0004592
16.677556,0.9998300
16.678944,0.9998099
16.680333,0.9999897
16.681722,0.9999641
16.683111,0.9999420
16.684500,0.9997146
16.685889,0.9999158
16.687278,0.9997450
16.688666,1.0004309
16.690055,1.0002007
16.691444,1.0001461
16.692833,1.0001715
16.694222,0.9999174
16.695611,0.9996874
16.696999,0.9994649
16.698388,0.9998526
16.699777,0.9998575
16.701166,1.0002858
16.702555,0.9998151
16.703944,1.0004112
16.705333,0.9998710
16.706721,0.9996077
16.708110,1.0000860
16.709499,0.9998982
16.710888,0.9998172
16.712277,0.9999422
16.713666,1.0006939
16.715055,1.0000816
16.716443,1.0003311
16.717832,0.9995987
16.719221,0.9999657
16.720610,0.9999310
16.721999,1.0001360
16.723388,1.0000042
16.724777,0.9999243
16.726165,1.0001308
16.727554,0.9997802
16.728943,1.0000862
16.730332,0.9992418
16.731721,0.9993280
16.733110,1.0002239
16.734498,0.9998256
16.735887,0.9992691
16.737276,1.0001871
16.738665,0.9999717
16.740054,1.0004657
16.741443,0.9996457
16.742832,0.9996725
16.744220,0.9997658
16.745609,1.0008350
16.746998,0.9996090
16.748387,0.9999975
16.749776,1.0004557
16.751165,1.0001870
16.752554,0.9999704
16.753942,0.9999227
16.755331,1.0001368
16.756720,0.9998438
16.758109,1.0002105
16.759498,1.0001066
16.760887,1.0000093
16.762275,0.9997898
16.763664,1.0000952
16.765053,0.9998383
16.766442,0.9996437
16.767831,0.9996656
16.769220,1.0001488
16.770609,1.0002993
16.771997,1.0000683
16.773386,1.0002201
16.774775,0.9996446
16.776164,0.9996609
16.777553,0.9997135
16.778942,1.0003693
16.780331,1.0001155
16.781719,1.0009633
16.783108,1.0003911
16.784497,1.0001041
16.785886,1.0001301
16.787275,0.9993094
16.788664,0.9997915
16.790053,0.9998619
16.791441,0.9998842
16.792830,1.0004469
16.794219,0.9996617
16.795608,0.9999117
16.796997,1.0000361
16.798386,1.0000865
16.799774,1.0005296
16.801163,0.9997711
16.802552,0.9998671
16.803941,1.0000073
16.805330,1.0001192
16.806719,1.0006348
16.808108,0.9998083
16.809496,0.9996796
16.810885,0.9996439
16.812274,1.0002804
16.813663,0.9994808
16.815052,0.9998359
16.816441,0.9997595
16.817830,0.9997070
16.819218,0.9997686
16.820607,1.0001098
16.821996,0.9998714
16.823385,0.9999381
16.824774,1.0001512
16.826163,1.0000809
16.827552,0.9999780
16.828940,0.9999156
16.830329,1.0000427
16.831718,1.0003717
16.833107,0.9997831
16.834496,1.0000424
16.835885,1.0006277
16.837273,0.9994093
16.838662,1.0000538
16.840051,1.0003915
16.841440,1.0004526
16.842829,1.0003154
16.844218,0.9997683
16.845607,1.0001413
16.846995,1.0003824
16.848384,0.9999034
16.849773,1.0005061
16.851162,0.9999616
16.852551,0.9995957
16.853940,1.0001183
16.855329,1.0003054
16.856717,1.0005676
16.858106,0.9994694
16.859495,0.9992480
16.860884,0.9997070
16.862273,1.0004525
16.863662,1.0003368
16.865050,0.9998456
16.866439,1.0003989
16.867828,0.9995770
16.869217,0.9999360
16.870606,1.0000093
16.871995,1.0001199
16.873384,1.0000590
16.874772,0.9995959
16.876161,0.9999120
16.877550,1.0001912
16.878939,1.0001995
16.880328,0.9998374
16.881717,0.9998362
16.883106,1.0003964
16.884494,0.9991109
16.885883,0.9999314
16.887272,1.0002797
16.888661,1.0001889
16.890050,0.9999488
16.891439,0.9999838
16.892828,0.9998335
16.894216,1.0002378
16.895605,1.0005088
16.896994,0.9999935
16.898383,1.0004142
16.899772,0.9999807
16.901161,1.0001715
16.902549,0.9998764
16.903938,1.0000825
16.905327,1.0000113
16.906716,0.9998830
16.908105,1.0005979
16.909494,1.0000030
16.910883,1.0006294
16.912271,0.9997627
16.913660,1.0003266
16.915049,0.9998918
16.916438,0.9999079
16.917827,1.0005327
16.919216,0.9999414
16.920605,1.0001602
16.921993,1.0002743
16.923382,1.0000081
16.924771,0.9999851
16.926160,0.9996514
16.927549,0.9999780
16.928938,0.9994320
16.930326,0.9995823
16.931715,1.0006184
16.933104,0.9997583
16.934493,1.0001521
16.935882,0.9996177
16.937271,0.9999544
16.938660,0.9996585
16.940048,0.9995223
16.941437,1.0002971
16.942826,1.0000544
16.944215,1.0000928
16.945604,1.0001717
16.946993,0.9998892
16.948382,0.9995994
16.949770,0.9999835
16.951159,1.0003032
16.952548,1.0003303
16.953937,0.9991913
16.955326,1.0004503
16.956715,0.9997881
16.958104,0.9998072
16.959492,1.0000364
16.960881,0.9999271
16.962270,0.9998666
16.963659,0.9996670
16.965048,0.9996139
16.966437,0.9999207
16.967825,1.0000910
16.969214,1.0001197
16.970603,1.0000761
16.971992,0.9996923
16.973381,1.0003024
16.974770,1.0003385
16.976159,1.0004324
16.977547,0.9996648
16.978936,1.0003464
16.980325,1.0002308
16.981714,0.9996473
16.983103,0.9998838
16.984492,0.9995202
16.985881,1.0008670
16.987269,1.0000022
16.988658,0.9996446
16.990047,0.9991635
16.991436,1.0003258
16.992825,0.9996805
16.994214,0.9996397
16.995602,1.0002554
16.996991,1.0003859
16.998380,0.9998575
16.999769,0.9999339
17.001158,1.0002531
17.002547,1.0001153
17.003936,1.0002715
17.005324,0.9999221
17.006713,0.9998152
17.008102,0.9999834
17.009491,0.9996658
17.010880,0.9999664
17.012269,0.9994323
17.013658,1.0002876
17.015046,0.9999054
17.016435,0.9997940
17.017824,0.9993285
17.019213,1.0009862
17.020602,0.9999784
17.021991,1.0003732
17.023379,0.9996922
17.024768,1.0001858
17.026157,1.0005694
17.027546,1.0000797
17.028935,0.9998275
17.030324,1.0002121
17.031713,1.0001804
17.033101,0.9998405
17.034490,0.9997784
17.035879,0.9994639
17.037268,0.9997268
17.038657,1.0000404
17.040046,0.9998994
17.041435,1.0004391
17.042823,0.9998836
17.044212,0.9993226
17.045601,1.0003465
17.046990,0.9997596
17.048379,0.9995958
17.049768,0.9994107
17.051157,1.0000514
17.052545,1.0003793
17.053934,1.0002453
17.055323,0.9998124
17.056712,0.9996457
17.058101,1.0002416
17.059490,0.9998973
17.060878,0.9998647
17.062267,0.9998350
17.063656,1.0008607
17.065045,1.0000636
17.066434,0.9998128
17.067823,0.9998811
17.069212,0.9998330
17.070600,1.0001162
17.071989,1.0007194
17.073378,0.9998970
17.074767,0.9997845
17.076156,1.0001793
17.077545,1.0001832
17.078934,1.0004981
17.080322,1.0002562
17.081711,0.9997119
17.083100,1.0005918
17.084489,0.9992910
17.085878,1.0001503
17.087267,0.9997050
17.088655,0.9998709
17.090044,0.9999982
17.091433,1.0005396
17.092822,1.0002477
17.094211,1.0002880
17.095600,1.0004108
17.096989,1.0004105
17.098377,0.9999583
17.099766,0.9998610
17.101155,1.0005749
17.102544,1.0004521
17.103933,1.0014640
17.105322,0.9999593
17.106711,0.9995480
17.108099,1.0001219
17.109488,0.9996550
17.110877,0.9998593
17.112266,0.9999913
17.113655,1.0002394
17.115044,0.9995743
17.116432,1.0000494
17.117821,1.0004709
17.119210,1.0001829
17.120599,1.0001349
17.121988,1.0005220
17.123377,0.9997605
17.124766,0.9992819
17.126154,0.9998292
17.127543,0.9999615
17.128932,1.0003661
17.130321,0.9996649
17.131710,1.0000473
17.133099,0.9994361
17.134488,0.9990444
17.135876,0.9998505
17.137265,0.9996779
17.138654,1.0003758
17.140043,0.9998012
17.141432,0.9997696
17.142821,1.0005155
17.144209,0.9997070
17.145598,1.0000180
17.146987,1.0003103
17.148376,0.9994113
17.149765,0.9999594
17.151154,0.9993442
17.152543,1.0003644
17.153931,0.9996589
17.155320,0.9999019
17.156709,0.9996499
17.158098,1.0004795
17.159487,1.0001187
17.160876,0.9996766
17.162265,0.9991693
17.163653,1.0001325
17.165042,0.9996370
17.166431,1.0002108
17.167820,1.0001577
17.169209,0.9999040
17.170598,0.9998012
17.171986,1.0004061
17.173375,0.9999683
17.174764,1.0000248
17.176153,1.0002866
17.177542,0.9996264
17.178931,0.9999206
17.180320,0.9996858
17.181708,0.9993570
17.183097,1.0000693
17.184486,1.0001315
17.185875,1.0000917
17.187264,0.9996189
17.188653,1.0003963
17.190042,0.9998626
17.191430,0.9994262
17.192819,1.0003182
17.194208,0.9999913
17.195597,1.0001274
17.196986,0.9997345
17.198375,0.9996125
17.199763,1.0003978
17.201152,1.0003348
17.202541,1.0003961
17.203930,0.9998930
17.205319,0.9998445
17.206708,1.0001823
17.208097,1.0002694
17.209485,1.0005053
17.210874,0.9997693
17.212263,1.0006506
17.213652,0.9996973
17.215041,0.9998695
17.216430,1.0001358
17.217819,0.9998087
17.219207,0.9999263
17.220596,1.0001724
17.221985,1.0003762
17.223374,1.0003493
17.224763,1.0004223
17.226152,1.0005815
17.227541,0.9996644
17.228929,0.9998193
17.230318,1.0004022
17.231707,1.0000610
17.233096,1.0001444
17.234485,1.0006838
17.235874,1.0004080
17.237262,0.9999207
17.238651,1.0000723
17.240040,1.0000726
17.241429,1.0001490
17.242818,0.9995687
17.244207,1.0004063
17.245596,1.0001771
17.246984,1.0002325
17.248373,1.0003868
17.249762,0.9996997
17.251151,0.9999843
17.252540,1.0001430
17.253929,0.9999525
17.255318,0.9999097
17.256706,0.9997455
17.258095,1.0002474
17.259484,1.0001980
17.260873,1.0005010
17.262262,1.0001762
17.263651,1.0005007
17.265039,1.0000286
17.266428,1.0003981
17.267817,1.0000296
17.269206,1.0000301
17.270595,1.0004536
17.271984,0.9998552
17.273373,1.0003637
17.274761,1.0002238
17.276150,1.0003888
17.277539,1.0000266
17.278928,0.9999346
17.280317,0.9996428
17.281706,0.9996385
17.283095,0.9999752
17.284483,0.9999095
17.285872,1.0002924
17.287261,0.9998951
17.288650,1.0004989
17.290039,0.9997602
17.291428,1.0001430
17.292816,1.0003856
17.294205,1.0003380
17.295594,1.0000475
17.296983,1.0002479
17.298372,1.0000310
17.299761,1.0003487
17.301150,1.0003477
17.302538,0.9999248
17.303927,1.0002026
17.305316,0.9995830
17.306705,1.0002394
17.308094,0.9997386
17.309483,0.9997538
17.310872,0.9997610
17.312260,1.0002746
17.313649,1.0001430
17.315038,1.0004128
17.316427,0.9998311
17.317816,1.0004975
17.319205,1.0003290
17.320593,1.0003105
17.321982,1.0001797
17.323371,0.9997914
17.324760,0.9997441
17.326149,1.0002635
17.327538,1.0001269
17.328927,0.9999498
17.330315,0.9999896
17.331704,0.9991933
17.333093,1.0001690
17.334482,1.0002232
17.335871,1.0000545
17.337260,0.9994033
17.338649,1.0001479
17.340037,0.9998386
17.341426,0.9998198
17.342815,1.0002844
17.344204,0.9997016
17.345593,0.9998755
17.346982,1.0000315
17.348370,0.9997469
17.349759,0.9996796
17.351148,1.0000310
17.352537,1.0003116
17.353926,0.9998849
17.355315,0.9999059
17.356704,0.9999541
17.358092,0.9994473
17.359481,1.0000519
17.360870,0.9997161
17.362259,0.9999103
17.363648,0.9995290
17.365037,1.0002991
17.366426,1.0002346
17.367814,0.9995398
17.369203,1.0003031
17.370592,0.9994966
17.371981,1.0003036
17.373370,0.9999802
17.374759,0.9997486
17.376147,1.0002435
17.377536,1.0001260
17.378925,0.9999892
17.380314,0.9999602
17.381703,1.0000347
17.383092,1.0003155
17.384481,0.9998121
17.385869,0.9998801
17.387258,0.9999959
17.388647,1.0004069
17.390036,0.9994233
17.391425,1.0006220
17.392814,0.9998490
17.394202,0.9998435
17.395591,1.0001476
17.396980,1.0002299
17.398369,0.9997757
17.399758,1.0000728
17.401147,0.9998680
17.402536,1.0002477
17.403924,1.0000212
17.405313,0.9998154
17.406702,1.0001486
17.408091,0.9999418
17.409480,0.9997280
17.410869,0.9998756
17.412258,1.0001074
17.413646,1.0002768
17.415035,0.9994587
17.416424,1.0003264
17.417813,0.9998173
17.419202,0.9997228
17.420591,1.0001004
17.421979,0.9994943
17.423368,0.9995833
17.424757,0.9999242
17.426146,0.9991333
17.427535,1.0000895
17.428924,1.0000807
17.430313,1.0007279
17.431701,1.0001349
17.433090,0.9998602
17.434479,0.9999151
17.435868,0.9999046
17.437257,1.0002519
17.438646,1.0000475
17.440035,1.0000506
17.441423,1.0001948
17.442812,0.9998277
17.444201,1.0003488
17.445590,1.0000048
17.446979,1.0001029
17.448368,1.0000468
17.449756,1.0000554
17.451145,0.9997044
17.452534,0.9998769
17.453923,0.9997221
17.455312,0.9996634
17.456701,1.0003830
17.458090,1.0000650
17.459478,0.9997842
17.460867,1.0000202
17.462256,1.0000568
17.463645,1.0000155
17.465034,0.9997681
17.466423,0.9999322
17.467812,0.9997598
17.469200,0.9999807
17.470589,1.0003153
17.471978,1.0001810
17.473367,0.9996571
17.474756,0.9999546
17.476145,0.9998279
17.477533,0.9996272
17.478922,1.0005248
17.480311,1.0002575
17.481700,1.0000437
17.483089,0.9998459
17.484478,0.9995607
17.485867,0.9996800
17.487255,0.9997461
17.488644,0.9997824
17.490033,1.0001549
17.491422,0.9996669
17.492811,0.9996726
17.494200,1.0004294
17.495589,1.0004121
17.496977,0.9999067
17.498366,0.9998867
17.499755,1.0002394
17.501144,1.0000048
17.502533,1.0000678
17.503922,0.9994540
17.505310,1.0005028
17.506699,0.9997655
17.508088,0.9997655
17.509477,1.0001843
17.510866,1.0002245
17.512255,1.0002541
17.513644,1.0001997
17.515032,0.9999878
17.516421,1.0001711
17.517810,0.9996907
17.519199,0.9999271
17.520588,0.9997913
17.521977,0.9997079
17.523366,0.9999688
17.524754,1.0002708
17.526143,0.9994463
17.527532,0.9997892
17.528921,1.0001625
17.530310,1.0001531
17.531699,1.0001379
17.533087,1.0004185
17.534476,1.0001067
17.535865,0.9996284
17.537254,1.0003416
17.538643,1.0001887
17.540032,0.9996801
17.541421,0.9998428
17.542809,0.9999973
17.544198,1.0005769
17.545587,1.0004721
17.546976,1.0002819
17.548365,1.0001303
17.549754,1.0004686
17.551143,0.9996872
17.552531,0.9997994
17.553920,1.0003221
17.555309,0.9994787
17.556698,1.0001796
17.558087,0.9998461
17.559476,0.9997996
17.560864,0.9998226
17.562253,0.9996180
17.563642,0.9999248
17.565031,1.0003999
17.566420,1.0002310
17.567809,0.9998824
17.569198,0.9994531
17.570586,0.9991473
17.571975,1.0001995
17.573364,1.0004574
17.574753,0.9995251
17.576142,1.0001636
17.577531,0.9998904
17.578919,0.9995575
17.580308,1.0004227
17.581697,0.9993007
17.583086,0.9998455
17.584475,0.9999881
17.585864,1.0000334
17.587253,0.9999547
17.588641,1.0003855
17.590030,1.0001359
17.591419,0.9997664
17.592808,1.0001781
17.594197,0.9997031
17.595586,0.9994346
17.596975,0.9999200
17.598363,1.0001517
17.599752,0.9998729
17.601141,1.0007246
17.602530,0.9998298
17.603919,0.9998239
17.605308,0.9998502
17.606696,1.0001442
17.608085,0.9995910
17.609474,0.9999796
17.610863,1.0003370
17.612252,0.9997930
17.613641,0.9999993
17.615030,0.9999961
17.616418,0.9987323
17.617807,1.0002262
17.619196,0.9998889
17.620585,0.9996035
17.621974,0.9997621
17.623363,1.0004259
17.624752,0.9994562
17.626140,0.9998391
17.627529,1.0003846
17.628918,0.9998359
17.630307,1.0000818
17.631696,1.0006631
17.633085,0.9998022
17.634473,0.9999699
17.635862,1.0001826
17.637251,1.0003901
17.638640,0.9998844
17.640029,0.9999345
17.641418,1.0004437
17.642807,1.0000053
17.644195,0.9998189
17.645584,0.9997502
17.646973,1.0000046
17.648362,0.9999876
17.649751,0.9994947
17.651140,1.0000142
17.652529,0.9996863
17.653917,1.0003943
17.655306,1.0005352
17.656695,1.0003052
17.658084,1.0002565
17.659473,1.0000560
17.660862,1.0001264
17.662250,1.0001787
17.663639,1.0004666
17.665028,0.9998581
17.666417,0.9996143
17.667806,0.9999214
17.669195,1.0006158
17.670584,0.9999978
17.671972,1.0003291
17.673361,1.0000702
17.674750,1.0001105
17.676139,0.9997752
17.677528,0.9996158
17.678917,1.0006431
17.680305,1.0002683
17.681694,1.0002082
17.683083,0.9996691
17.684472,0.9999950
17.685861,1.0001720
17.687250,0.9998294
17.688639,0.9995843
17.690027,1.0002105
17.691416,0.9997488
17.692805,0.9997681
17.694194,0.9998362
17.695583,0.9999296
17.696972,0.9998333
17.698361,1.0001715
17.699749,1.0000723
17.701138,0.9999039
17.702527,0.9994431
17.703916,0.9997676
17.705305,0.9999598
17.706694,0.9999850
17.708082,1.0000047
17.709471,0.9999733
17.710860,0.9997386
17.712249,0.9998309
17.713638,0.9998089
17.715027,1.0000725
17.716416,1.0007223
17.717804,0.9995308
17.719193,0.9999321
17.720582,1.0000246
17.721971,0.9997550
17.723360,0.9998872
17.724749,1.0000601
17.726138,0.9998129
17.727526,1.0001689
17.728915,0.9997741
17.730304,0.9997094
17.731693,0.9996133
17.733082,1.0001408
17.734471,0.9999032
17.735859,1.0003964
17.737248,0.9999581
17.738637,0.9999575
17.740026,1.0000921
17.741415,1.0002162
17.742804,1.0003060
17.744193,1.0001357
17.745581,0.9992789
17.746970,1.0001165
17.748359,0.9999418
17.749748,0.9997121
17.751137,0.9997018
17.752526,0.9999283
17.753914,1.0002687
17.755303,0.9999083
17.756692,0.9997575
17.758081,1.0005380
17.759470,0.9999761
17.760859,1.0002488
17.762248,0.9997397
17.763636,0.9997218
17.765025,1.0002230
17.766414,0.9997926
17.767803,1.0003921
17.769192,0.9995088
17.770581,0.9994676
17.771970,0.9997195
17.773358,0.9997464
17.774747,0.9997420
17.776136,0.9999676
17.777525,0.9998575
17.778914,0.9999210
17.780303,1.0002394
17.781691,1.0006676
17.783080,1.0001409
17.784469,0.9995822
17.785858,0.9996783
17.787247,0.9998522
17.788636,0.9998258
17.790025,1.0001967
17.791413,0.9998154
17.792802,1.0008496
17.794191,1.0000313
17.795580,0.9999684
17.796969,0.9994188
17.798358,1.0000658
17.799747,0.9997783
17.801135,0.9998604
17.802524,1.0002539
17.803913,1.0000993
17.805302,0.9999269
17.806691,1.0001686
17.808080,1.0011073
17.809468,0.9995457
17.810857,1.0003614
17.812246,0.9997542
17.813635,0.9997937
17.815024,1.0006693
17.816413,0.9999383
17.817802,0.9997232
17.819190,1.0001592
17.820579,1.0003537
17.821968,1.0001117
17.823357,1.0003014
17.824746,1.0002094
17.826135,0.9999334
17.827523,0.9999418
17.828912,1.0004201
17.830301,0.9995449
17.831690,0.9998503
17.833079,1.0003015
17.834468,1.0000373
17.835857,1.0001350
17.837245,1.0004128
17.838634,0.9991649
17.840023,1.0001573
17.841412,1.0001369
17.842801,1.0003147
17.844190,1.0000902
17.845579,1.0000013
17.846967,1.0004136
17.848356,1.0003395
17.849745,1.0001837
17.851134,1.0002341
17.852523,1.0000317
17.853912,0.9997419
17.855300,1.0000626
17.856689,1.0005465
17.858078,0.9999968
17.859467,1.0002274
17.860856,0.9997307
17.862245,1.0002706
17.863634,0.9998308
17.865022,0.9999213
17.866411,1.0001604
17.867800,0.9998266
17.869189,0.9999162
17.870578,0.9997215
17.871967,1.0000371
17.873355,1.0000938
17.874744,0.9999606
17.876133,1.0002641
17.877522,1.0002027
17.878911,1.0001734
17.880300,1.0000181
17.881689,0.9997718
17.883077,1.0000542
17.884466,1.0001845
17.885855,0.9996819
17.887244,0.9999078
17.888633,1.0002653
17.890022,0.9995813
17.891411,0.9998479
17.892799,1.0002448
17.894188,0.9996010
17.895577,0.9995895
17.896966,0.9995890
17.898355,1.0000364
17.899744,1.0002386
17.901132,1.0000407
17.902521,0.9998125
17.903910,1.0007180
17.905299,1.0002895
17.906688,1.0002585
17.908077,1.0001094
17.909466,0.9999401
17.910854,0.9998352
17.912243,0.9996819
17.913632,1.0001788
17.915021,1.0001023
17.916410,1.0002697
17.917799,0.9995311
17.919187,1.0003060
17.920576,1.0002635
17.921965,0.9997868
17.923354,0.9999619
17.924743,0.9999096
17.926132,1.0000706
17.927521,0.9998606
17.928909,0.9997695
17.930298,0.9995219
17.931687,1.0000693
17.933076,0.9996503
17.934465,1.0002335
17.935854,0.9997686
17.937243,1.0001080
17.938631,0.9999710
17.940020,1.0003052
17.941409,1.0005529
17.942798,1.0001573
17.944187,0.9996525
17.945576,0.9999280
17.946964,0.9998217
17.948353,0.9996095
17.949742,0.9997945
17.951131,1.0000142
17.952520,1.0001253
17.953909,1.0000743
17.955298,1.0000959
17.956686,0.9996798
17.958075,0.9997683
17.959464,1.0001992
17.960853,0.9995573
17.962242,1.0000809
17.963631,0.9996087
17.965019,0.9997151
17.966408,1.0000740
17.967797,1.0000843
17.969186,1.0002477
17.970575,0.9996180
17.971964,1.0000478
17.973353,1.0000273
17.974741,1.0006227
17.976130,0.9998646
17.977519,0.9997730
17.978908,1.0001015
17.980297,1.0003691
17.981686,0.9995742
17.983075,0.9996955
17.984463,0.9995740
17.985852,1.0003298
17.987241,1.0001675
17.988630,1.0002085
17.990019,0.9996017
17.991408,0.9996712
17.992796,0.9998306
17.994185,1.0001198
17.995574,0.9999753
17.996963,1.0004554
17.998352,0.9997527
17.999741,0.9993560
18.001130,1.0003154
18.002518,1.0001874
18.003907,0.9999006
18.005296,1.0003375
18.006685,0.9998005
18.008074,1.0003023
18.009463,0.9998382
18.010851,0.9998231
18.012240,0.9999769
18.013629,1.0003074
18.015018,1.0001999
18.016407,1.0003638
18.017796,1.0001386
18.019185,0.9997046
18.020573,0.9999634
18.021962,0.9999269
18.023351,1.0002350
18.024740,0.9993428
18.026129,1.0002939
18.027518,0.9999566
18.028907,0.9999577
18.030295,0.9995085
18.031684,0.9996778
18.033073,1.0001016
18.034462,1.0001524
18.035851,0.9998185
18.037240,0.9999577
18.038628,1.0000364
18.040017,1.0002093
18.041406,1.0003099
18.042795,1.0000421
18.044184,1.0000705
18.045573,0.9999258
18.046962,1.0001315
18.048350,0.9997969
18.049739,1.0001969
18.051128,1.0001782
18.052517,0.9999525
18.053906,1.0001873
18.055295,1.0002016
18.056683,0.9994866
18.058072,1.0000250
18.059461,1.0007922
18.060850,0.9998455
18.062239,1.0000030
18.063628,1.0003855
18.065017,0.9999569
18.066405,1.0000050
18.067794,1.0001268
18.069183,1.0001927
18.070572,0.9994051
18.071961,0.9998979
18.073350,1.0000393
18.074739,1.0004791
18.076127,1.0000076
18.077516,1.0000006
18.078905,0.9999846
18.080294,0.9998883
18.081683,0.9997619
18.083072,1.0001425
18.084460,0.9998266
18.085849,0.9994500
18.087238,1.0001074
18.088627,1.0001492
18.090016,1.0000676
18.091405,1.0002874
18.092794,1.0004443
18.094182,0.9997811
18.095571,1.0001657
18.096960,1.0001685
18.098349,1.0000094
18.099738,0.9999997
18.101127,0.9997333
18.102515,1.0000703
18.103904,1.0001853
18.105293,1.0005817
18.106682,1.0002241
18.108071,0.9998769
18.109460,1.0001149
18.110849,1.0001457
18.112237,1.0002816
18.113626,0.9999231
18.115015,0.9997953
18.116404,1.0000958
18.117793,0.9993507
18.119182,1.0009423
18.120571,1.0001606
18.121959,0.9998867
18.123348,1.0001294
18.124737,1.0001626
18.126126,1.0002479
18.127515,0.9998103
18.128904,1.0000829
18.130292,0.9996532
18.131681,0.9995951
18.133070,1.0000170
18.134459,1.0003027
18.135848,1.0002192
18.137237,0.9998468
18.138626,1.0001947
18.140014,1.0000753
18.141403,1.0001562
18.142792,0.9998813
18.144181,1.0003033
18.145570,0.9993687
18.146959,1.0002268
18.148347,1.0001487
18.149736,1.0003831
18.151125,0.9998493
18.152514,0.9997845
18.153903,1.0000586
18.155292,1.0002457
18.156681,0.9998979
18.158069,1.0004897
18.159458,1.0000368
18.160847,1.0003643
18.162236,0.9999974
18.163625,0.9999144
18.165014,0.9996221
18.166402,1.0002078
18.167791,0.9999890
18.169180,1.0008248
18.170569,1.0000896
18.171958,0.9996370
18.173347,0.9997030
18.174736,1.0006706
18.176124,0.9998989
18.177513,0.9995146
18.178902,1.0003908
18.180291,0.9999741
18.181680,0.9994873
18.183069,1.0000509
18.184458,0.9994991
18.185846,0.9999396
18.187235,1.0001892
18.188624,1.0004198
18.190013,1.0001788
18.191402,0.9999776
18.192791,1.0003776
18.194179,0.9998205
18.195568,1.0000329
18.196957,0.9997593
18.198346,1.0001179
18.199735,1.0002692
18.201124,0.9999601
18.202513,0.9996012
18.203901,1.0000839
18.205290,1.0002346
18.206679,0.9995026
18.208068,1.0002357
18.209457,0.9998195
18.210846,0.9999413
18.212234,1.0002549
18.213623,0.9992771
18.215012,0.9995324
18.216401,1.0001276
18.217790,0.9996866
18.219179,1.0001209
18.220568,0.9996597
18.221956,1.0001995
18.223345,0.9998578
18.224734,0.9996887
18.226123,1.0000665
18.227512,0.9994971
18.228901,1.0002711
18.230290,0.9995434
18.231678,1.0006522
18.233067,0.9999984
18.234456,1.0003310
18.235845,0.9999152
18.237234,0.9996596
18.238623,1.0003059
18.240011,0.9999931
18.241400,0.9997217
18.242789,0.9997764
18.244178,1.0000256
18.245567,0.9999120
18.246956,0.9995429
18.248345,1.0001272
18.249733,0.9998556
18.251122,0.9998042
18.252511,1.0003817
18.253900,0.9999540
18.255289,0.9995476
18.256678,1.0000256
18.258066,1.0000871
18.259455,1.0002208
18.260844,1.0003305
18.262233,1.0010375
18.263622,0.9996078
18.265011,1.0003547
18.266400,0.9995105
18.267788,0.9997076
18.269177,0.9998396
18.270566,1.0003712
18.271955,1.0001064
18.273344,0.9999128
18.274733,1.0002661
18.276121,1.0002049
18.277510,0.9998577
18.278899,1.0003906
18.280288,1.0006768
18.281677,1.0000956
18.283066,0.9998674
18.284455,0.9996904
18.285843,1.0000508
18.287232,1.0000962
18.288621,1.0007926
18.290010,0.9999794
18.291399,0.9995401
18.292788,1.0002686
18.294177,1.0000184
18.295565,1.0005081
18.296954,1.0000213
18.298343,1.0001218
18.299732,1.0000548
18.301121,1.0000472
18.302510,1.0001626
18.303898,1.0007860
18.305287,0.9994327
18.306676,0.9995957
18.308065,1.0001220
18.309454,0.9993819
18.310843,1.0001089
18.312232,1.0003584
18.313620,0.9999802
18.315009,0.9999296
18.316398,0.9997193
18.317787,1.0004642
18.319176,1.0003068
18.320565,1.0006145
18.321953,1.0000493
18.323342,1.0000869
18.324731,1.0003465
18.326120,0.9998872
18.327509,1.0003789
18.328898,1.0002467
18.330287,1.0002368
18.331675,0.9991884
18.333064,0.9998848
18.334453,0.9997427
18.335842,1.0003229
18.337231,0.9998497
18.338620,1.0002445
18.340008,0.9995424
18.341397,1.0001342
18.342786,1.0000214
18.344175,0.9995506
18.345564,1.0002137
18.346953,0.9996975
18.348342,1.0004808
18.349730,0.9996432
18.351119,1.0000786
18.352508,0.9994621
18.353897,0.9999685
18.355286,1.0000596
18.356675,0.9999645
18.358064,0.9999203
18.359452,1.0009718
18.360841,0.9996055
18.362230,1.0000647
18.363619,0.9996985
18.365008,1.0006026
18.366397,1.0002397
18.367785,1.0000960
18.369174,1.0002246
18.370563,1.0000920
18.371952,1.0003044
18.373341,1.0004747
18.374730,0.9999312
18.376119,0.9999387
18.377507,0.9998923
18.378896,1.0003015
18.380285,1.0004384
18.381674,1.0001135
18.383063,0.9999897
18.384452,1.0004326
18.385840,1.0000091
18.387229,0.9998735
18.388618,0.9997788
18.390007,1.0004978
18.391396,0.9998565
18.392785,1.0003175
18.394174,1.0004963
18.395562,0.9997797
18.396951,0.9996907
18.398340,1.0001286
18.399729,0.9998071
18.401118,0.9999655
18.402507,0.9995241
18.403895,1.0001660
18.405284,1.0000038
18.406673,0.9996354
18.408062,0.9999544
18.409451,1.0001249
18.410840,0.9994921
18.412229,1.0003072
18.413617,1.0002092
18.415006,0.9997050
18.416395,0.9997242
18.417784,1.0003778
18.419173,1.0003590
18.420562,0.9997438
18.421950,1.0004749
18.423339,0.9998441
18.424728,1.0000400
18.426117,0.9999345
18.427506,1.0002498
18.428895,0.9995530
18.430284,0.9997280
18.431672,0.9995270
18.433061,0.9999365
18.434450,1.0001550
18.435839,0.9998729
18.437228,0.9996164
18.438617,0.9997638
18.440006,0.9999131
18.441394,0.9997148
18.442783,0.9995485
18.444172,1.0000740
18.445561,1.0000494
18.446950,0.9997470
18.448339,0.9994346
18.449727,0.9995774
18.451116,1.0005280
18.452505,1.0005488
18.453894,1.0004076
18.455283,0.9998991
18.456672,1.0001579
18.458061,0.9996521
18.459449,0.9998882
18.460838,1.0000601
18.462227,0.9996560
18.463616,1.0003386
18.465005,0.9998603
18.466394,0.9997284
18.467782,0.9996245
18.469171,1.0000777
18.470560,1.0000312
18.471949,1.0001622
18.473338,0.9995482
18.474727,0.9998788
18.476116,0.9998746
18.477504,1.0004826
18.478893,0.9997146
18.480282,0.9996367
18.481671,1.0002685
18.483060,0.9999715
18.484449,0.9997175
18.485837,1.0000954
18.487226,0.9995030
18.488615,1.0003490
18.490004,0.9996400
18.491393,1.0001946
18.492782,0.9998041
18.494171,0.9998557
18.495559,0.9996547
18.496948,1.0003040
18.498337,1.0002041
18.499726,1.0003971
18.501115,0.9997267
18.502504,1.0001167
18.503893,0.9997042
18.505281,0.9994336
18.506670,0.9997611
18.508059,0.9997119
18.509448,0.9996527
18.510837,0.9991703
18.512226,0.9999729
18.513614,1.0001795
18.515003,1.0000652
18.516392,1.0005209
18.517781,1.0004596
18.519170,0.9994519
18.520559,1.0005464
18.521948,0.9996132
18.523336,0.9997717
18.524725,0.9988699
18.526114,0.9999191
18.527503,1.0001267
18.528892,0.9992557
18.530281,1.0000257
18.531669,0.9997448
18.533058,1.0007589
18.534447,0.9995763
18.535836,1.0002103
18.537225,1.0001671
18.538614,0.9998578
18.540003,1.0001722
18.541391,0.9994686
18.542780,0.9994397
18.544169,0.9998630
18.545558,1.0001943
18.546947,0.9999552
18.548336,0.9999572
18.549724,0.9993618
18.551113,0.9993351
18.552502,1.0000340
18.553891,0.9994421
18.555280,1.0000928
18.556669,1.0000957
18.558058,1.0006841
18.559446,1.0001483
18.560835,0.9995990
18.562224,0.9999685
18.563613,0.9998346
18.565002,0.9997656
18.566391,1.0005196
18.567779,1.0008265
18.569168,1.0001217
18.570557,0.9996430
18.571946,1.0000181
18.573335,1.0003234
18.574724,0.9998626
18.576113,1.0003137
18.577501,1.0002180
18.578890,0.9991914
18.580279,1.0004395
18.581668,0.9997542
18.583057,1.0004995
18.584446,1.0005437
18.585834,0.9999961
18.587223,1.0003565
18.588612,0.9996676
18.590001,0.9995947
18.591390,0.9996490
18.592779,0.9992796
18.594168,0.9999787
18.595556,1.0003286
18.596945,1.0006892
18.598334,1.0002313
18.599723,1.0002195
18.601112,0.9994870
18.602501,1.0001468
18.603890,1.0003742
18.605278,1.0002180
18.606667,0.9999496
18.608056,1.0000247
18.609445,1.0002175
18.610834,1.0004930
18.612223,0.9999523
18.613611,0.9999955
18.615000,0.9999848
18.616389,0.9996820
18.617778,1.0000366
18.619167,0.9997575
18.620556,0.9994768
18.621945,0.9994773
18.623333,1.0004012
18.624722,0.9998505
18.626111,1.0000334
18.627500,1.0001989
18.628889,1.0003519
18.630278,0.9999121
18.631666,1.0003545
18.633055,0.9995936
18.634444,0.9998627
18.635833,0.9999852
18.637222,0.9999786
18.638611,1.0006596
18.640000,1.0001684
18.641388,1.0000308
18.642777,0.9997053
18.644166,0.9996075
18.645555,1.0003725
18.646944,1.0002266
18.648333,0.9999489
18.649721,1.0001822
18.651110,0.9997094
18.652499,0.9998743
18.653888,0.9997689
18.655277,1.0001983
18.656666,0.9994612
18.658055,1.0002519
18.659443,0.9993423
18.660832,0.9999018
18.662221,1.0004351
18.663610,1.0000417
18.664999,0.9996443
18.666388,1.0005058
18.667776,1.0000107
18.669165,0.9992494
18.670554,1.0001709
18.671943,0.9995148
18.673332,1.0002876
18.674721,1.0004132
18.676110,1.0005379
18.677498,0.9998008
18.678887,0.9996434
18.680276,0.9995004
18.681665,0.9996240
18.683054,0.9999204
18.684443,0.9997583
18.685831,0.9999251
18.687220,1.0001763
18.688609,0.9998466
18.689998,1.0002458
18.691387,0.9996824
18.692776,1.0003861
18.694165,1.0000587
18.695553,0.9998877
18.696942,0.9999239
18.698331,0.9996672
18.699720,0.9996911
18.701109,0.9996788
18.702498,0.9998369
18.703886,0.9999311
18.705275,0.9995466
18.706664,0.9998854
18.708053,1.0001264
18.709442,0.9997866
18.710831,1.0004887
18.712220,1.0000473
18.713608,0.9996855
18.714997,0.9998393
18.716386,1.0003720
18.717775,1.0000336
18.719164,0.9997783
18.720553,1.0002294
18.721942,1.0002149
18.723330,1.0000965
18.724719,0.9999510
18.726108,0.9999795
18.727497,1.0000451
18.728886,0.9997784
18.730275,0.9996697
18.731663,1.0005148
18.733052,0.9997729
18.734441,0.9998052
18.735830,1.0002082
18.737219,1.0001579
18.738608,0.9999161
18.739997,0.9997765
18.741385,0.9998622
18.742774,0.9995308
18.744163,0.9999878
18.745552,0.9997395
18.746941,1.0001546
18.748330,1.0001980
18.749718,0.9995216
18.751107,1.0002653
18.752496,1.0002379
18.753885,1.0002372
18.755274,1.0002689
18.756663,1.0001909
18.758052,1.0000781
18.759440,1.0003541
18.760829,0.9999675
18.762218,0.9999630
18.763607,0.9998857
18.764996,1.0004540
18.766385,1.0003663
18.767773,1.0001456
18.769162,1.0000100
18.770551,1.0001525
18.771940,0.9997589
18.773329,0.9996554
18.774718,1.0001686
18.776107,0.9999404
18.777495,1.0001376
18.778884,1.0001318
18.780273,1.0005365
18.781662,1.0002412
18.783051,0.9995903
18.784440,1.0001222
18.785828,1.0001676
18.787217,1.0005507
18.788606,1.0007910
18.789995,0.9993880
18.791384,1.0001306
18.792773,1.0001478
18.794162,1.0000402
18.795550,1.0003554
18.796939,0.9997578
18.798328,0.9997199
18.799717,0.9996109
18.801106,0.9996075
18.802495,1.0001707
18.803883,0.9993938
18.805272,1.0002199
18.806661,0.9999140
18.808050,1.0004710
18.809439,0.9998756
18.810828,1.0000875
18.812217,0.9996893
18.813605,0.9998901
18.814994,1.0000364
18.816383,1.0002143
18.817772,0.9998667
18.819161,1.0003617
18.820550,1.0000058
18.821938,0.9995643
18.823327,1.0003192
18.824716,0.9998918
18.826105,1.0000143
18.827494,0.9999030
18.828883,1.0001639
18.830272,1.0002049
18.831660,1.0001099
18.833049,1.0002289
18.834438,0.9999998
18.835827,1.0004495
18.837216,0.9999344
18.838605,1.0002770
18.839993,1.0001815
18.841382,0.9998153
18.842771,1.0005683
18.844160,1.0003146
18.845549,0.9996056
18.846938,1.0000438
18.848327,0.9999361
18.849715,1.0001667
18.851104,1.0005854
18.852493,0.9996522
18.853882,1.0002995
18.855271,0.9996697
18.856660,1.0000973
18.858048,0.9997166
18.859437,1.0000451
18.860826,0.9997510
18.862215,1.0002506
18.863604,1.0002490
18.864993,1.0003249
18.866382,0.9998934
18.867770,0.9998972
18.869159,0.9998744
18.870548,1.0004774
18.871937,1.0014744
18.873326,1.0005953
18.874715,1.0002057
18.876104,0.9996596
18.877492,0.9998553
18.878881,1.0005143
18.880270,0.9999344
18.881659,0.9996633
18.883048,1.0002923
18.884437,1.0005828
18.885825,0.9998623
18.887214,1.0003457
18.888603,0.9996135
18.889992,1.0003375
18.891381,1.0000780
18.892770,0.9994053
18.894159,1.0001944
18.895547,1.0008222
18.896936,0.9999796
18.898325,1.0005889
18.899714,1.0007993
18.901103,0.9998919
18.902492,1.0000316
18.903880,1.0005948
18.905269,0.9997595
18.906658,1.0004818
18.908047,0.9999496
18.909436,1.0001314
18.910825,1.0002277
18.912214,1.0004212
18.913602,0.9998985
18.914991,1.0000777
18.916380,1.0006299
18.917769,0.9996928
18.919158,1.0001591
18.920547,1.0002459
18.921935,0.9998764
18.923324,0.9994501
18.924713,1.0001802
18.926102,0.9997238
18.927491,0.9998350
18.928880,1.0004549
18.930269,0.9996499
18.931657,1.0005165
18.933046,1.0004865
18.934435,0.9995431
18.935824,0.9997946
18.937213,1.0004320
18.938602,0.9992220
18.939990,1.0000136
18.941379,1.0001432
18.942768,1.0004639
18.944157,0.9999579
18.945546,1.0004551
18.946935,1.0000032
18.948324,1.0011932
18.949712,0.9994764
18.951101,1.0002868
18.952490,1.0002606
18.953879,0.9995012
18.955268,0.9999822
18.956657,0.9996073
18.958045,0.9998780
18.959434,0.9999896
18.960823,0.9998702
18.962212,0.9997167
18.963601,1.0003301
18.964990,0.9999812
18.966379,0.9992827
18.967767,1.0002793
18.969156,0.9994283
18.970545,0.9997521
18.971934,0.9998572
18.973323,1.0000040
18.974712,1.0000537
18.976100,0.9996664
18.977489,0.9996814
18.978878,0.9999786
18.980267,1.0001073
18.981656,1.0000170
18.983045,0.9999058
18.984434,0.9996824
18.985822,0.9995767
18.987211,0.9998705
18.988600,1.0002674
18.989989,1.0000713
18.991378,1.0005968
18.992767,0.9996297
18.994155,0.9995709
18.995544,0.9999650
18.996933,1.0000252
18.998322,1.0002384
18.999711,0.9992789
19.001100,1.0003742
19.002489,1.0001314
19.003877,0.9995072
19.005266,1.0006405
19.006655,0.9993733
19.008044,0.9995450
19.009433,1.0000534
19.010822,1.0001579
19.012210,1.0002002
19.013599,0.9997112
19.014988,1.0001298
19.016377,0.9998756
19.017766,1.0004040
19.019155,0.9994900
19.020544,0.9999289
19.021932,0.9997579
19.023321,1.0001916
19.024710,1.0000081
19.026099,0.9994639
19.027488,0.9990452
19.028877,1.0001841
19.030265,1.0000240
19.031654,1.0000661
19.033043,1.0000989
19.034432,0.9999282
19.035821,1.0003923
19.037210,0.9998963
19.038599,1.0001920
19.039987,1.0002423
19.041376,1.0001463
19.042765,1.0005248
19.044154,0.9995519
19.045543,1.0003689
19.046932,0.9999263
19.048320,1.0004348
19.049709,1.0000171
19.051098,0.9997713
19.052487,1.0004185
19.053876,1.0001275
19.055265,0.9997942
19.056654,1.0001975
19.058042,0.9998950
19.059431,0.9996878
19.060820,1.0002751
19.062209,0.9998226
19.063598,0.9997515
19.064987,0.9994804
19.066375,0.9994932
19.067764,0.9999251
19.069153,1.0001137
19.070542,1.0002177
19.071931,0.9998731
19.073320,1.0000273
19.074709,0.9998439
19.076097,1.0003286
19.077486,0.9999493
19.078875,1.0003813
19.080264,0.9994008
19.081653,0.9980105
19.083042,0.9979042
19.084430,0.9970828
19.085819,0.9952469
19.087208,0.9938760
19.088597,0.9929384
19.089986,0.9922409
19.091375,0.9903036
19.092764,0.9895113
19.094152,0.9874409
19.095541,0.9874482
19.096930,0.9862456
19.098319,0.9865020
19.099708,0.9864027
19.101097,0.9859888
19.102485,0.9857389
19.103874,0.9858336
19.105263,0.9849570
19.106652,0.9857498
19.108041,0.9848484
19.109430,0.9848572
19.110819,0.9842690
19.112207,0.9849019
19.113596,0.9846258
19.114985,0.9849101
19.116374,0.9845817
19.117763,0.9841904
19.119152,0.9841969
19.120540,0.9844930
19.121929,0.9838125
19.123318,0.9838398
19.124707,0.9846690
19.126096,0.9837321
19.127485,0.9846613
19.128874,0.9843496
19.130262,0.9845315
19.131651,0.9839975
19.133040,0.9837376
19.134429,0.9838104
19.135818,0.9839102
19.137207,0.9839375
19.138595,0.9836772
19.139984,0.9842861
19.141373,0.9841506
19.142762,0.9835316
19.144151,0.9841091
19.145540,0.9843280
19.146929,0.9838996
19.148317,0.9839905
19.149706,0.9847164
19.151095,0.9839668
19.152484,0.9839189
19.153873,0.9842740
19.155262,0.9835293
19.156650,0.9838262
19.158039,0.9842601
19.159428,0.9847901
19.160817,0.9841126
19.162206,0.9842683
19.163595,0.9844471
19.164984,0.9846639
19.166372,0.9847373
19.167761,0.9850122
19.169150,0.9852819
19.170539,0.9850819
19.171928,0.9845272
19.173317,0.9847772
19.174705,0.9853639
19.176094,0.9849304
19.177483,0.9852931
19.178872,0.9851611
19.180261,0.9856863
19.181650,0.9861575
19.183039,0.9860776
19.184427,0.9865738
19.185816,0.9862729
19.187205,0.9861584
19.188594,0.9877588
19.189983,0.9879540
19.191372,0.9890566
19.192760,0.9900665
19.194149,0.9920592
19.195538,0.9926224
19.196927,0.9938334
19.198316,0.9951309
19.199705,0.9967430
19.201094,0.9976019
19.202482,0.9989556
19.203871,0.9995320
19.205260,0.9999694
19.206649,0.9995337
19.208038,1.0003198
19.209427,1.0002232
19.210815,1.0000579
19.212204,1.0001529
19.213593,0.9999468
19.214982,1.0004046
19.216371,0.9998636
19.217760,0.9999972
19.219149,0.9998406
19.220537,1.0000537
19.221926,1.0000831
19.223315,1.0001553
19.224704,1.0006136
19.226093,0.9995825
19.227482,1.0000459
19.228870,0.9998539
19.230259,0.9997941
19.231648,0.9998914
19.233037,0.9992748
19.234426,1.0003426
19.235815,1.0002890
19.237204,1.0002740
19.238592,0.9996302
19.239981,1.0001259
19.241370,0.9999140
19.242759,0.9998301
19.244148,0.9998438
19.245537,0.9999329
19.246925,0.9999184
19.248314,0.9998425
19.249703,0.9999047
19.251092,1.0001962
19.252481,0.9996820
19.253870,1.0001404
19.255259,0.9999984
19.256647,0.9997797
19.258036,0.9999031
19.259425,1.0000101
19.260814,1.0001577
19.262203,0.9997421
19.263592,1.0003189
19.264980,1.0006375
19.266369,1.0002368
19.267758,1.0002202
19.269147,1.0001715
19.270536,0.9995384
19.271925,1.0002483
19.273314,1.0012903
19.274702,1.0006890
19.276091,1.0001221
19.277480,1.0002493
19.278869,0.9997933
19.280258,0.9999300
19.281647,1.0001906
19.283035,1.0000784
19.284424,0.9997215
19.285813,0.9998108
19.287202,0.9996611
19.288591,1.0004352
19.289980,1.0007775
19.291369,1.0000627
19.292757,0.9993722
19.294146,0.9997587
19.295535,1.0001097
19.296924,1.0003695
19.298313,1.0001859
19.299702,1.0002543
19.301090,0.9998604
19.302479,0.9997529
19.303868,1.0001945
19.305257,0.9998224
19.306646,0.9999944
19.308035,0.9997054
19.309424,0.9994387
19.310812,1.0003782
19.312201,1.0003368
19.313590,0.9999902
19.314979,1.0000573
19.316368,1.0002928
19.317757,1.0006565
19.319145,1.0004193
19.320534,1.0000702
19.321923,0.9995805
19.323312,0.9990899
19.324701,0.9999553
19.326090,0.9998559
19.327479,1.0002876
19.328867,1.0007316
19.330256,0.9999991
19.331645,0.9996166
19.333034,0.9999114
19.334423,0.9998444
19.335812,0.9995048
19.337200,0.9999104
19.338589,1.0001392
19.339978,0.9998959
19.341367,1.0001465
19.342756,1.0002172
19.344145,1.0000823
19.345534,0.9999095
19.346922,0.9999312
19.348311,0.9997783
19.349700,0.9999925
19.351089,0.9997038
19.352478,1.0002830
19.353867,1.0000585
19.355255,0.9995433
19.356644,0.9990100
19.358033,1.0001688
19.359422,1.0003482
19.360811,1.0003484
19.362200,1.0000822
19.363589,1.0000565
19.364977,0.9997763
19.366366,0.9995455
19.367755,0.9998522
19.369144,0.9997262
19.370533,0.9994997
19.371922,1.0000661
19.373310,1.0002086
19.374699,0.9998389
19.376088,0.9997800
19.377477,1.0004573
19.378866,1.0001381
19.380255,1.0006380
19.381644,0.9995816
19.383032,1.0004179
19.384421,1.0002664
19.385810,0.9995533
19.387199,1.0003282
19.388588,0.9997198
19.389977,0.9995651
19.391365,1.0000547
19.392754,0.9996394
19.394143,0.9998391
19.395532,0.9993937
19.396921,1.0001652
19.398310,1.0003344
19.399699,1.0000494
19.401087,1.0003921
19.402476,0.9998494
19.403865,0.9999056
19.405254,1.0000509
19.406643,0.9997265
19.408032,1.0000791
19.409420,0.9998879
19.410809,0.9999142
19.412198,1.0000448
19.413587,0.9997909
19.414976,0.9999790
19.416365,0.9999263
19.417754,1.0003327
19.419142,1.0000469
19.420531,1.0000913
19.421920,0.9998116
19.423309,0.9997885
19.424698,0.9997646
19.426087,1.0000855
19.427475,1.0004537
19.428864,0.9998821
19.430253,0.9997493
19.431642,1.0000883
19.433031,1.0000851
19.434420,1.0005279
19.435808,1.0002759
19.437197,0.9999900
19.438586,1.0002445
19.439975,0.9997152
19.441364,0.9994928
19.442753,0.9998632
19.444142,1.0003275
19.445530,1.0004594
19.446919,1.0000472
19.448308,0.9990980
19.449697,0.9999158
19.451086,0.9999972
19.452475,1.0003724
19.453863,1.0000432
19.455252,1.0000387
19.456641,0.9999769
19.458030,0.9997756
19.459419,0.9999234
19.460808,1.0003421
19.462197,1.0005538
19.463585,1.0002327
19.464974,1.0000013
19.466363,1.0003135
19.467752,0.9994907
19.469141,0.9995388
19.470530,1.0001120
19.471918,1.0003275
19.473307,1.0003043
19.474696,0.9994776
19.476085,1.0003601
19.477474,0.9998030
19.478863,0.9999322
19.480252,1.0001718
19.481640,0.9994452
19.483029,0.9996530
19.484418,0.9995384
19.485807,1.0000998
19.487196,0.9997229
19.488585,0.9999181
19.489973,1.0006510
19.491362,1.0000650
19.492751,0.9998994
19.494140,0.9998263
19.495529,0.9994520
19.496918,0.9997366
19.498307,0.9996433
19.499695,0.9999035
19.501084,0.9997274
19.502473,1.0001468
19.503862,0.9998839
19.505251,0.9999218
19.506640,0.9994603
19.508028,0.9999847
19.509417,0.9997433
19.510806,0.9998424
19.512195,1.0008773
19.513584,1.0001711
19.514973,1.0005755
19.516362,1.0003490
19.517750,0.9998998
19.519139,1.0008153
19.520528,1.0000724
19.521917,0.9996568
19.523306,1.0003073
19.524695,0.9997123
19.526083,0.9996989
19.527472,0.9996527
19.528861,0.9998327
19.530250,1.0000820
19.531639,1.0008398
19.533028,1.0005174
19.534417,0.9998484
19.535805,0.9999733
19.537194,1.0005094
19.538583,1.0002787
19.539972,1.0003377
19.541361,1.0000093
19.542750,0.9996908
19.544138,1.0000775
19.545527,0.9997198
19.546916,1.0000312
19.548305,0.9997943
19.549694,0.9992040
19.551083,1.0002721
19.552472,0.9996164
19.553860,1.0002063
19.555249,0.9999821
19.556638,0.9999004
19.558027,1.0000206
19.559416,0.9997878
19.560805,0.9996808
19.562193,1.0002408
19.563582,1.0003079
19.564971,0.9996204
19.566360,1.0003419
19.567749,0.9998192
19.569138,1.0006529
19.570527,1.0004562
19.571915,1.0001259
19.573304,0.9998163
19.574693,0.9994986
19.576082,0.9997895
19.577471,0.9996182
19.578860,1.0000174
19.580248,0.9996364
19.581637,1.0001406
19.583026,1.0001560
19.584415,1.0001027
19.585804,1.0002173
19.587193,0.9998015
19.588582,1.0000025
19.589970,0.9992573
19.591359,1.0000746
19.592748,0.9999306
19.594137,0.9997268
19.595526,0.9999213
19.596915,1.0005843
19.598303,1.0004435
19.599692,1.0000923
19.601081,0.9997474
19.602470,1.0000930
19.603859,1.0003426
19.605248,0.9993541
19.606636,0.9998624
19.608025,1.0001521
19.609414,1.0000049
19.610803,1.0001090
19.612192,1.0000169
19.613581,0.9999029
19.614970,1.0000315
19.616358,1.0003337
19.617747,1.0000579
19.619136,1.0002420
19.620525,1.0000859
19.621914,1.0003979
19.623303,0.9998541
19.624691,1.0007155
19.626080,0.9995639
19.627469,0.9997954
19.628858,0.9995404
19.630247,1.0000851
19.631636,1.0005280
19.633025,1.0000588
19.634413,1.0000451
19.635802,1.0007905
19.637191,0.9995586
19.638580,0.9999987
19.639969,0.9999413
19.641358,0.9999294
19.642746,0.9994932
19.644135,1.0009954
19.645524,0.9999622
19.646913,0.9998542
19.648302,0.9998202
19.649691,1.0000970
19.651080,0.9993619
19.652468,1.0000863
19.653857,1.0006817
19.655246,0.9997474
19.656635,0.9994640
19.658024,1.0001406
19.659413,1.0002755
19.660801,0.9999441
19.662190,1.0000890
19.663579,1.0001634
19.664968,1.0004476
19.666357,1.0001685
19.667746,0.9996490
19.669135,0.9998334
19.670523,1.0002731
19.671912,1.0000804
19.673301,1.0002721
19.674690,1.0003912
19.676079,1.0010140
19.677468,0.9999783
19.678856,0.9990614
19.680245,1.0000168
19.681634,0.9996669
19.683023,0.9998895
19.684412,1.0001891
19.685801,0.9999362
19.687190,1.0006078
19.688578,1.0000803
19.689967,0.9997325
19.691356,0.9998668
19.692745,1.0002591
19.694134,0.9998916
19.695523,0.9997941
19.696911,0.9998880
19.698300,0.9999288
19.699689,0.9996370
19.701078,0.9998216
19.702467,0.9998201
19.703856,1.0000042
19.705245,0.9997595
19.706633,0.9997970
19.708022,0.9998224
19.709411,0.9998685
19.710800,0.9996308
19.712189,0.9998268
19.713578,1.0002004
19.714966,0.9999914
19.716355,0.9999075
19.717744,0.9995945
19.719133,0.9999799
19.720522,0.9996824
19.721911,1.0004114
19.723299,1.0000895
19.724688,1.0001622
19.726077,0.9998366
19.727466,0.9999696
19.728855,1.0005689
19.730244,1.0001563
19.731633,1.0000145
19.733021,1.0000626
19.734410,0.9999059
19.735799,1.0000676
19.737188,1.0004471
19.738577,0.9997904
19.739966,0.9995193
19.741354,1.0003240
19.742743,1.0004829
19.744132,0.9995190
19.745521,1.0001601
19.746910,0.9997083
19.748299,0.9993927
19.749688,0.9999319
19.751076,1.0006803
19.752465,0.9997033
19.753854,0.9997272
19.755243,1.0001687
19.756632,0.9999628
19.758021,1.0003286
19.759409,1.0000171
19.760798,1.0004902
19.762187,0.9993250
19.763576,0.9995839
19.764965,0.9996115
19.766354,1.0003272
19.767743,0.9997835
19.769131,1.0007936
19.770520,0.9994346
19.771909,1.0000480
19.773298,0.9999790
19.774687,1.0003795
19.776076,0.9999426
19.777464,1.0005291
19.778853,1.0001925
19.780242,1.0001660
19.781631,0.9997132
19.783020,0.9999203
19.784409,0.9999753
19.785798,0.9998839
19.787186,0.9999039
19.788575,1.0000957
19.789964,1.0003243
19.791353,0.9996631
19.792742,1.0002081
19.794131,0.9999194
19.795519,0.9998779
19.796908,1.0004831
19.798297,0.9996993
19.799686,0.9999403
19.801075,1.0001766
19.802464,1.0008645
19.803852,0.9992204
19.805241,0.9998797
19.806630,0.9995248
19.808019,0.9997112
19.809408,1.0000208
19.810797,0.9998704
19.812186,0.9998512
19.813574,0.9998417
19.814963,1.0006151
19.816352,1.0001071
19.817741,1.0001832
19.819130,0.9997275
19.820519,1.0002219
19.821907,1.0007394
19.823296,0.9995752
19.824685,1.0004522
19.826074,1.0002263
19.827463,0.9998568
19.828852,1.0004694
19.830241,1.0004876
19.831629,0.9996100
19.833018,0.9997368
19.834407,0.9999453
19.835796,0.9998939
19.837185,1.0001954
19.838574,0.9995828
19.839962,0.9998478
19.841351,0.9998309
19.842740,0.9998153
19.844129,1.0000977
19.845518,1.0003923
19.846907,0.9998225
19.848296,1.0008723
19.849684,0.9999824
19.851073,1.0000873
19.852462,1.0004321
19.853851,0.9999073
19.855240,1.0002510
19.856629,1.0005680
19.858017,0.9999453
19.859406,1.0003382
19.860795,1.0004947
19.862184,0.9999014
19.863573,1.0000829
19.864962,1.0006605
19.866351,0.9999311
19.867739,1.0005048
19.869128,0.9999036
19.870517,0.9999596
19.871906,1.0007386
19.873295,0.9996557
19.874684,1.0000812
19.876072,0.9998075
19.877461,0.9999845
19.878850,0.9993547
19.880239,1.0004149
19.881628,1.0004921
19.883017,1.0005841
19.884406,0.9993369
19.885794,0.9998498
19.887183,0.9994598
19.888572,0.9998299
19.889961,0.9994022
19.891350,1.0004002
19.892739,1.0000422
19.894127,0.9996746
19.895516,1.0001267
19.896905,0.9998538
19.898294,1.0003482
19.899683,0.9995265
19.901072,1.0003697
19.902460,1.0005051
19.903849,1.0001770
19.905238,1.0003473
19.906627,1.0000346
19.908016,1.0002100
19.909405,1.0007455
19.910794,0.9997945
19.912182,1.0003731
19.913571,1.0000841
19.914960,0.9999056
19.916349,1.0000388
19.917738,0.9998673
19.919127,0.9999393
19.920515,1.0001105
19.921904,0.9999536
19.923293,1.0004250
19.924682,1.0001509
19.926071,1.0001714
19.927460,1.0001609
19.928849,0.9999229
19.930237,0.9998886
19.931626,0.9997561
19.933015,0.9999909
19.934404,1.0003201
19.935793,1.0004675
19.937182,1.0004550
19.938570,1.0004740
19.939959,1.0006570
19.941348,1.0007180
19.942737,1.0002959
19.944126,0.9999908
19.945515,0.9992366
19.946904,1.0002750
19.948292,1.0005650
19.949681,1.0001245
19.951070,1.0000739
19.952459,0.9998234
19.953848,0.9998359
19.955237,0.9998956
19.956625,0.9996877
19.958014,1.0005208
19.959403,0.9997614
19.960792,0.9998705
19.962181,0.9999886
19.963570,0.9996883
19.964958,1.0000587
19.966347,0.9996742
19.967736,1.0002602
19.969125,1.0003703
19.970514,1.0005252
19.971903,0.9996033
19.973292,1.0005880
19.974680,0.9999456
19.976069,1.0000261
19.977458,0.9995709
19.978847,0.9997072
19.980236,1.0001392
19.981625,0.9998241
19.983013,0.9999342
19.984402,1.0001771
19.985791,1.0003569
19.987180,1.0000926
19.988569,0.9995602
19.989958,0.9995046
19.991347,0.9996389
19.992735,0.9995312
19.994124,0.9996639
19.995513,1.0001147
19.996902,0.9996617
19.998291,1.0009214
19.999680,1.0002215
20.001068,0.9996131
20.002457,1.0006963
20.003846,0.9999863
20.005235,0.9997739
20.006624,1.0001839
20.008013,1.0002678
20.009402,0.9999559
20.010790,1.0005583
20.012179,1.0000860
20.013568,1.0005397
20.014957,0.9999338
20.016346,1.0002350
20.017735,1.0005018
20.019123,1.0006129
20.020512,1.0000506
20.021901,1.0002008
20.023290,0.9997307
20.024679,0.9999910
20.026068,0.9996377
20.027457,0.9998203
20.028845,1.0003484
20.030234,1.0001708
20.031623,0.9993759
20.033012,0.9995882
20.034401,0.9997114
20.035790,0.9994831
20.037178,1.0001202
20.038567,0.9997594
20.039956,0.9999291
20.041345,0.9999965
20.042734,1.0005745
20.044123,1.0005827
20.045511,0.9992106
20.046900,0.9998502
20.048289,0.9996068
20.049678,1.0000237
20.051067,0.9994516
20.052456,0.9996064
20.053845,1.0000303
20.055233,0.9993252
20.056622,0.9997715
20.058011,1.0001870
20.059400,0.9996142
20.060789,0.9999384
20.062178,1.0002973
20.063566,1.0002198
20.064955,0.9998564
20.066344,0.9997029
20.067733,1.0001289
20.069122,0.9998704
20.070511,0.9989959
20.071900,0.9996603
20.073288,0.9996885
20.074677,1.0008450
20.076066,1.0000701
20.077455,0.9994733
20.078844,0.9994346
20.080233,1.0001013
20.081621,0.9996558
20.083010,0.9994860
20.084399,0.9998723
20.085788,0.9998572
20.087177,0.9996920
20.088566,1.0002742
20.089955,1.0000844
20.091343,1.0002880
20.092732,1.0001282
20.094121,0.9996980
20.095510,1.0004807
20.096899,1.0002292
20.098288,0.9998511
20.099676,0.9999616
20.101065,0.9999330
20.102454,1.0004941
20.103843,0.9999929
20.105232,0.9994032
20.106621,1.0003569
20.108009,1.0004115
20.109398,1.0000128
20.110787,0.9994409
20.112176,0.9996284
20.113565,0.9996883
20.114954,0.9995680
20.116343,0.9996610
20.117731,1.0000818
20.119120,0.9994685
20.120509,0.9998154
20.121898,0.9999325
20.123287,0.9999599
20.124676,0.9999132
20.126064,1.0000516
20.127453,1.0000810
20.128842,0.9995648
20.130231,0.9999154
20.131620,0.9998588
20.133009,0.9998670
20.134398,0.9999075
20.135786,1.0006208
20.137175,1.0006185
20.138564,1.0000177
20.139953,1.0001487
20.141342,0.9999585
20.142731,1.0003348
20.144119,1.0004670
20.145508,1.0003895
20.146897,1.0006073
20.148286,0.9999779
20.149675,0.9998241
20.151064,0.9994437
20.152453,0.9998770
20.153841,0.9993742
20.155230,1.0000467
20.156619,0.9999440
20.158008,1.0000142
20.159397,0.9996424
20.160786,0.9996513
20.162174,0.9995979
20.163563,1.0000447
20.164952,0.9995804
20.166341,0.9995472
20.167730,0.9996768
20.169119,1.0005460
20.170507,0.9993766
20.171896,1.0000097
20.173285,0.9998657
20.174674,1.0003597
20.176063,0.9996769
20.177452,1.0005745
20.178841,1.0005879
20.180229,1.0001910
20.181618,0.9999262
20.183007,0.9994545
20.184396,1.0002166
20.185785,1.0001016
20.187174,0.9999500
20.188562,0.9999755
20.189951,1.0001982
20.191340,1.0002503
20.192729,0.9995694
20.194118,1.0001988
20.195507,0.9998403
20.196896,0.9999727
20.198284,0.9997625
20.199673,0.9998970
20.201062,1.0002961
20.202451,0.9996004
20.203840,1.0000505
20.205229,0.9995641
20.206617,1.0006946
20.208006,0.9997796
20.209395,0.9999077
20.210784,0.9999914
20.212173,0.9997907
20.213562,1.0001826
20.214950,1.0000136
20.216339,1.0001393
20.217728,0.9992908
20.219117,0.9995997
20.220506,1.0001625
20.221895,1.0007819
20.223284,1.0004690
20.224672,1.0000814
20.226061,0.9998563
20.227450,0.9994972
20.228839,1.0001263
20.230228,0.9998128
20.231617,0.9996133
20.233005,0.9994729
20.234394,1.0000611
20.235783,1.0005281
20.237172,1.0000410
20.238561,0.9997097
20.239950,1.0003088
20.241339,1.0000927
20.242727,0.9996110
20.244116,0.9993943
20.245505,0.9998630
20.246894,0.9998807
20.248283,0.9990001
20.249672,1.0000031
20.251060,1.0001360
20.252449,1.0001111
20.253838,1.0001319
20.255227,0.9996638
20.256616,1.0006030
20.258005,1.0001865
20.259394,0.9997107
20.260782,0.9996252
20.262171,0.9997857
20.263560,0.9996005
20.264949,0.9999852
20.266338,0.9998958
20.267727,1.0000423
20.269115,0.9997169
20.270504,0.9998376
20.271893,0.9996515
20.273282,0.9996612
20.274671,1.0004569
20.276060,0.9998519
20.277448,0.9998651
20.278837,0.9991081
20.280226,1.0001464
20.281615,0.9998254
20.283004,0.9999149
20.284393,1.0004844
20.285782,0.9993587
20.287170,1.0003808
20.288559,1.0002771
20.289948,0.9997083
20.291337,1.0004914
20.292726,0.9998779
20.294115,0.9999018
20.295503,1.0004444
20.296892,1.0002528
20.298281,0.9999719
20.299670,0.9998269
20.301059,0.9996069
20.302448,1.0001197
20.303837,1.0001918
20.305225,1.0001453
20.306614,1.0000411
20.308003,1.0005057
20.309392,0.9999090
20.310781,0.9998058
20.312170,1.0004779
20.313558,0.9998220
20.314947,0.9992909
20.316336,0.9996649
20.317725,0.9997454
20.319114,1.0001928
20.320503,0.9996195
20.321891,0.9989833
20.323280,1.0005612
20.324669,0.9996657
20.326058,0.9999235
20.327447,0.9993819
20.328836,0.9995314
20.330225,0.9999232
20.331613,0.9998342
20.333002,1.0005556
20.334391,0.9998670
20.335780,0.9997091
20.337169,0.9995096
20.338558,1.0003426
20.339946,1.0000744
20.341335,1.0005026
20.342724,0.9997771
20.344113,0.9996803
20.345502,1.0001376
20.346891,0.9997985
20.348280,0.9995456
20.349668,0.9994345
20.351057,1.0002548
20.352446,0.9989146
20.353835,1.0003386
20.355224,1.0004415
20.356613,1.0001006
20.358001,1.0004293
20.359390,0.9999937
20.360779,0.9992513
20.362168,1.0000608
20.363557,0.9995886
20.364946,0.9998619
20.366335,1.0000991
20.367723,0.9989832
20.369112,1.0001533
20.370501,0.9998027
20.371890,1.0005084
20.373279,0.9999375
20.374668,1.0006031
20.376056,0.9999153
20.377445,0.9991063
20.378834,1.0001892
20.380223,0.9995533
20.381612,1.0001200
20.383001,1.0000431
20.384389,0.9996243
20.385778,1.0000710
20.387167,0.9997584
20.388556,0.9997674
20.389945,0.9993468
20.391334,1.0001036
20.392723,1.0001220
20.394111,1.0000021
20.395500,1.0001072
20.396889,1.0002102
20.398278,0.9991603
20.399667,1.0006020
20.401056,0.9997099
20.402444,1.0001375
20.403833,0.9998943
20.405222,1.0004190
20.406611,0.9997037
20.408000,1.0001613
20.409389,0.9996913
20.410778,0.9995205
20.412166,0.9998108
20.413555,1.0003318
20.414944,1.0001798
20.416333,0.9999881
20.417722,0.9997104
20.419111,0.9999651
20.420499,0.9998689
20.421888,0.9997097
20.423277,1.0004702
20.424666,1.0004905
20.426055,0.9999196
20.427444,0.9996778
20.428832,1.0001573
20.430221,1.0000812
20.431610,0.9997954
20.432999,1.0004631
20.434388,0.9999278
20.435777,0.9996688
20.437166,0.9997252
20.438554,0.9999530
20.439943,0.9996516
20.441332,0.9999673
20.442721,0.9995125
20.444110,1.0007344
20.445499,0.9994567
20.446887,0.9992237
20.448276,0.9999483
20.449665,0.9995317
20.451054,1.0000015
20.452443,0.9999086
20.453832,1.0000801
20.455221,1.0004851
20.456609,1.0003167
20.457998,1.0000211
20.459387,0.9997459
20.460776,1.0001369
20.462165,1.0001142
20.463554,0.9996087
20.464942,0.9996329
20.466331,0.9997170
20.467720,1.0004391
20.469109,0.9996337
20.470498,0.9997119
20.471887,0.9999158
20.473275,0.9995557
20.474664,1.0002124
20.476053,1.0005280
20.477442,1.0003410
20.478831,0.9995500
20.480220,1.0000229
20.481609,1.0002891
20.482997,1.0000442
20.484386,0.9998536
20.485775,1.0001909
20.487164,1.0001217
20.488553,1.0006149
20.489942,1.0001928
20.491330,1.0004250
20.492719,1.0000804
20.494108,1.0001367
20.495497,1.0001939
20.496886,0.9996090
20.498275,1.0002817
20.499664,1.0000175
20.501052,1.0006451
20.502441,1.0003001
20.503830,0.9998682
20.505219,0.9996743
20.506608,0.9998010
20.507997,0.9994685
20.509385,0.9996376
20.510774,1.0000669
20.512163,1.0005216
20.513552,1.0002482
20.514941,1.0001397
20.516330,1.0001748
20.517718,1.0002374
20.519107,1.0000012
20.520496,0.9998086
20.521885,0.9998049
20.523274,0.9993476
20.524663,1.0000900
20.526052,1.0002378
20.527440,0.9999116
20.528829,0.9995539
20.530218,0.9999082
20.531607,1.0007301
20.532996,1.0004157
20.534385,0.9995514
20.535773,0.9999497
20.537162,0.9998850
20.538551,1.0008154
20.539940,1.0005804
20.541329,1.0002287
20.542718,1.0005555
20.544107,0.9999702
20.545495,1.0001394
20.546884,0.9998512
20.548273,1.0000757
20.549662,1.0005362
20.551051,0.9999597
20.552440,1.0000619
20.553828,1.0005091
20.555217,1.0005503
20.556606,1.0001790
20.557995,1.0006767
20.559384,1.0007534
20.560773,1.0000565
20.562161,1.0000520
20.563550,1.0000084
20.564939,0.9999867
20.566328,1.0002847
20.567717,1.0005874
20.569106,1.0002070
20.570495,0.9996910
20.571883,0.9993133
20.573272,1.0007431
20.574661,0.9997117
20.576050,1.0002367
20.577439,1.0013916
20.578828,0.9999099
20.580216,1.0002876
20.581605,1.0002695
20.582994,0.9999511
20.584383,0.9994936
20.585772,1.0001706
20.587161,1.0003127
20.588550,1.0003340
20.589938,0.9995994
20.591327,1.0004042
20.592716,0.9998511
20.594105,0.9998564
20.595494,1.0000761
20.596883,0.9995262
20.598271,1.0001948
20.599660,0.9995660
20.601049,0.9997530
20.602438,1.0005185
20.603827,1.0001631
20.605216,1.0000381
20.606604,0.9999124
20.607993,0.9999072
20.609382,1.0000827
20.610771,1.0001971
20.612160,1.0004883
20.613549,1.0004715
20.614938,0.9997099
20.616326,0.9994589
20.617715,0.9996076
20.619104,1.0002029
20.620493,0.9996530
20.832986,1.0001365
20.834375,1.0002311
20.835764,0.9999255
20.837152,1.0001240
20.838541,0.9999376
20.839930,1.0002420
20.841319,1.0003895
20.842708,1.0000346
20.844097,0.9997346
20.845486,1.0009004
20.846874,1.0000428
20.848263,1.0001215
20.849652,0.9998911
20.851041,1.0002026
20.852430,0.9999102
20.853819,0.9996065
20.855207,0.9997306
20.856596,0.9998297
20.857985,1.0002779
20.859374,0.9999626
20.860763,1.0003756
20.862152,0.9998800
20.863541,0.9992574
20.864929,0.9997152
20.866318,1.0000894
20.867707,1.0002039
20.869096,0.9996355
20.870485,1.0000359
20.871874,1.0002871
20.873262,1.0000068
20.874651,1.0001701
20.876040,1.0001321
20.877429,1.0002609
20.878818,1.0001244
20.880207,1.0001485
20.881595,1.0001139
20.882984,0.9996734
20.884373,0.9999814
20.885762,1.0002783
20.887151,1.0000446
20.888540,1.0004095
20.889929,1.0004053
20.891317,0.9999141
20.892706,1.0004895
20.894095,1.0002226
20.895484,1.0003049
20.896873,0.9998315
20.898262,0.9998638
20.899650,1.0000465
20.901039,1.0001289
20.902428,0.9999275
20.903817,1.0001976
20.905206,0.9997475
20.906595,1.0002390
20.907983,1.0004768
20.909372,0.9997693
20.910761,0.9999072
20.912150,1.0000755
20.913539,1.0001578
20.914928,1.0000268
20.916317,1.0001127
20.917705,0.9998492
20.919094,0.9995247
20.920483,0.9998987
20.921872,1.0000830
20.923261,1.0003775
20.924650,1.0000937
20.926038,0.9999272
20.927427,0.9997734
20.928816,1.0000533
20.930205,0.9999498
20.931594,1.0001335
20.932983,1.0003600
20.934371,1.0003711
20.935760,1.0002687
20.937149,0.9996830
20.938538,1.0000171
20.939927,0.9997142
20.941316,1.0000622
20.942705,0.9997028
20.944093,0.9998901
20.945482,0.9999669
20.946871,0.9994605
20.948260,1.0000385
20.949649,0.9998123
20.951038,1.0001394
20.952426,1.0003782
20.953815,1.0002652
20.955204,1.0002670
20.956593,0.9996831
20.957982,0.9997017
20.959371,1.0004682
20.960760,0.9997940
20.962148,1.0000754
20.963537,0.9998444
20.964926,1.0000262
20.966315,0.9998645
20.967704,1.0001905
20.969093,0.9993736
20.970481,0.9998495
20.971870,0.9998201
20.973259,0.9998635
20.974648,0.9996174
20.976037,0.9999758
20.977426,0.9995020
20.978814,1.0000618
20.980203,1.0001404
20.981592,1.0003642
20.982981,0.9999616
20.984370,0.9997150
20.985759,0.9997036
20.987148,0.9999807
20.988536,0.9996405
20.989925,0.9996373
20.991314,0.9997479
20.992703,1.0002302
20.994092,0.9998392
20.995481,0.9995546
20.996869,1.0001366
20.998258,0.9996758
20.999647,0.9997400
21.001036,1.0000115
21.002425,0.9999771
21.003814,1.0002795
21.005202,0.9995454
21.006591,0.9998740
21.007980,1.0003351
21.009369,1.0007923
21.010758,0.9999459
21.012147,1.0005160
21.013536,0.9998502
21.014924,1.0000126
21.016313,1.0000973
21.017702,1.0000912
21.019091,0.9994137
21.020480,0.9999600
21.021869,0.9997508
21.023257,0.9998806
21.024646,0.9998324
21.026035,0.9998225
21.027424,0.9996212
21.028813,0.9999125
21.030202,1.0004240
21.031591,1.0000508
21.032979,0.9997224
21.034368,1.0001962
21.035757,0.9992504
21.037146,0.9997066
21.038535,1.0002370
21.039924,1.0005775
21.041312,1.0003174
21.042701,0.9996546
21.044090,1.0000186
21.045479,0.9996722
21.046868,0.9995938
21.048257,1.0003477
21.049645,1.0001335
21.051034,0.9997919
21.052423,1.0001734
21.053812,0.9994527
21.055201,1.0003040
21.056590,0.9999573
21.057979,0.9997955
21.059367,1.0003116
21.060756,0.9994088
21.062145,1.0001468
21.063534,0.9999379
21.064923,1.0002316
21.066312,0.9997896
21.067700,0.9997658
21.069089,0.9996633
21.070478,1.0006818
21.071867,1.0000633
21.073256,0.9997167
21.074645,0.9998801
21.076033,0.9999701
21.077422,1.0001649
21.078811,1.0000591
21.080200,1.0001399
21.081589,0.9998737
21.082978,0.9998424
21.084367,0.9998413
21.085755,0.9998712
21.087144,0.9999763
21.088533,0.9998398
21.089922,0.9999019
21.091311,0.9998130
21.092700,0.9997818
21.094088,0.9999209
21.095477,1.0001522
21.096866,0.9998976
21.098255,1.0001800
21.099644,1.0001442
21.101033,0.9998584
21.102421,1.0007677
21.103810,1.0001658
21.105199,1.0002470
21.106588,0.9995744
21.107977,1.0004474
21.109366,0.9998499
21.110755,1.0002062
21.112143,1.0005139
21.113532,1.0000980
21.114921,1.0000483
21.116310,1.0001955
21.117699,1.0001046
21.119088,0.9998950
21.120476,1.0003123
21.121865,1.0003780
21.123254,0.9999869
21.124643,1.0003654
21.126032,0.9995649
21.127421,0.9997996
21.128810,1.0003669
21.130198,0.9996020
21.131587,0.9994855
21.132976,1.0003216
21.134365,0.9997940
21.135754,0.9998541
21.137143,1.0002820
21.138531,0.9997237
21.139920,0.9999300
21.141309,1.0004004
21.142698,0.9997222
21.144087,1.0000968
21.145476,1.0001961
21.146864,1.0003274
21.148253,1.0000828
21.149642,1.0000462
21.151031,1.0004119
21.152420,0.9995567
21.153809,1.0000452
21.155198,0.9992708
21.156586,0.9996733
21.157975,0.9999218
21.159364,1.0002059
21.160753,1.0004632
21.162142,0.9999175
21.163531,0.9995240
21.164919,0.9999162
21.166308,0.9999447
21.167697,0.9998963
21.169086,1.0000363
21.170475,0.9997232
21.171864,1.0001408
21.173252,0.9997655
21.174641,0.9996315
21.176030,1.0003693
21.177419,0.9999406
21.178808,1.0002333
21.180197,1.0000609
21.181586,0.9999830
21.182974,1.0000211
21.184363,1.0003297
21.185752,1.0004300
21.187141,1.0002278
21.188530,0.9999893
21.189919,0.9995303
21.191307,0.9999324
21.192696,0.9994393
21.194085,0.9996988
21.195474,1.0000468
21.196863,0.9999934
21.198252,0.9999455
21.199640,1.0004820
21.201029,0.9995263
21.202418,1.0004166
21.203807,0.9998061
21.205196,0.9999306
21.206585,1.0001118
21.207974,0.9998857
21.209362,1.0003221
21.210751,0.9998690
21.212140,0.9998386
21.213529,1.0001493
21.214918,0.9994663
21.216307,0.9998418
21.217695,1.0001874
21.219084,0.9998275
21.220473,0.9998885
21.221862,1.0000628
21.223251,0.9996386
21.224640,1.0005997
21.226028,0.9998887
21.227417,1.0004528
21.228806,1.0006887
21.230195,0.9999057
21.231584,1.0003772
21.232973,0.9995464
21.234362,1.0001566
21.235750,1.0001427
21.237139,0.9998049
21.238528,0.9996585
21.239917,0.9999602
21.241306,1.0001397
21.242695,1.0001393
21.244083,0.9997935
21.245472,1.0002406
21.246861,1.0004142
21.248250,0.9998735
21.249639,0.9998752
21.251028,1.0000776
21.252416,0.9998718
21.253805,1.0000339
21.255194,0.9995336
21.256583,1.0004322
21.257972,0.9995342
21.259361,1.0001794
21.260750,1.0000563
21.262138,1.0000786
21.263527,1.0000114
21.264916,1.0002028
21.266305,0.9997899
21.267694,0.9999686
21.269083,1.0001884
21.270471,1.0005681
21.271860,0.9994593
21.273249,0.9996406
21.274638,1.0002746
21.276027,0.9996609
21.277416,1.0002098
21.278805,1.0000690
21.280193,0.9997614
21.281582,1.0002850
21.282971,1.0000809
21.284360,1.0002425
21.285749,1.0000652
21.287138,0.9999345
21.288526,0.9998381
21.289915,1.0001459
21.291304,1.0000900
21.292693,1.0001115
21.294082,0.9998388
21.295471,1.0000500
21.296859,0.9998326
21.298248,1.0001867
21.299637,0.9997864
21.301026,0.9998859
21.302415,1.0004762
21.303804,0.9998102
21.305193,1.0007430
21.306581,0.9999192
21.307970,1.0002232
21.309359,1.0000423
21.310748,1.0000167
21.312137,1.0000421
21.313526,0.9999233
21.314914,0.9999627
21.316303,0.9996934
21.317692,0.9998147
21.319081,1.0005441
21.320470,1.0000530
21.321859,0.9996076
21.323247,1.0001243
21.324636,1.0002613
21.326025,1.0003113
21.327414,1.0001520
21.328803,1.0001969
21.330192,1.0006017
21.331581,1.0003259
21.332969,0.9998013
21.334358,0.9995933
21.335747,1.0003165
21.337136,0.9996762
21.338525,0.9993828
21.339914,1.0003528
21.341302,0.9996899
21.342691,0.9999295
21.344080,0.9999953
21.345469,1.0003127
21.346858,1.0004086
21.348247,0.9999156
21.349635,0.9997946
21.351024,1.0002288
21.352413,0.9997763
21.353802,0.9996052
21.355191,1.0001229
21.356580,1.0000014
21.357969,0.9997750
21.359357,1.0002848
21.360746,0.9994205
21.362135,1.0001038
21.363524,1.0002496
21.364913,0.9998534
21.366302,1.0003982
21.367690,1.0003680
21.369079,0.9998688
21.370468,0.9994027
21.371857,0.9998213
21.373246,0.9995373
21.374635,1.0002414
21.376023,1.0001923
21.377412,0.9995510
21.378801,0.9995289
21.380190,1.0000001
21.381579,1.0004313
21.382968,0.9997338
21.384357,1.0002801
21.385745,0.9999066
21.387134,1.0003763
21.388523,1.0003104
21.389912,1.0004926
21.391301,0.9997552
21.392690,0.9998250
21.394078,1.0000016
21.395467,0.9997061
21.396856,1.0001511
21.398245,0.9996768
21.399634,1.0001096
21.401023,1.0000687
21.402411,0.9996409
21.403800,1.0004317
21.405189,1.0001026
21.406578,1.0000718
21.407967,0.9996142
21.409356,1.0001203
21.410745,1.0002723
21.412133,1.0002482
21.413522,1.0002382
21.414911,0.9997401
21.416300,0.9999101
21.417689,0.9997290
21.419078,1.0002758
21.420466,0.9997475
21.421855,0.9994070
21.423244,1.0003379
21.424633,0.9997163
21.426022,0.9998208
21.427411,1.0003604
21.428799,1.0003508
21.430188,1.0001779
21.431577,0.9997705
21.432966,0.9996503
21.434355,1.0003643
21.435744,1.0002453
21.437133,1.0002014
21.438521,1.0002723
21.439910,0.9995481
21.441299,0.9999121
21.442688,0.9997425
21.444077,0.9998068
21.445466,0.9993283
21.446854,0.9996386
21.448243,1.0000824
21.449632,1.0003019
21.451021,0.9998450
21.452410,0.9999736
21.453799,0.9994600
21.455187,0.9998825
21.456576,0.9999756
21.457965,1.0000904
21.459354,0.9997696
21.460743,0.9996799
21.462132,1.0002735
21.463521,0.9996923
21.464909,0.9995298
21.466298,1.0000567
21.467687,1.0002523
21.469076,0.9999406
21.470465,1.0001292
21.471854,1.0002657
21.473242,0.9999112
21.474631,0.9990249
21.476020,1.0001912
21.477409,1.0007329
21.478798,0.9998250
21.480187,1.0002895
21.481575,0.9997015
21.482964,0.9999559
21.484353,0.9998526
21.485742,1.0006669
21.487131,0.9998174
21.488520,1.0003295
21.489909,0.9997443
21.491297,0.9998387
21.492686,1.0000233
21.494075,0.9998388
21.495464,1.0002821
21.496853,0.9999998
21.498242,1.0000596
21.499630,1.0006317
21.501019,1.0000267
21.502408,0.9998628
21.503797,1.0000751
21.505186,0.9995256
21.506575,1.0001072
21.507963,0.9994765
21.509352,0.9998851
21.510741,0.9995731
21.512130,0.9998089
21.513519,1.0001148
21.514908,0.9995808
21.516297,1.0004589
21.517685,1.0000281
21.519074,1.0000699
21.520463,1.0002580
21.521852,0.9999338
21.523241,0.9999137
21.524630,0.9997550
21.526018,0.9997321
21.527407,1.0002403
21.528796,0.9999852
21.530185,0.9997282
21.531574,1.0000370
21.532963,0.9998748
21.534351,1.0001022
21.535740,0.9999138
21.537129,0.9994481
21.538518,1.0000053
21.539907,0.9996075
21.541296,0.9999446
21.542685,1.0002044
21.544073,1.0003530
21.545462,0.9999274
21.546851,0.9995442
21.548240,0.9995163
21.549629,0.9998998
21.551018,0.9999403
21.552406,1.0000684
21.553795,1.0004017
21.555184,1.0000304
21.556573,0.9998945
21.557962,0.9996998
21.559351,0.9996605
21.560739,0.9998744
21.562128,1.0006373
21.563517,1.0001414
21.564906,1.0001100
21.566295,0.9996168
21.567684,1.0000649
21.569073,1.0000841
21.570461,1.0001078
21.571850,1.0000227
21.573239,0.9999145
21.574628,1.0001260
21.576017,1.0001190
21.577406,0.9997855
21.578794,0.9999601
21.580183,1.0000290
21.581572,0.9996080
21.582961,0.9997695
21.584350,1.0001323
21.585739,0.9995421
21.587127,0.9996829
21.588516,1.0000203
21.589905,0.9998579
21.591294,0.9999367
21.592683,0.9997881
21.594072,1.0001181
21.595461,1.0001531
21.596849,1.0003327
21.598238,1.0003303
21.599627,0.9998847
21.601016,0.9998505
21.602405,0.9994596
21.603794,1.0001110
21.605182,0.9998864
21.606571,0.9995705
21.607960,0.9996852
21.609349,0.9997582
21.610738,1.0001681
21.612127,0.9997093
21.613515,1.0004536
21.614904,0.9999700
21.616293,1.0002438
21.617682,1.0004602
21.619071,1.0004070
21.620460,1.0001864
21.621849,1.0001228
21.623237,1.0002778
21.624626,0.9990683
21.626015,1.0003663
21.627404,0.9998274
21.628793,1.0003584
21.630182,0.9998113
21.631570,0.9999771
21.632959,0.9996550
21.634348,1.0001791
21.635737,1.0003098
21.637126,1.0005968
21.638515,0.9998665
21.639903,1.0000614
21.641292,0.9998220
21.642681,1.0001493
21.644070,0.9999807
21.645459,0.9999361
21.646848,1.0006538
21.648237,1.0006290
21.649625,1.0000297
21.651014,0.9998771
21.652403,0.9998340
21.653792,0.9999570
21.655181,1.0003806
21.656570,1.0006687
21.657958,0.9998438
21.659347,0.9999179
21.660736,1.0002936
21.662125,0.9999864
21.663514,0.9999949
21.664903,1.0000566
21.666291,1.0001319
21.667680,0.9998381
21.669069,1.0004541
21.670458,0.9994353
21.671847,1.0001500
21.673236,1.0003570
21.674625,0.9996935
21.676013,0.9996756
21.677402,1.0003961
21.678791,0.9998741
21.680180,1.0000514
21.681569,0.9997072
21.682958,0.9999666
21.684346,1.0004404
21.685735,0.9997740
21.687124,0.9998111
21.688513,0.9995929
21.689902,0.9999976
21.691291,0.9995676
21.692679,0.9998400
21.694068,0.9999895
21.695457,0.9994601
21.696846,1.0001566
21.698235,1.0001656
21.699624,1.0000488
21.701013,1.0002105
21.702401,1.0002278
21.703790,0.9999455
21.705179,0.9996716
21.706568,1.0003863
21.707957,1.0001573
21.709346,1.0001332
21.710734,1.0006967
21.712123,0.9997035
21.713512,1.0001032
21.714901,0.9997190
21.716290,0.9998151
21.717679,0.9992959
21.719067,1.0001093
21.720456,1.0001988
21.721845,1.0001874
21.723234,1.0003838
21.724623,1.0002136
21.726012,0.9997513
21.727401,1.0002878
21.728789,1.0003479
21.730178,1.0002496
21.731567,0.9999363
21.732956,1.0007133
21.734345,1.0002683
21.735734,0.9991634
21.737122,0.9992529
21.738511,0.9995217
21.739900,1.0001974
21.741289,0.9996534
21.742678,0.9997087
21.744067,1.0002796
21.745455,1.0000168
21.746844,1.0001091
21.748233,1.0002881
21.749622,1.0007203
21.751011,1.0000462
21.752400,0.9999911
21.753789,0.9994881
21.755177,0.9997979
21.756566,1.0001363
21.757955,1.0005799
21.759344,1.0003227
21.760733,0.9998582
21.762122,1.0003663
21.763510,1.0001470
21.764899,1.0003972
21.766288,1.0001390
21.767677,0.9994033
21.769066,1.0000286
21.770455,1.0000319
21.771843,1.0000809
21.773232,1.0001656
21.774621,1.0003071
21.776010,1.0000218
21.777399,0.9999357
21.778788,0.9997534
21.780177,1.0002183
21.781565,1.0001350
21.782954,1.0002480
21.784343,1.0000706
21.785732,0.9998025
21.787121,0.9996278
21.788510,1.0005332
21.789898,0.9998219
21.791287,1.0001636
21.792676,1.0005720
21.794065,1.0000211
21.795454,1.0004264
21.796843,0.9996489
21.798231,1.0000934
21.799620,1.0002319
21.801009,0.9994076
21.802398,1.0002500
21.803787,0.9997847
21.805176,1.0002954
21.806564,1.0003418
21.807953,1.0000207
21.809342,1.0004806
21.810731,0.9995409
21.812120,0.9997215
21.813509,1.0002021
21.814898,1.0003425
21.816286,1.0002153
21.817675,0.9997025
21.819064,1.0004544
21.820453,0.9999950
21.821842,1.0002366
21.823231,1.0003765
21.824619,0.9994163
21.826008,1.0001786
21.827397,0.9997441
21.828786,0.9996271
21.830175,0.9999738
21.831564,0.9998571
21.832952,1.0000990
21.834341,0.9995431
21.835730,0.9997934
21.837119,1.0003692
21.838508,1.0004580
21.839897,0.9996384
21.841286,0.9997541
21.842674,0.9997058
21.844063,0.9996966
21.845452,1.0000276
21.846841,0.9998737
21.848230,1.0000536
21.849619,1.0005519
21.851007,0.9996996
21.852396,0.9999808
21.853785,1.0005977
21.855174,1.0006994
21.856563,1.0000486
21.857952,1.0001664
21.859340,0.9999277
21.860729,1.0002844
21.862118,0.9997635
21.863507,1.0001579
21.864896,1.0001189
21.866285,0.9999873
21.867674,0.9999292
21.869062,1.0004130
21.870451,1.0000057
21.871840,0.9998706
21.873229,0.9996908
21.874618,1.0000743
21.876007,0.9999639
21.877395,0.9996179
21.878784,1.0000985
21.880173,0.9996311
21.881562,1.0000806
21.882951,0.9999030
21.884340,0.9997730
21.885728,0.9998138
21.887117,1.0001952
21.888506,1.0003070
21.889895,1.0003198
21.891284,0.9998167
21.892673,0.9998170
21.894062,1.0004621
21.895450,0.9998705
21.896839,1.0004555
21.898228,0.9998770
21.899617,1.0000568
21.901006,1.0000064
21.902395,1.0001075
21.903783,0.9999604
21.905172,0.9999352
21.906561,1.0003649
21.907950,1.0000804
21.909339,1.0004631
21.910728,1.0001441
21.912116,0.9995116
21.913505,0.9998986
21.914894,0.9998752
21.916283,0.9997518
21.917672,0.9998654
21.919061,1.0001877
21.920450,1.0000092
21.921838,1.0006030
21.923227,0.9999887
21.924616,0.9994576
21.926005,0.9998191
21.927394,0.9999990
21.928783,0.9994870
21.930171,1.0002620
21.931560,1.0002721
21.932949,0.9995534
21.934338,1.0001151
21.935727,0.9996930
21.937116,0.9998395
21.938504,1.0000632
21.939893,0.9997799
21.941282,0.9998614
21.942671,1.0000482
21.944060,1.0001310
21.945449,1.0000483
21.946837,0.9993515
21.948226,1.0003145
21.949615,0.9999157
21.951004,1.0004216
21.952393,0.9999139
21.953782,1.0002505
21.955171,0.9999145
21.956559,0.9994222
21.957948,1.0002282
21.959337,0.9997704
21.960726,0.9997561
21.962115,0.9995444
21.963504,0.9997364
21.964892,0.9995097
21.966281,0.9998850
21.967670,0.9997322
21.969059,0.9999916
21.970448,1.0000524
21.971837,0.9998637
21.973225,1.0004107
21.974614,1.0002268
21.976003,1.0004114
21.977392,0.9998639
21.978781,1.0002175
21.980170,1.0004370
21.981559,1.0003354
21.982947,1.0002000
21.984336,0.9996141
21.985725,1.0002270
21.987114,1.0005208
21.988503,0.9996410
21.989892,0.9999448
21.991280,1.0000725
21.992669,0.9997872
21.994058,0.9996917
21.995447,0.9998588
21.996836,0.9993308
21.998225,0.9994424
21.999613,1.0001175
22.001002,0.9995862
22.002391,0.9995079
22.003780,0.9997496
22.005169,0.9997830
22.006558,0.9997315
22.007947,0.9998610
22.009335,1.0008050
22.010724,1.0000603
22.012113,1.0000541
22.013502,0.9995959
22.014891,0.9998893
22.016280,0.9996566
22.017668,0.9997420
22.019057,0.9996634
22.020446,1.0001682
22.021835,1.0005312
22.023224,0.9999435
22.024613,0.9997185
22.026001,1.0004504
22.027390,0.9996638
22.028779,1.0001371
22.030168,1.0000150
22.031557,0.9998064
22.032946,1.0001553
22.034335,0.9997022
22.035723,0.9996035
22.037112,1.0006589
22.038501,0.9997113
22.039890,1.0004569
22.041279,0.9997472
22.042668,1.0002930
22.044056,0.9998235
22.045445,1.0002996
22.046834,0.9995787
22.048223,1.0003982
22.049612,0.9997391
22.051001,1.0000310
22.052389,1.0001624
22.053778,0.9999482
22.055167,0.9998254
22.056556,0.9991809
22.057945,0.9996331
22.059334,1.0001448
22.060722,1.0000887
22.062111,1.0000032
22.063500,0.9996189
22.064889,1.0003738
22.066278,0.9998118
22.067667,0.9998998
22.069056,1.0003092
22.070444,0.9997661
22.071833,1.0000319
22.073222,0.9997428
22.074611,1.0002133
22.076000,0.9999730
22.077389,1.0007645
22.078777,1.0002433
22.080166,0.9996894
22.081555,1.0003946
22.082944,0.9998682
22.084333,0.9996914
22.085722,0.9999884
22.087110,1.0001389
22.088499,0.9997723
22.089888,1.0003177
22.091277,1.0002071
22.092666,0.9998529
22.094055,0.9998241
22.095444,0.9998497
22.096832,1.0005492
22.098221,1.0002495
22.099610,1.0002498
22.100999,1.0001407
22.102388,1.0001690
22.103777,1.0001373
22.105165,0.9993985
22.106554,1.0002837
22.107943,1.0005369
22.109332,1.0000917
22.110721,1.0000795
22.112110,0.9998351
22.113498,1.0001425
22.114887,1.0003066
22.116276,1.0000424
22.117665,0.9995440
22.119054,1.0003061
22.120443,1.0002297
22.121832,1.0008188
22.123220,0.9995045
22.124609,0.9999673
22.125998,1.0000460
22.127387,0.9996289
22.128776,0.9998156
22.130165,1.0000211
22.131553,1.0005016
22.132942,1.0000897
22.134331,0.9996005
22.135720,0.9997329
22.137109,0.9993092
22.138498,1.0004427
22.139886,0.9997496
22.141275,1.0000585
22.142664,0.9998322
22.144053,1.0002977
22.145442,0.9999182
22.146831,0.9999088
22.148219,0.9998439
22.149608,1.0000848
22.150997,0.9998663
22.152386,0.9998722
22.153775,1.0000155
22.155164,0.9999511
22.156553,1.0001976
22.157941,0.9998711
22.159330,1.0000481
22.160719,0.9993154
22.162108,1.0001852
22.163497,1.0000977
22.164886,1.0001234
22.166274,1.0002584
22.167663,1.0000105
22.169052,0.9996586
22.170441,1.0003245
22.171830,0.9996675
22.173219,1.0002879
22.174607,1.0004196
22.175996,1.0001779
22.177385,1.0003618
22.178774,1.0002854
22.180163,0.9996419
22.181552,0.9996729
22.182941,0.9995028
22.184329,0.9998798
22.185718,1.0000559
22.187107,1.0000749
22.188496,1.0005516
22.189885,0.9991451
22.191274,0.9996748
22.192662,1.0003076
22.194051,0.9999000
22.195440,0.9998442
22.196829,0.9992957
22.198218,0.9998638
22.199607,1.0007105
22.200995,1.0004782
22.202384,1.0002255
22.203773,0.9998064
22.205162,1.0003266
22.206551,0.9995716
22.207940,1.0001771
22.209328,1.0000406
22.210717,0.9996154
22.212106,0.9998845
22.213495,1.0003776
22.214884,1.0000733
22.216273,0.9995757
22.217662,0.9997645
22.219050,1.0001023
22.220439,1.0005305
22.221828,0.9996581
22.223217,0.9998088
22.224606,1.0001260
22.225995,0.9999297
22.227383,0.9996866
22.228772,1.0004566
22.230161,1.0004595
22.231550,0.9996377
22.232939,1.0002242
22.234328,1.0000851
22.235716,0.9998617
22.237105,1.0004040
22.238494,1.0001668
22.239883,1.0003363
22.241272,0.9999553
22.242661,1.0001546
22.244050,1.0000149
22.245438,0.9996643
22.246827,1.0000780
22.248216,0.9996925
22.249605,0.9999587
22.250994,0.9999236
22.252383,0.9999758
22.253771,1.0006044
22.255160,0.9997566
22.256549,0.9999581
22.257938,1.0002020
22.259327,0.9994551
22.260716,0.9997899
22.262104,0.9999248
22.263493,1.0002586
22.264882,0.9998663
22.266271,0.9998041
22.267660,1.0003458
22.269049,1.0000479
22.270438,0.9995442
22.271826,1.0004318
22.273215,0.9999149
22.274604,1.0001120
22.275993,1.0004386
22.277382,0.9997766
22.278771,0.9998349
22.280159,1.0001207
22.281548,1.0007330
22.282937,1.0002630
22.284326,0.9998482
22.285715,0.9998129
22.287104,0.9995064
22.288492,1.0001824
22.289881,1.0004532
22.291270,0.9992980
22.292659,0.9996919
22.294048,0.9995920
22.295437,0.9995898
22.296825,1.0000757
22.298214,1.0001783
22.299603,0.9992675
22.300992,0.9996478
22.302381,0.9994614
22.303770,1.0001473
22.305159,0.9995593
22.306547,1.0003701
22.307936,1.0001056
22.309325,1.0004325
22.310714,0.9997986
22.312103,0.9999404
22.313492,0.9999044
22.314880,0.9998526
22.316269,0.9996689
22.317658,0.9999031
22.319047,0.9996376
22.320436,1.0001685
22.323213,0.9997143
22.324602,1.0000955
22.325991,1.0002017
22.327380,0.9997085
22.328769,0.9999922
22.330158,0.9997329
22.331547,1.0002965
22.332935,1.0005307
22.334324,1.0004193
22.335713,0.9998265
22.337102,1.0000890
22.338491,1.0002117
22.339880,1.0003498
22.341268,1.0007009
22.342657,0.9998351
22.344046,0.9997918
22.345435,1.0000498
22.346824,0.9995978
22.348213,0.9996739
22.349601,0.9999977
22.350990,0.9996907
22.352379,1.0003620
22.353768,0.9995533
22.355157,0.9994950
22.356546,1.0004926
22.357934,0.9996268
22.359323,1.0001492
22.360712,1.0003345
22.362101,0.9996346
22.363490,1.0000551
22.364879,1.0005443
22.366268,1.0008132
22.367656,1.0005771
22.369045,1.0000574
22.370434,0.9996021
22.371823,0.9999260
22.373212,0.9995410
22.374601,1.0002763
22.375989,1.0002480
22.377378,1.0002999
22.378767,0.9997158
22.380156,1.0005245
22.381545,1.0002382
22.382934,1.0002316
22.384322,0.9999553
22.385711,0.9997348
22.387100,1.0002933
22.388489,1.0004827
22.389878,0.9998047
22.391267,0.9995991
22.392656,1.0000023
22.394044,1.0005530
22.395433,1.0008324
22.396822,0.9997868
22.398211,0.9999544
22.399600,1.0001866
22.400989,1.0003981
22.402377,0.9999091
22.403766,0.9995842
22.405155,1.0002283
22.406544,1.0003681
22.407933,0.9998635
22.409322,1.0003527
22.410710,1.0002877
22.412099,0.9999448
22.413488,1.0005035
22.414877,1.0002364
22.416266,1.0000130
22.417655,1.0000004
22.419043,0.9999347
22.420432,0.9995182
22.421821,0.9999084
22.423210,1.0003701
22.424599,0.9995978
22.425988,1.0004315
22.427377,0.9999935
22.428765,0.9999404
22.430154,1.0001197
22.431543,1.0001622
22.432932,1.0003713
22.434321,1.0000196
22.435710,0.9999052
22.437098,1.0002740
22.438487,0.9994984
22.439876,1.0004777
22.441265,0.9998142
22.442654,1.0004214
22.444043,0.9996975
22.445431,0.9997828
22.446820,0.9999747
22.448209,1.0000833
22.449598,0.9998775
22.450987,1.0005925
22.452376,0.9999520
22.453765,1.0001875
22.455153,1.0000512
22.456542,0.9995604
22.457931,0.9999975
22.459320,1.0001433
22.460709,1.0002119
22.462098,1.0000045
22.463486,0.9998333
22.464875,1.0000568
22.466264,1.0000898
22.467653,0.9996341
22.469042,0.9999282
22.470431,0.9994537
22.471819,0.9997747
22.473208,1.0001309
22.474597,1.0005769
22.475986,1.0003939
22.477375,0.9996503
22.478764,1.0002231
22.480152,0.9996015
22.481541,0.9999109
22.482930,0.9996323
22.484319,1.0001798
22.485708,0.9996027
22.487097,1.0002634
22.488486,1.0001298
22.489874,1.0000674
22.491263,1.0001588
22.492652,0.9996963
22.494041,1.0001300
22.495430,1.0001377
22.496819,1.0003371
22.498207,1.0001344
22.499596,0.9997533
22.500985,0.9999590
22.502374,1.0003756
22.503763,1.0004593
22.505152,1.0000314
22.506540,1.0002267
22.507929,0.9998522
22.509318,0.9998213
22.510707,1.0001758
22.512096,0.9998045
22.513485,1.0001403
22.514873,1.0004482
22.516262,1.0001111
22.517651,1.0000319
22.519040,1.0000617
22.520429,1.0002189
22.521818,0.9997277
22.523207,1.0000204
22.524595,1.0003469
22.525984,1.0003423
22.527373,1.0002310
22.528762,0.9999608
22.530151,1.0004633
22.531540,0.9999433
22.532928,1.0001426
22.534317,1.0000402
22.535706,0.9997138
22.537095,0.9994771
22.538484,1.0000238
22.539873,1.0000251
22.541261,0.9999916
22.542650,0.9998083
22.544039,1.0000622
22.545428,0.9998869
22.546817,1.0000532
22.548206,1.0002968
22.549595,0.9995310
22.550983,1.0001676
22.552372,0.9994045
22.553761,0.9996034
22.555150,0.9998630
22.556539,1.0005464
22.557928,0.9991513
22.559316,0.9998366
22.560705,1.0000095
22.562094,1.0000899
22.563483,0.9997897
22.564872,1.0002819
22.566261,1.0000091
22.567649,0.9997537
22.569038,1.0000432
22.570427,0.9997804
22.571816,1.0003553
22.573205,1.0004020
22.574594,1.0000839
22.575982,0.9999609
22.577371,1.0002086
22.578760,0.9998557
22.580149,0.9996493
22.581538,0.9998771
22.582927,0.9998382
22.584316,1.0001771
22.585704,0.9999087
22.587093,1.0001833
22.588482,0.9998258
22.589871,1.0001961
22.591260,0.9996409
22.592649,1.0000225
22.594037,0.9996907
22.595426,0.9997044
22.596815,0.9998872
22.598204,0.9997925
22.599593,1.0001043
22.600982,0.9995501
22.602370,1.0001751
22.603759,0.9999860
22.605148,0.9990077
22.606537,0.9983828
22.607926,0.9971952
22.609315,0.9964936
22.610703,0.9954112
22.612092,0.9943266
22.613481,0.9928922
22.614870,0.9910019
22.616259,0.9901031
22.617648,0.9895124
22.619037,0.9876426
22.620425,0.9875075
22.621814,0.9867015
22.623203,0.9861534
22.624592,0.9856209
22.625981,0.9861693
22.627370,0.9856108
22.628758,0.9854719
22.630147,0.9858665
22.631536,0.9855460
22.632925,0.9856189
22.634314,0.9849967
22.635703,0.9852208
22.637091,0.9848311
22.638480,0.9849499
22.639869,0.9845200
22.641258,0.9847472
22.642647,0.9844980
22.644036,0.9841488
22.645425,0.9848223
22.646813,0.9841387
22.648202,0.9841011
22.649591,0.9837152
22.650980,0.9840771
22.652369,0.9838488
22.653758,0.9843807
22.655146,0.9842214
22.656535,0.9843886
22.657924,0.9842640
22.659313,0.9847275
22.660702,0.9837422
22.662091,0.9834035
22.663479,0.9842100
22.664868,0.9836785
22.666257,0.9836911
22.667646,0.9837558
22.669035,0.9833325
22.670424,0.9838249
22.671812,0.9835142
22.673201,0.9839168
22.674590,0.9840022
22.675979,0.9834030
22.677368,0.9837127
22.678757,0.9843196
22.680146,0.9837213
22.681534,0.9845941
22.682923,0.9840697
22.684312,0.9839626
22.685701,0.9841018
22.687090,0.9837570
22.688479,0.9843416
22.689867,0.9845952
22.691256,0.9846673
22.692645,0.9852081
22.694034,0.9846751
22.695423,0.9841650
22.696812,0.9848736
22.698200,0.9850183
22.699589,0.9849336
22.700978,0.9849502
22.702367,0.9854959
22.703756,0.9857960
22.705145,0.9858535
22.706533,0.9858306
22.707922,0.9865563
22.709311,0.9860340
22.710700,0.9865080
22.712089,0.9866103
22.713478,0.9880224
22.714867,0.9881065
22.716255,0.9898569
22.717644,0.9903855
22.719033,0.9920965
22.720422,0.9930053
22.721811,0.9937893
22.723200,0.9950230
22.724588,0.9967474
22.725977,0.9973309
22.727366,0.9982353
22.728755,0.9998957
22.730144,0.9998642
22.731533,1.0001121
22.732921,0.9998326
22.734310,1.0015542
22.735699,0.9998154
22.737088,1.0004916
22.738477,0.9993053
22.739866,1.0001377
22.741254,1.0001270
22.742643,1.0002601
22.744032,1.0003384
22.745421,0.9999955
22.746810,1.0001095
22.748199,1.0001529
22.749588,0.9999805
22.750976,1.0001362
22.752365,0.9999685
22.753754,0.9999893
22.755143,0.9999526
22.756532,1.0001193
22.757921,1.0004160
22.759309,1.0003901
22.760698,0.9995965
22.762087,1.0001788
22.763476,1.0004225
22.764865,1.0000916
22.766254,0.9999813
22.767642,1.0001671
22.769031,0.9994294
22.770420,1.0002032
22.771809,0.9995477
22.773198,0.9999992
22.774587,1.0001562
22.775976,1.0001088
22.777364,1.0000054
22.778753,0.9999798
22.780142,0.9997587
22.781531,1.0005511
22.782920,0.9996540
22.784309,1.0002711
22.785697,1.0000991
22.787086,1.0003091
22.788475,1.0002341
22.789864,1.0002615
22.791253,1.0005542
22.792642,1.0002554
22.794030,1.0003338
22.795419,1.0002650
22.796808,1.0000092
22.798197,1.0003365
22.799586,1.0003409
22.800975,0.9997181
22.802363,1.0006044
22.803752,1.0005318
22.805141,0.9998137
22.806530,1.0000581
22.807919,1.0001450
22.809308,0.9996645
22.810697,1.0001834
22.812085,0.9999064
22.813474,0.9998966
22.814863,0.9994011
22.816252,1.0001015
22.817641,1.0000989
22.819030,1.0005010
22.820418,1.0004156
22.821807,1.0002284
22.823196,0.9998260
22.824585,0.9994774
22.825974,1.0000760
22.827363,0.9994566
22.828751,0.9999508
22.830140,0.9999973
22.831529,0.9994710
22.832918,1.0001206
22.834307,0.9999434
22.835696,1.0002934
22.837084,1.0000534
22.838473,1.0001498
22.839862,0.9997564
22.841251,0.9997306
22.842640,1.0000012
22.844029,1.0002161
22.845418,0.9997656
22.846806,1.0000621
22.848195,1.0002050
22.849584,1.0000920
22.850973,0.9998321
22.852362,0.9999293
22.853751,0.9993343
22.855139,1.0000013
22.856528,0.9998834
22.857917,0.9999061
22.859306,0.9998341
22.860695,1.0000268
22.862084,1.0001874
22.863472,0.9999886
22.864861,1.0000547
22.866250,0.9994782
22.867639,1.0001917
22.869028,1.0004533
22.870417,1.0005753
22.871805,1.0003168
22.873194,0.9999084
22.874583,1.0000622
22.875972,1.0000014
22.877361,1.0002613
22.878750,1.0002109
22.880139,0.9999013
22.881527,0.9994431
22.882916,0.9997950
22.884305,1.0005582
22.885694,1.0002942
22.887083,1.0001670
22.888472,0.9999930
22.889860,0.9999833
22.891249,1.0000594
22.892638,0.9997228
22.894027,1.0000154
22.895416,1.0000434
22.896805,1.0002220
22.898193,1.0002116
22.899582,0.9998632
22.900971,1.0002168
22.902360,1.0001061
22.903749,1.0004284
22.905138,1.0003337
22.906526,0.9997489
22.907915,1.0001810
22.909304,1.0001968
22.910693,0.9996580
22.912082,0.9997140
22.913471,0.9995012
22.914860,1.0000568
22.916248,0.9993538
22.917637,0.9999347
22.919026,1.0001800
22.920415,0.9996713
22.921804,1.0002519
22.923193,0.9994330
22.924581,0.9998731
22.925970,0.9997940
22.927359,0.9998853
22.928748,1.0002540
22.930137,0.9998920
22.931526,0.9992005
22.932914,1.0002121
22.934303,1.0000769
22.935692,0.9998582
22.937081,0.9998491
22.938470,0.9994403
22.939859,0.9998210
22.941247,0.9998199
22.942636,0.9999819
22.944025,1.0004102
22.945414,0.9999651
22.946803,1.0002877
22.948192,1.0001936
22.949581,1.0002831
22.950969,0.9998863
22.952358,0.9995937
22.953747,1.0000346
22.955136,1.0005236
22.956525,1.0002630
22.957914,0.9999971
22.959302,0.9999145
22.960691,0.9998493
22.962080,0.9998766
22.963469,0.9995922
22.964858,0.9999833
22.966247,0.9998278
22.967635,0.9995860
22.969024,0.9996751
22.970413,0.9996793
22.971802,1.0004004
22.973191,1.0004532
22.974580,1.0003803
22.975968,1.0001656
22.977357,1.0001483
22.978746,0.9998748
22.980135,0.9994903
22.981524,0.9998414
22.982913,0.9996535
22.984302,1.0002550
22.985690,0.9996333
22.987079,0.9998637
22.988468,1.0005117
22.989857,1.0017174
22.991246,0.9997385
22.992635,0.9996883
22.994023,0.9995190
22.995412,1.0001828
22.996801,1.0003763
22.998190,0.9998687
22.999579,0.9998969
23.000968,0.9992102
23.002356,0.9997055
23.003745,1.0001823
23.005134,0.9996054
23.006523,0.9991465
23.007912,0.9996760
23.009301,1.0001816
23.010689,0.9999352
23.012078,0.9999037
23.013467,0.9998125
23.014856,0.9996684
23.016245,1.0003854
23.017634,1.0000292
23.019023,0.9999945
23.020411,0.9999826
23.021800,0.9994973
23.023189,1.0003302
23.024578,1.0000174
23.025967,1.0000076
23.027356,0.9997693
23.028744,1.0000944
23.030133,0.9996466
23.031522,1.0003228
23.032911,0.9991292
23.034300,0.9996710
23.035689,0.9999914
23.037077,1.0002133
23.038466,1.0004735
23.039855,0.9995995
23.041244,0.9997691
23.042633,1.0001992
23.044022,0.9998899
23.045410,0.9998262
23.046799,0.9996508
23.048188,0.9999761
23.049577,0.9997036
23.050966,0.9998963
23.052355,1.0002698
23.053744,1.0006947
23.055132,0.9997676
23.056521,0.9994447
23.057910,0.9999458
23.059299,1.0003296
23.060688,0.9998418
23.062077,0.9998469
23.063465,0.9999012
23.064854,0.9994924
23.066243,1.0000692
23.067632,0.9997304
23.069021,1.0004763
23.070410,1.0000956
23.071798,0.9992547
23.073187,1.0002004
23.074576,1.0000494
23.075965,1.0006293
23.077354,1.0000543
23.078743,0.9998794
23.080131,1.0001315
23.081520,1.0001145
23.082909,0.9999363
23.084298,0.9998291
23.085687,0.9996365
23.087076,0.9999289
23.088465,0.9997878
23.089853,1.0000774
23.091242,0.9997415
23.092631,1.0000992
23.094020,0.9994613
23.095409,1.0000988
23.096798,1.0011090
23.098186,1.0000729
23.099575,1.0002530
23.100964,0.9997817
23.102353,1.0000663
23.103742,1.0000553
23.105131,1.0002667
23.106519,1.0001023
23.107908,1.0001477
23.109297,0.9993854
23.110686,1.0002528
23.112075,0.9999883
23.113464,0.9999786
23.114852,0.9994933
23.116241,1.0002343
23.117630,1.0001713
23.119019,0.9995726
23.120408,1.0005543
23.121797,0.9998122
23.123186,0.9998890
23.124574,0.9998991
23.125963,0.9998141
23.127352,1.0000405
23.128741,0.9997485
23.130130,0.9997877
23.131519,1.0004149
23.132907,0.9995965
23.134296,1.0001824
23.135685,0.9999013
23.137074,1.0001451
23.138463,1.0002043
23.139852,1.0006802
23.141240,0.9999876
23.142629,1.0004837
23.144018,0.9999787
23.145407,0.9999195
23.146796,0.9997533
23.148185,0.9998571
23.149573,0.9998170
23.150962,1.0003638
23.152351,1.0002993
23.153740,1.0000983
23.155129,0.9998652
23.156518,1.0001776
23.157907,0.9999509
23.159295,1.0004593
23.160684,1.0002009
23.162073,1.0002729
23.163462,0.9996891
23.164851,1.0001795
23.166240,1.0004617
23.167628,0.9999659
23.169017,1.0001926
23.170406,1.0001831
23.171795,1.0001364
23.173184,0.9996271
23.174573,0.9995313
23.175961,1.0002719
23.177350,1.0004609
23.178739,0.9997475
23.180128,0.9999219
23.181517,1.0000824
23.182906,0.9998923
23.184294,1.0003058
23.185683,1.0000893
23.187072,0.9999409
23.188461,0.9998360
23.189850,0.9998280
23.191239,0.9998987
23.192628,0.9995463
23.194016,0.9997506
23.195405,1.0005488
23.196794,0.9997846
23.198183,1.0006808
23.199572,0.9998459
23.200961,0.9994264
23.202349,0.9999058
23.203738,0.9999059
23.205127,1.0002027
23.206516,1.0004682
23.207905,1.0000878
23.209294,1.0001712
23.210682,1.0002007
23.212071,0.9996894
23.213460,0.9997796
23.214849,1.0002020
23.216238,0.9997386
23.217627,1.0000180
23.219015,0.9999546
23.220404,0.9993903
23.221793,0.9995112
23.223182,0.9995743
23.224571,1.0002826
23.225960,0.9999366
23.227349,1.0000774
23.228737,1.0001511
23.230126,0.9998452
23.231515,1.0002912
23.232904,1.0003202
23.234293,0.9999582
23.235682,1.0003055
23.237070,0.9999890
23.238459,1.0003915
23.239848,0.9997031
23.241237,0.9992250
23.242626,1.0005489
23.244015,1.0002973
23.245403,0.9997507
23.246792,0.9994805
23.248181,0.9999131
23.249570,1.0005245
23.250959,0.9995307
23.252348,0.9998909
23.253736,1.0000445
23.255125,0.9999583
23.256514,0.9996593
23.257903,0.9997567
23.259292,0.9997785
23.260681,1.0002103
23.262070,1.0001089
23.263458,1.0000070
23.264847,0.9997512
23.266236,1.0000880
23.267625,1.0003328
23.269014,1.0003409
23.270403,1.0002523
23.271791,0.9997131
23.273180,0.9997341
23.274569,1.0000334
23.275958,0.9999276
23.277347,0.9999636
23.278736,1.0005306
23.280124,1.0000953
23.281513,0.9997624
23.282902,0.9999316
23.284291,1.0002785
23.285680,0.9998634
23.287069,1.0001583
23.288457,0.9998460
23.289846,0.9994745
23.291235,1.0001068
23.292624,0.9997981
23.294013,0.9996060
23.295402,1.0000337
23.296791,1.0001903
23.298179,0.9997167
23.299568,1.0001573
23.300957,0.9997176
23.302346,1.0000072
23.303735,0.9999431
23.305124,1.0003037
23.306512,1.0002718
23.307901,0.9997716
23.309290,1.0005297
23.310679,0.9997938
23.312068,1.0001306
23.313457,1.0004231
23.314845,1.0001656
23.316234,0.9997821
23.317623,1.0004274
23.319012,0.9997044
23.320401,1.0000754
23.321790,0.9995588
23.323178,1.0001936
23.324567,1.0000836
23.325956,1.0001973
23.327345,0.9998559
23.328734,1.0000765
23.330123,0.9999240
23.331511,1.0009580
23.332900,1.0001317
23.334289,1.0001841
23.335678,0.9998193
23.337067,1.0000795
23.338456,0.9996906
23.339845,1.0000684
23.341233,0.9998661
23.342622,0.9999926
23.344011,1.0003882
23.345400,0.9997077
23.346789,1.0003565
23.348178,1.0004625
23.349566,0.9999194
23.350955,1.0003983
23.352344,0.9999823
23.353733,0.9999419
23.355122,1.0001128
23.356511,1.0000598
23.357899,1.0003067
23.359288,1.0000483
23.360677,1.0003212
23.362066,1.0004168
23.363455,0.9996715
23.364844,1.0001314
23.366232,0.9997766
23.367621,1.0000731
23.369010,0.9998993
23.370399,0.9998537
23.371788,1.0002580
23.373177,0.9999884
23.374566,1.0001044
23.375954,1.0002834
23.377343,1.0000947
23.378732,1.0003569
23.380121,1.0001868
23.381510,1.0002551
23.382899,1.0002792
23.384287,0.9999321
23.385676,0.9997005
23.387065,1.0000749
23.388454,0.9997322
23.389843,0.9994654
23.391232,1.0000775
23.392620,0.9996404
23.394009,1.0001035
23.395398,0.9996722
23.396787,0.9994604
23.398176,1.0004597
23.399565,0.9997737
23.400953,0.9998701
23.402342,0.9991362
23.403731,1.0005723
23.405120,1.0000490
23.406509,0.9999729
23.407898,0.9997557
23.409287,1.0000153
23.410675,1.0001112
23.412064,0.9994430
23.413453,1.0003154
23.414842,1.0001296
23.416231,1.0007478
23.417620,1.0003603
23.419008,1.0001232
23.420397,0.9994250
23.421786,0.9997689
23.423175,1.0001857
23.424564,0.9995923
23.425953,0.9996813
23.427341,0.9998070
23.428730,1.0004271
23.430119,0.9997316
23.431508,0.9996847
23.432897,0.9999573
23.434286,1.0003602
23.435674,0.9999293
23.437063,0.9997911
23.438452,1.0005128
23.439841,1.0000375
23.441230,1.0001882
23.442619,0.9996840
23.444008,1.0003026
23.445396,0.9999876
23.446785,0.9995901
23.448174,0.9995426
23.449563,1.0000799
23.450952,1.0004528
23.452341,1.0004132
23.453729,1.0002630
23.455118,0.9996063
23.456507,0.9999029
23.457896,1.0000012
23.459285,0.9998576
23.460674,0.9998371
23.462062,0.9996919
23.463451,1.0000149
23.464840,0.9999286
23.466229,0.9999666
23.467618,0.9998398
23.469007,0.9996927
23.470395,0.9998983
23.471784,1.0001345
23.473173,1.0007689
23.474562,1.0001976
23.475951,1.0001563
23.477340,1.0000174
23.478728,1.0006019
23.480117,1.0001403
23.481506,1.0002623
23.482895,0.9999146
23.484284,1.0000090
23.485673,1.0001893
23.487062,0.9991883
23.488450,1.0003803
23.489839,0.9997532
23.491228,1.0002805
23.492617,1.0001054
23.494006,0.9994754
23.495395,1.0003255
23.496783,0.9996562
23.498172,0.9994741
23.499561,1.0003517
23.500950,0.9998382
23.502339,1.0004204
23.503728,1.0000534
23.505116,0.9995681
23.506505,1.0000283
23.507894,1.0000529
23.509283,0.9998238
23.510672,1.0001932
23.512061,0.9998674
23.513449,1.0002024
23.514838,1.0010835
23.516227,1.0002709
23.517616,0.9994558
23.519005,1.0000517
23.520394,0.9992712
23.521783,1.0000515
23.523171,0.9998552
23.524560,1.0006523
23.525949,0.9996211
23.527338,1.0001494
23.528727,0.9999840
23.530116,1.0000905
23.531504,0.9997314
23.532893,1.0003502
23.534282,1.0001732
23.535671,0.9995407
23.537060,1.0002047
23.538449,0.9996208
23.539837,1.0004325
23.541226,1.0001677
23.542615,1.0001331
23.544004,0.9995002
23.545393,1.0002678
23.546782,0.9995802
23.548170,1.0001392
23.549559,1.0002098
23.550948,0.9998469
23.552337,0.9999420
23.553726,1.0002485
23.555115,1.0000609
23.556503,1.0000216
23.557892,1.0006989
23.559281,1.0001219
23.560670,0.9995910
23.562059,0.9998349
23.563448,1.0000001
23.564837,1.0000638
23.566225,1.0000477
23.567614,0.9997252
23.569003,1.0003077
23.570392,0.9999248
23.571781,0.9999617
23.573170,1.0002053
23.574558,1.0005301
23.575947,0.9996251
23.577336,0.9996960
23.578725,0.9999081
23.580114,0.9998672
23.581503,0.9998479
23.582891,1.0000571
23.584280,0.9997165
23.585669,1.0005247
23.587058,1.0005111
23.588447,0.9998579
23.589836,1.0003621
23.591224,0.9998731
23.592613,1.0000671
23.594002,1.0004643
23.595391,0.9999843
23.596780,0.9998628
23.598169,1.0001596
23.599558,1.0005591
23.600946,1.0004155
23.602335,1.0004842
23.603724,1.0000916
23.605113,0.9998617
23.606502,1.0004010
23.607891,1.0001282
23.609279,1.0001603
23.610668,1.0001459
23.612057,1.0003931
23.613446,0.9997983
23.614835,1.0000891
23.616224,0.9996392
23.617612,1.0000222
23.619001,0.9993552
23.620390,0.9996870
23.621779,1.0000330
23.623168,0.9997789
23.624557,0.9997548
23.625945,1.0003261
23.627334,1.0006746
23.628723,0.9997358
23.630112,0.9998098
23.631501,0.9997899
23.632890,1.0003628
23.634279,0.9998957
23.635667,0.9999430
23.637056,1.0002105
23.638445,1.0000657
23.639834,0.9997931
23.641223,1.0005995
23.642612,1.0000305
23.644000,0.9997546
23.645389,0.9996329
23.646778,0.9998088
23.648167,1.0003209
23.649556,0.9999261
23.650945,0.9999991
23.652333,1.0001093
23.653722,1.0005099
23.655111,0.9998420
23.656500,0.9998850
23.657889,0.9994661
23.659278,0.9993320
23.660666,0.9997342
23.662055,1.0000558
23.663444,1.0000416
23.664833,0.9996774
23.666222,1.0002698
23.667611,0.9998356
23.668999,0.9996528
23.670388,1.0003086
23.671777,1.0003616
23.673166,0.9995654
23.674555,0.9996206
23.675944,0.9993098
23.677333,0.9998725
23.678721,1.0000314
23.680110,1.0001620
23.681499,1.0004224
23.682888,0.9997287
23.684277,1.0005095
23.685666,1.0002286
23.687054,0.9999971
23.688443,0.9998000
23.689832,1.0006785
23.691221,1.0003703
23.692610,0.9997488
23.693999,1.0000339
23.695387,1.0001512
23.696776,0.9996982
23.698165,0.9997471
23.699554,1.0000073
23.700943,0.9995862
23.702332,1.0001403
23.703720,0.9995773
23.705109,0.9995986
23.706498,0.9998429
23.707887,0.9997778
23.709276,1.0002534
23.710665,0.9999668
23.712054,1.0001911
23.713442,1.0005138
23.714831,0.9997301
23.716220,0.9998295
23.717609,0.9998375
23.718998,0.9999199
23.720387,0.9999927
23.721775,1.0000142
23.723164,0.9998717
23.724553,0.9993658
23.725942,0.9996825
23.727331,1.0000255
23.728720,0.9995315
23.730108,1.0004235
23.731497,0.9994805
23.732886,1.0005238
23.734275,1.0000916
23.735664,1.0000284
23.737053,0.9993173
23.738441,1.0001324
23.739830,1.0002463
23.741219,0.9993147
23.742608,0.9996517
23.743997,0.9997162
23.745386,1.0003402
23.746774,1.0003417
23.748163,1.0000295
23.749552,1.0000413
23.750941,0.9994596
23.752330,1.0001768
23.753719,1.0001985
23.755108,1.0002052
23.756496,0.9999601
23.757885,1.0001911
23.759274,1.0000270
23.760663,0.9995691
23.762052,1.0001139
23.763441,1.0004988
23.764829,0.9999718
23.766218,1.0001095
23.767607,1.0002228
23.768996,0.9999561
23.770385,1.0002194
23.771774,1.0000515
23.773162,1.0001564
23.774551,1.0001706
23.775940,1.0001087
23.777329,1.0000189
23.778718,1.0004798
23.780107,1.0003218
23.781495,1.0003542
23.782884,0.9997295
23.784273,0.9998629
23.785662,0.9998795
23.787051,1.0001635
23.788440,1.0003192
23.789828,0.9996248
23.791217,0.9998685
23.792606,1.0002299
23.793995,1.0003041
23.795384,1.0002776
23.796773,1.0001742
23.798162,1.0000890
23.799550,0.9997701
23.800939,1.0000902
23.802328,0.9997970
23.803717,1.0002593
23.805106,0.9998003
23.806495,0.9998147
23.807883,1.0004292
23.809272,1.0005866
23.810661,1.0003725
23.812050,1.0000736
23.813439,1.0004436
23.814828,0.9999319
23.816216,1.0002704
23.817605,0.9998367
23.818994,0.9999449
23.820383,0.9995372
23.821772,1.0000830
23.823161,1.0007953
23.824549,0.9993152
23.825938,1.0000271
23.827327,1.0000878
23.828716,1.0000866
23.830105,0.9999064
23.831494,0.9998342
23.832883,0.9999948
23.834271,1.0002220
23.835660,1.0004390
23.837049,0.9997913
23.838438,0.9998737
23.839827,1.0001210
23.841216,1.0003727
23.842604,1.0004842
23.843993,1.0001101
23.845382,1.0002997
23.846771,0.9998897
23.848160,0.9997299
23.849549,1.0005717
23.850937,0.9990889
23.852326,0.9999867
23.853715,0.9994335
23.855104,0.9998933
23.856493,1.0003303
23.857882,0.9995360
23.859270,1.0000889
23.860659,1.0000932
23.862048,1.0000768
23.863437,0.9999952
23.864826,1.0000786
23.866215,1.0000251
23.867603,0.9998840
23.868992,0.9998544
23.870381,1.0003929
23.871770,0.9996895
23.873159,1.0000010
23.874548,0.9998501
23.875937,0.9999542
23.877325,0.9993629
23.878714,1.0000269
23.880103,0.9995586
23.881492,0.9997691
23.882881,0.9998747
23.884270,1.0000848
23.885658,0.9998429
23.887047,0.9999273
23.888436,1.0004076
23.889825,0.9999143
23.891214,0.9999616
23.892603,0.9996217
23.893991,1.0001349
23.895380,0.9995497
23.896769,1.0002877
23.898158,0.9990974
23.899547,0.9998323
23.900936,1.0002691
23.902324,1.0003208
23.903713,1.0004079
23.905102,1.0001018
23.906491,0.9999603
23.907880,1.0003349
23.909269,0.9997604
23.910657,1.0000075
23.912046,1.0002800
23.913435,0.9998535
23.914824,1.0001229
23.916213,1.0002050
23.917602,0.9999932
23.918991,0.9994435
23.920379,1.0002406
23.921768,0.9998702
23.923157,0.9998232
23.924546,1.0002427
23.925935,0.9995206
23.927324,1.0000383
23.928712,0.9999235
23.930101,0.9994394
23.931490,0.9998884
23.932879,0.9998388
23.934268,0.9996362
23.935657,1.0003333
23.937045,0.9995907
23.938434,0.9997263
23.939823,1.0004391
23.941212,0.9994244
23.942601,0.9998424
23.943990,1.0004083
23.945378,0.9993735
23.946767,0.9997630
23.948156,0.9999306
23.949545,0.9999567
23.950934,0.9998588
23.952323,0.9999749
23.953712,1.0005517
23.955100,0.9997707
23.956489,0.9999246
23.957878,1.0003852
23.959267,0.9999693
23.960656,1.0004162
23.962045,1.0005883
23.963433,0.9991073
23.964822,0.9997753
23.966211,0.9999979
23.967600,0.9993425
23.968989,1.0001007
23.970378,0.9994362
23.971766,0.9998029
23.973155,0.9999268
23.974544,1.0001271
23.975933,0.9994568
23.977322,1.0004039
23.978711,0.9997890
23.980099,1.0001166
23.981488,1.0002166
23.982877,1.0000301
23.984266,1.0001243
23.985655,0.9995707
23.987044,0.9999804
23.988432,1.0002979
23.989821,0.9998403
23.991210,0.9998210
23.992599,0.9999239
23.993988,1.0002627
23.995377,0.9998185
23.996766,1.0001014
23.998154,0.9993989
23.999543,0.9996980
24.000932,1.0004188
24.002321,0.9991965
24.003710,0.9999475
24.005099,1.0001259
24.006487,0.9996503
24.007876,1.0003410
24.009265,0.9997896
24.010654,0.9997676
24.012043,1.0004098
24.013432,1.0002406
24.014820,0.9998358
24.016209,0.9997265
24.017598,0.9999122
24.018987,0.9997681
24.020376,0.9999870
24.021765,0.9995358
24.023153,1.0004758
24.024542,0.9997566
24.025931,0.9997031
24.027320,1.0003346
24.028709,0.9999088
24.030098,1.0001362
24.031486,1.0000010
24.032875,1.0000081
24.034264,1.0005678
24.035653,1.0000033
24.037042,1.0006193
24.038431,1.0003201
24.039820,1.0003362
24.041208,1.0001481
24.042597,0.9995488
24.043986,1.0001303
24.045375,0.9999116
24.046764,0.9994019
24.048153,0.9999403
24.049541,1.0001577
24.050930,1.0003270
24.052319,0.9992396
24.053708,1.0000185
24.055097,1.0000612
24.056486,1.0000403
24.057874,1.0005013
24.059263,0.9993956
24.060652,1.0000231
24.062041,0.9997694
24.063430,0.9996308
24.064819,1.0001711
24.066207,1.0002193
24.067596,0.9999284
24.068985,1.0005683
24.070374,0.9997078
24.071763,0.9994842
24.073152,0.9995782
24.074540,1.0000431
24.075929,1.0001738
24.077318,1.0002241
24.078707,0.9998000
24.080096,1.0003178
24.081485,0.9999955
24.082874,0.9998070
24.084262,1.0002501
24.085651,1.0004975
24.087040,0.9997710
24.088429,0.9997751
24.089818,1.0002168
24.091207,0.9995921
24.092595,0.9998707
24.093984,1.0005695
24.095373,1.0004149
24.096762,0.9997045
24.098151,0.9997380
24.099540,1.0006762
24.100928,1.0005763
24.102317,1.0011855
24.103706,1.0002020
24.105095,0.9999228
24.106484,1.0009079
24.107873,0.9995309
24.109261,0.9998434
24.110650,1.0005484
24.112039,1.0004115
24.113428,1.0003309
24.114817,1.0005358
24.116206,0.9999120
24.117594,0.9998117
24.118983,0.9998950
24.120372,0.9997568
24.121761,1.0002776
24.123150,1.0006678
24.124539,0.9995116
24.125928,0.9999448
24.127316,0.9998501
24.128705,1.0003228
24.130094,0.9998737
24.131483,1.0002182
24.132872,1.0002416
24.134261,0.9997328
24.135649,1.0000577
24.137038,0.9999516
24.138427,1.0006275
24.139816,1.0008062
24.141205,1.0002690
24.142594,1.0003415
24.143982,0.9997677
24.145371,1.0003050
24.146760,1.0000520
24.148149,1.0001274
24.149538,1.0001436
24.150927,0.9999022
24.152315,1.0002711
24.153704,1.0001908
24.155093,0.9996227
24.156482,0.9994152
24.157871,1.0005283
24.159260,1.0002702
24.160648,1.0005716
24.162037,1.0000392
24.163426,1.0000115
24.164815,1.0007099
24.166204,0.9998695
24.167593,1.0003167
24.168982,0.9994674
24.170370,1.0002571
24.171759,1.0006266
24.173148,0.9996529
24.174537,1.0000346
24.175926,0.9999869
24.177315,1.0000509
24.178703,1.0003285
24.180092,1.0005840
24.181481,1.0001808
24.182870,0.9992669
24.184259,0.9994562
24.185648,1.0002337
24.187036,0.9998044
24.188425,0.9997656
24.189814,1.0004266
24.191203,1.0003954
24.192592,1.0002405
24.193981,0.9995774
24.195369,0.9995648
24.196758,1.0000637
24.198147,1.0001558
24.199536,1.0002399
24.200925,0.9995313
24.202314,0.9995793
24.203702,1.0006055
24.205091,1.0001629
24.206480,1.0003528
24.207869,1.0002344
24.209258,1.0000480
24.210647,0.9998731
24.212036,1.0000599
24.213424,0.9998032
24.214813,1.0003878
24.216202,1.0002032
24.217591,1.0003645
24.218980,1.0002947
24.220369,0.9993138
24.221757,0.9998003
24.223146,0.9998210
24.224535,0.9995817
24.225924,1.0000191
24.227313,1.0004361
24.228702,1.0001483
24.230090,0.9999420
24.231479,0.9998228
24.232868,1.0002259
24.234257,0.9995668
24.235646,0.9999204
24.237035,1.0000164
24.238423,0.9998811
24.239812,1.0003501
24.241201,1.0000556
24.242590,0.9998711
24.243979,1.0001539
24.245368,0.9998474
24.246756,1.0002799
24.248145,0.9998063
24.249534,0.9999076
24.250923,0.9998270
24.252312,0.9995058
24.253701,1.0003647
24.255090,1.0000095
24.256478,1.0001191
24.257867,0.9994639
24.259256,1.0000866
24.260645,1.0003716
24.262034,0.9996178
24.263423,1.0001536
24.264811,0.9997255
24.266200,0.9994629
24.267589,0.9997586
24.268978,1.0001672
24.270367,1.0000483
24.271756,0.9997184
24.273144,0.9997048
24.274533,1.0007389
24.275922,1.0004571
24.277311,0.9997033
24.278700,1.0002758
24.280089,0.9994820
24.281477,1.0003214
24.282866,1.0001415
24.284255,0.9998698
24.285644,0.9998396
24.287033,0.9995996
24.288422,0.9998335
24.289810,0.9997536
24.291199,0.9999627
24.292588,0.9999655
24.293977,1.0003008
24.295366,0.9996570
24.296755,1.0002482
24.298144,0.9999753
24.299532,0.9994865
24.300921,0.9998340
24.302310,0.9998465
24.303699,0.9999766
24.305088,1.0001973
24.306477,1.0000168
24.307865,0.9999581
24.309254,0.9999396
24.310643,0.9995782
24.312032,1.0001569
24.313421,0.9996166
24.314810,0.9997463
24.316198,1.0000387
24.317587,0.9996647
24.318976,1.0005196
24.320365,0.9996367
24.321754,0.9998158
24.323143,1.0004261
24.324531,0.9999926
24.325920,0.9999398
24.327309,0.9998713
24.328698,0.9997600
24.330087,1.0008225
24.331476,1.0006432
24.332864,0.9999855
24.334253,0.9996636
24.335642,0.9999379
24.337031,1.0000873
24.338420,1.0003599
24.339809,1.0003470
24.341198,0.9998755
24.342586,1.0001279
24.343975,0.9995401
24.345364,0.9993235
24.346753,0.9998816
24.348142,1.0001432
24.349531,0.9997054
24.350919,1.0003714
24.352308,1.0005706
24.353697,0.9994999
24.355086,1.0000150
24.356475,1.0000764
24.357864,0.9999958
24.359252,1.0002488
24.360641,0.9999824
24.362030,0.9999785
24.363419,0.9992242
24.364808,1.0001621
24.366197,1.0004349
24.367585,1.0013588
24.368974,0.9998604
24.370363,0.9996641
24.371752,1.0003636
24.373141,0.9997240
24.374530,1.0003446
24.375918,0.9995231
24.377307,1.0004260
24.378696,0.9999608
24.380085,0.9999889
24.381474,1.0001203
24.382863,0.9997233
24.384252,1.0001612
24.385640,1.0004150
24.387029,0.9997872
24.388418,0.9993460
24.389807,1.0001384
24.391196,1.0001978
24.392585,0.9997326
24.393973,0.9994902
24.395362,1.0002710
24.396751,0.9996546
24.398140,1.0001286
24.399529,0.9997444
24.400918,1.0004308
24.402306,0.9997779
24.403695,1.0001118
24.405084,0.9994485
24.406473,1.0000499
24.407862,0.9998050
24.409251,0.9991922
24.410639,0.9997060
24.412028,0.9997004
24.413417,1.0000653
24.414806,0.9999836
24.416195,0.9995244
24.417584,0.9996483
24.418972,1.0003771
24.420361,0.9990933
24.421750,0.9991802
24.423139,0.9997600
24.424528,1.0002757
24.425917,1.0002112
24.427306,0.9998583
24.428694,0.9998498
24.430083,0.9996968
24.431472,0.9997277
24.432861,0.9996716
24.434250,0.9996548
24.435639,0.9998035
24.437027,1.0003005
24.438416,0.9995466
24.439805,0.9999562
24.441194,0.9994236
24.442583,1.0000765
24.443972,0.9995297
24.445360,0.9997779
24.446749,1.0001363
24.448138,1.0002233
24.449527,0.9999085
24.450916,0.9998384
24.452305,1.0000164
24.453693,1.0003004
24.455082,1.0001865
24.456471,0.9996352
24.457860,1.0002920
24.459249,0.9998490
24.460638,0.9999424
24.462026,0.9990217
24.463415,1.0000244
24.464804,0.9999341
24.466193,0.9999402
24.467582,1.0000264
24.468971,1.0001223
24.470360,1.0005145
24.471748,0.9997527
24.473137,1.0002176
24.474526,1.0001106
24.475915,1.0002645
24.477304,1.0005233
24.478693,1.0001358
24.480081,1.0001857
24.481470,0.9999317
24.482859,1.0005901
24.484248,1.0002727
24.485637,1.0002241
24.487026,0.9998408
24.488414,1.0001938
24.489803,0.9999258
24.491192,0.9997153
24.492581,0.9999439
24.493970,0.9999971
24.495359,1.0003054
24.496747,0.9997523
24.498136,0.9999347
24.499525,0.9997993
24.500914,0.9996489
24.502303,0.9997997
24.503692,0.9999348
24.505080,1.0000400
24.506469,1.0003068
24.507858,1.0004057
24.509247,0.9996828
24.510636,0.9997389
24.512025,0.9998771
24.513414,1.0004628
24.514802,1.0000793
24.516191,1.0002765
24.517580,0.9999735
24.518969,0.9997703
24.520358,0.9999529
24.521747,0.9997525
24.523135,1.0002160
24.524524,1.0001867
24.525913,1.0002030
24.527302,1.0004657
24.528691,1.0003810
24.530080,1.0001829
24.531468,0.9994782
24.532857,1.0004508
24.534246,0.9999180
24.535635,0.9999907
24.537024,1.0004678
24.538413,0.9999829
24.539801,0.9998611
24.541190,0.9997603
24.542579,1.0001129
24.543968,1.0000369
24.545357,1.0003936
24.546746,1.0000061
24.548134,1.0002393
24.549523,0.9997018
24.550912,1.0004049
24.552301,1.0003869
24.553690,0.9999576
24.555079,1.0002374
24.556467,0.9999313
24.557856,1.0002662
24.559245,0.9998398
24.560634,0.9997289
24.562023,0.9998938
24.563412,0.9999558
24.564801,1.0001313
24.566189,0.9998684
24.567578,0.9995126
24.568967,1.0001003
24.570356,1.0001626
24.571745,0.9997790
24.573134,1.0000501
24.574522,0.9998653
24.575911,1.0001225
24.577300,0.9999669
24.578689,0.9996273
24.580078,1.0003769
24.581467,0.9996909
24.582855,0.9998364
24.584244,1.0002906
24.585633,1.0003365
24.587022,1.0008928
24.588411,0.9998742
24.589800,1.0000278
24.591188,1.0000617
24.592577,0.9999194
24.593966,1.0003989
24.595355,0.9996097
24.596744,0.9999079
24.598133,0.9998117
24.599521,0.9997057
24.600910,1.0004658
24.602299,1.0000831
24.603688,0.9997090
24.605077,1.0001773
24.606466,1.0000592
24.607855,0.9999067
24.609243,1.0002083
24.610632,0.9996824
24.612021,0.9995393
24.613410,1.0005169
24.614799,1.0003599
24.616188,1.0003182
24.617576,0.9996786
24.618965,0.9994867
24.620354,0.9998655
24.621743,1.0000364
24.623132,0.9998259
24.624521,1.0003780
24.625909,1.0000447
24.627298,0.9997787
24.628687,1.0001151
24.630076,0.9997443
24.631465,0.9996142
24.632854,1.0000672
24.634242,1.0001584
24.635631,0.9997571
24.637020,1.0004159
24.638409,1.0005785
24.639798,1.0000393
24.641187,1.0000857
24.642575,0.9999029
24.643964,1.0002917
24.645353,1.0005308
24.646742,0.9996620
24.648131,0.9997441
24.649520,1.0002000
24.650909,1.0000094
24.652297,1.0001390
24.653686,0.9999213
24.655075,1.0001302
24.656464,1.0005038
24.657853,1.0001829
24.659242,0.9999649
24.660630,0.9999834
24.662019,1.0000728
24.663408,1.0001092
24.664797,0.9998990
24.666186,0.9999792
24.667575,0.9994465
24.668963,1.0004195
24.670352,0.9997463
24.671741,1.0003150
24.673130,1.0004286
24.674519,1.0001215
24.675908,1.0000070
24.677296,0.9994957
24.678685,1.0001022
24.680074,0.9999783
24.681463,1.0005027
24.682852,1.0003272
24.684241,1.0002261
24.685629,1.0003456
24.687018,1.0003351
24.688407,1.0000435
24.689796,0.9992199
24.691185,0.9995344
24.692574,0.9998402
24.693962,1.0005320
24.695351,0.9997348
24.696740,0.9997744
24.698129,0.9996201
24.699518,1.0003120
24.700907,0.9997323
24.702296,1.0002986
24.703684,0.9999538
24.705073,0.9999879
24.706462,0.9999551
24.707851,1.0001376
24.709240,1.0000930
24.710629,0.9995335
24.712017,0.9999298
24.713406,1.0001127
24.714795,1.0003813
24.716184,0.9999632
24.717573,0.9991087
24.718962,1.0001835
24.720350,0.9999562
24.721739,0.9997457
24.723128,0.9996888
24.724517,1.0001073
24.725906,0.9998450
24.727295,1.0005810
24.728683,0.9999515
24.730072,1.0000022
24.731461,0.9996715
24.732850,0.9998584
24.734239,0.9995471
24.735628,1.0000450
24.737016,1.0000222
24.738405,0.9999464
24.739794,1.0003720
24.741183,0.9996736
24.742572,1.0005356
24.743961,0.9999978
24.745350,0.9999262
24.746738,1.0005672
24.748127,1.0002025
24.749516,1.0002537
24.750905,0.9998689
24.752294,0.9998824
24.753683,0.9993497
24.755071,1.0001314
24.756460,0.9994283
24.757849,0.9998435
24.759238,0.9996870
24.760627,1.0004083
24.762016,1.0004281
24.763404,0.9999383
24.764793,1.0008072
24.766182,1.0002000
24.767571,1.0002802
24.768960,1.0005697
24.770349,1.0004531
24.771737,1.0003360
24.773126,0.9998891
24.774515,0.9997099
24.775904,1.0002487
24.777293,1.0002265
24.778682,1.0004689
24.780070,1.0002660
24.781459,0.9998908
24.782848,1.0004775
24.784237,0.9999266
24.785626,1.0002345
24.787015,0.9998431
24.788404,0.9997666
24.789792,0.9994366
24.791181,1.0000045
24.792570,0.9998192
24.793959,0.9998314
24.795348,0.9993587
24.796737,1.0002078
24.798125,0.9998300
24.799514,1.0001883
24.800903,1.0003799
24.802292,0.9999664
24.803681,0.9997074
24.805070,1.0003788
24.806458,1.0006139
24.807847,0.9993930
24.809236,0.9997068
24.810625,1.0004573
24.812014,1.0002439
24.813403,0.9997510
24.814791,1.0001298
24.816180,1.0001322
24.817569,0.9997385
24.818958,0.9999672
24.820347,1.0003151
24.821736,0.9995474
24.823124,0.9995721
24.824513,1.0003053
24.825902,1.0002897
24.827291,0.9999929
24.828680,0.9998811
24.830069,1.0001392
24.831457,0.9998844
24.832846,0.9998880
24.834235,1.0000647
24.835624,1.0000925
24.837013,0.9995902
24.838402,0.9999911
24.839791,1.0005207
24.841179,0.9998604
24.842568,1.0002126
24.843957,1.0000751
24.845346,0.9997313
24.846735,0.9996424
24.848124,0.9996496
24.849512,1.0003271
24.850901,1.0002026
24.852290,0.9993149
24.853679,0.9996560
24.855068,0.9995433
24.856457,0.9997250
24.857845,1.0001605
24.859234,1.0001728
24.860623,0.9998446
24.862012,0.9999402
24.863401,0.9998506
24.864790,0.9997819
24.866178,1.0004619
24.867567,0.9999211
24.868956,1.0001805
24.870345,0.9998676
24.871734,1.0001534
24.873123,1.0004582
24.874511,0.9992830
24.875900,1.0006015
24.877289,0.9999634
24.878678,1.0001316
24.880067,1.0000204
24.881456,1.0004884
24.882845,1.0002417
24.884233,0.9997848
24.885622,1.0001109
24.887011,0.9998923
24.888400,1.0006358
24.889789,1.0002307
24.891178,1.0000391
24.892566,0.9998749
24.893955,1.0001266
24.895344,1.0001327
24.896733,1.0000075
24.898122,0.9997125
24.899511,1.0002563
24.900899,1.0005133
24.902288,0.9994706
24.903677,1.0005320
24.905066,1.0002522
24.906455,1.0000962
24.907844,1.0001355
24.909232,1.0004288
24.910621,1.0002820
24.912010,0.9998660
24.913399,0.9993442
24.914788,0.9998221
24.916177,1.0002500
24.917565,0.9997026
24.918954,1.0003236
24.920343,0.9997392
24.921732,1.0004040
24.923121,1.0000077
24.924510,1.0000508
24.925898,0.9999323
24.927287,1.0001589
24.928676,0.9996150
24.930065,0.9999741
24.931454,0.9991842
24.932843,1.0003805
24.934232,1.0005325
24.935620,0.9993128
24.937009,0.9998292
24.938398,1.0002800
24.939787,1.0004466
24.941176,0.9998213
24.942565,0.9996677
24.943953,1.0005858
24.945342,0.9997379
24.946731,1.0004206
24.948120,1.0005568
24.949509,0.9998557
24.950898,0.9997987
24.952286,0.9999351
24.953675,1.0000008
24.955064,1.0002732
24.956453,1.0003205
24.957842,1.0003849
24.959231,0.9999568
24.960619,1.0001639
24.962008,0.9999530
24.963397,0.9999774
24.964786,0.9996478
24.966175,1.0006461
24.967564,1.0007514
24.968952,0.9996245
24.970341,0.9998524
24.971730,1.0003900
24.973119,1.0005133
24.974508,0.9999690
24.975897,1.0002285
24.977286,0.9995897
24.978674,0.9995979
24.980063,0.9996471
24.981452,0.9999677
24.982841,0.9999843
24.984230,1.0000532
24.985619,1.0003552
24.987007,0.9998819
24.988396,0.9997216
24.989785,1.0000602
24.991174,0.9996443
24.992563,0.9997528
24.993952,0.9998849
24.995340,0.9995770
24.996729,0.9999143
24.998118,1.0009626
24.999507,0.9995073
25.000896,1.0002867
25.002285,1.0000244
25.003673,0.9996747
25.005062,0.9998193
25.006451,1.0002435
25.007840,0.9997077
25.009229,1.0002789
25.010618,0.9998355
25.012006,0.9998001
25.013395,1.0002637
25.014784,0.9996226
25.016173,1.0000451
25.017562,1.0004560
25.018951,0.9999419
25.020339,1.0000177
25.021728,1.0001214
25.023117,0.9997759
25.024506,0.9999969
25.025895,0.9999866
25.027284,0.9999886
25.028673,1.0004407
25.030061,0.9997830
25.031450,1.0002733
25.032839,1.0001758
25.034228,0.9998934
25.035617,0.9999148
25.037006,1.0003651
25.038394,0.9996640
25.039783,1.0000984
25.041172,1.0000125
25.042561,1.0001869
25.043950,1.0004103
25.045339,0.9996434
25.046727,0.9996373
25.048116,0.9996299
25.049505,0.9992258
25.050894,1.0000401
25.052283,0.9995998
25.053672,0.9997066
25.055060,0.9998879
25.056449,1.0000532
25.057838,0.9998002
25.059227,0.9994994
25.060616,0.9997981
25.062005,1.0004619
25.063393,0.9998884
25.064782,1.0001975
25.066171,0.9994825
25.067560,0.9996989
25.068949,1.0002941
25.070338,0.9992901
25.071726,0.9997885
25.073115,0.9998817
25.074504,0.9999847
25.075893,1.0003386
25.077282,1.0000746
25.078671,1.0000927
25.080060,0.9996983
25.081448,0.9999687
25.082837,0.9997381
25.084226,1.0004228
25.085615,0.9998618
25.087004,1.0000240
25.088393,0.9999937
25.089781,1.0002780
25.091170,1.0002378
25.092559,1.0000396
25.093948,0.9999673
25.095337,1.0007154
25.096726,0.9996638
25.098114,0.9996894
25.099503,1.0006090
25.100892,1.0004046
25.102281,0.9994109
25.103670,0.9995570
25.105059,0.9999400
25.106447,1.0003199
25.107836,1.0002244
25.109225,0.9999116
25.110614,0.9997367
25.112003,0.9999427
25.113392,0.9997651
25.114780,0.9998929
25.116169,1.0003388
25.117558,0.9999107
25.118947,0.9999443
25.120336,0.9998783
25.121725,0.9996446
25.123114,1.0000534
25.124502,0.9994683
25.125891,0.9998595
25.127280,0.9997793
25.128669,0.9999329
25.130058,1.0003003
25.131447,0.9994408
25.132835,0.9999749
25.134224,0.9995872
25.135613,0.9999051
25.137002,0.9996045
25.138391,0.9996421
25.139780,0.9999661
25.141168,0.9998639
25.142557,0.9994149
25.143946,1.0000381
25.145335,0.9998925
25.146724,1.0000458
25.148113,0.9998732
25.149501,0.9991414
25.150890,1.0000985
25.152279,1.0001323
25.153668,0.9998245
25.155057,0.9996371
25.156446,0.9997917
25.157834,1.0003451
25.159223,0.9996461
25.160612,1.0000342
25.162001,1.0004538
25.163390,0.9997252
25.164779,1.0004733
25.166167,1.0000847
25.167556,0.9997840
25.168945,1.0004926
25.170334,1.0002388
25.171723,0.9999249
25.173112,1.0000007
25.174501,1.0000006
25.175889,1.0000916
25.177278,1.0003228
25.178667,0.9998184
25.180056,0.9999941
25.181445,1.0003035
25.182834,0.9999109
25.184222,1.0000898
25.185611,0.9997697
25.187000,0.9994126
25.188389,1.0002883
25.189778,0.9999509
25.191167,1.0000112
25.192555,0.9999189
25.193944,1.0003430
25.195333,0.9997972
25.196722,1.0003806
25.198111,0.9996193
25.199500,0.9998630
25.200888,1.0002658
25.202277,0.9996151
25.203666,0.9998882
25.205055,1.0003733
25.206444,0.9998117
25.207833,0.9999709
25.209221,1.0003525
25.210610,1.0000085
25.211999,0.9997723
25.213388,0.9998810
25.214777,0.9997171
25.216166,0.9998286
25.217554,1.0002591
25.218943,1.0001262
25.220332,1.0001546
25.221721,1.0003488
25.223110,0.9998275
25.224499,1.0001835
25.225888,1.0000534
25.227276,1.0005187
25.228665,1.0000561
25.230054,1.0005349
25.231443,0.9998084
25.232832,0.9998778
25.234221,1.0003167
25.235609,0.9999694
25.236998,1.0002366
25.238387,1.0003967
25.239776,0.9997399
25.241165,0.9998094
25.242554,0.9998597
25.243942,0.9997770
25.245331,0.9999394
25.246720,1.0001801
25.248109,1.0005097
25.249498,1.0004864
25.250887,0.9997659
25.252275,0.9998889
25.253664,0.9998161
25.255053,0.9996214
25.256442,1.0000100
25.257831,1.0005540
25.259220,0.9996989
25.260608,0.9996242
25.261997,1.0000507
25.263386,0.9999874
25.264775,0.9999892
25.266164,0.9999516
25.267553,0.9999020
25.268942,1.0000437
25.270330,1.0001008
25.271719,1.0002735
25.273108,0.9994193
25.274497,1.0003966
25.275886,1.0002237
25.277275,0.9998167
25.278663,0.9996507
25.280052,1.0001185
25.281441,0.9997276
25.282830,1.0000746
25.284219,0.9993366
25.285608,1.0004124
25.286996,1.0002552
25.288385,1.0001271
25.289774,0.9997074
25.291163,0.9997419
25.292552,1.0000441
25.293941,0.9998411
25.295329,1.0003708
25.296718,1.0000641
25.298107,0.9993783
25.299496,0.9999180
25.300885,1.0000889
25.302274,1.0001188
25.303662,0.9991800
25.305051,1.0001139
25.306440,0.9998231
25.307829,0.9999614
25.309218,0.9998110
25.310607,1.0002522
25.311995,1.0002110
25.313384,1.0000684
25.314773,1.0000040
25.316162,1.0005554
25.317551,0.9999624
25.318940,0.9998662
25.320329,1.0002639
25.321717,1.0005858
25.323106,1.0000054
25.324495,0.9995689
25.325884,0.9996680
25.327273,1.0001505
25.328662,1.0000619
25.330050,0.9998527
25.331439,1.0004547
25.332828,0.9996291
25.334217,1.0000963
25.335606,1.0003639
25.336995,1.0000995
25.338383,0.9995846
25.339772,1.0002208
25.341161,0.9999430
25.342550,0.9998481
25.343939,0.9999598
25.345328,0.9999739
25.346716,1.0003569
25.348105,1.0005514
25.349494,1.0006549
25.350883,1.0002062
25.352272,1.0005298
25.353661,0.9999086
25.355049,1.0000921
25.356438,1.0003002
25.357827,0.9997448
25.359216,1.0001344
25.360605,0.9998156
25.361994,1.0002696
25.363382,1.0000999
25.364771,0.9999002
25.366160,0.9996536
25.367549,1.0004574
25.368938,1.0000928
25.370327,0.9995749
25.371716,0.9997874
25.373104,1.0000214
25.374493,0.9999289
25.375882,1.0004396
25.377271,0.9995140
25.378660,0.9996836
25.380049,1.0000611
25.381437,0.9998524
25.382826,0.9997428
25.384215,0.9997841
25.385604,0.9997606
25.386993,0.9996690
25.388382,1.0001032
25.389770,0.9999362
25.391159,0.9997277
25.392548,0.9997765
25.393937,1.0000376
25.395326,1.0001321
25.396715,1.0005840
25.398103,0.9998418
25.399492,0.9998421
25.400881,0.9998240
25.402270,0.9996180
25.403659,0.9992683
25.405048,1.0002341
25.406436,1.0002788
25.407825,0.9998788
25.409214,1.0001934
25.410603,0.9988548
25.411992,1.0002724
25.413381,1.0003978
25.414769,1.0000068
25.416158,1.0000866
25.417547,0.9997631
25.418936,0.9998869
25.420325,0.9994509
25.421714,1.0002921
25.423103,0.9998141
25.424491,1.0004719
25.425880,1.0002787
25.427269,0.9999301
25.428658,1.0001996
25.430047,0.9995029
25.431436,1.0004359
25.432824,0.9997630
25.434213,1.0004088
25.435602,1.0001164
25.436991,0.9996499
25.438380,1.0002465
25.439769,1.0003930
25.441157,1.0002145
25.442546,1.0000788
25.443935,0.9993505
25.445324,1.0001686
25.446713,1.0003378
25.448102,1.0002282
25.449490,0.9997033
25.450879,0.9995979
25.452268,0.9996176
25.453657,0.9998648
25.455046,1.0000764
25.456435,0.9999540
25.457823,1.0000454
25.459212,1.0004021
25.460601,0.9996662
25.461990,0.9996473
25.463379,1.0000360
25.464768,1.0001001
25.466157,0.9997626
25.467545,1.0002400
25.468934,1.0004124
25.470323,0.9996067
25.471712,1.0003025
25.473101,0.9995356
25.474490,0.9998096
25.475878,1.0000332
25.477267,1.0000142
25.478656,0.9994222
25.480045,1.0002593
25.481434,1.0001102
25.482823,1.0002593
25.484211,0.9995924
25.485600,1.0007884
25.486989,1.0003736
25.488378,0.9997900
25.489767,1.0001481
25.491156,1.0001021
25.492544,0.9998018
25.493933,0.9999724
25.495322,1.0003266
25.496711,1.0001853
25.498100,0.9997143
25.499489,0.9997938
25.500877,0.9995531
25.502266,0.9996490
25.503655,0.9998787
25.505044,0.9999576
25.506433,1.0000523
25.507822,0.9999953
25.509210,0.9999389
25.510599,1.0000384
25.511988,1.0002205
25.513377,0.9999994
25.514766,0.9999990
25.516155,0.9999660
25.517544,0.9998071
25.518932,0.9999262
25.520321,1.0000596
25.521710,0.9999521
25.523099,0.9997752
25.524488,0.9996522
25.525877,1.0003756
25.527265,0.9998868
25.528654,1.0002134
25.530043,1.0002134
25.531432,1.0009073
25.532821,1.0001649
25.534210,1.0005229
25.535598,1.0004848
25.536987,1.0000070
25.538376,1.0001166
25.539765,1.0002456
25.541154,1.0002234
25.542543,1.0005463
25.543931,0.9992935
25.545320,1.0001924
25.546709,0.9998323
25.548098,1.0000054
25.549487,1.0001467
25.550876,1.0000275
25.552264,0.9999802
25.553653,1.0002810
25.555042,1.0005713
25.556431,0.9998676
25.557820,0.9996939
25.559209,0.9995892
25.560597,1.0003377
25.561986,0.9999417
25.563375,0.9996895
25.564764,0.9997618
25.566153,1.0000982
25.567542,0.9993906
25.568931,1.0005023
25.570319,0.9999235
25.571708,0.9996917
25.573097,0.9999487
25.574486,1.0000373
25.575875,0.9999254
25.577264,0.9998829
25.578652,1.0006212
25.580041,1.0003407
25.581430,0.9995187
25.582819,1.0005083
25.584208,1.0002259
25.585597,0.9995792
25.586985,1.0002567
25.588374,0.9998568
25.589763,1.0001718
25.591152,0.9998954
25.592541,1.0000219
25.593930,1.0000012
25.595318,0.9993681
25.596707,1.0001913
25.598096,0.9996286
25.599485,1.0004819
25.600874,0.9991425
25.602263,0.9995872
25.603651,0.9999919
25.605040,1.0000279
25.606429,1.0000297
25.607818,0.9998830
25.609207,0.9999234
25.610596,0.9998586
25.611984,0.9998350
25.613373,1.0002537
25.614762,0.9997841
25.616151,1.0003611
25.617540,0.9999748
25.618929,0.9997143
25.620318,1.0002242
25.621706,1.0001774
25.623095,0.9998897
25.624484,1.0000991
25.625873,1.0003170
25.627262,0.9999518
25.628651,0.9998820
25.630039,0.9999224
25.631428,0.9999540
25.632817,1.0005803
25.634206,0.9999066
25.635595,1.0009556
25.636984,1.0004153
25.638372,1.0000227
25.639761,1.0001608
25.641150,1.0000698
25.642539,1.0001020
25.643928,1.0003952
25.645317,0.9995982
25.646705,1.0001298
25.648094,0.9999610
25.649483,0.9998344
25.650872,1.0003557
25.652261,1.0000743
25.653650,1.0006892
25.655038,1.0003060
25.656427,0.9996906
25.657816,0.9996023
25.659205,0.9998691
25.660594,1.0001199
25.661983,1.0004674
25.663371,0.9998231
25.664760,0.9997788
25.666149,1.0000274
25.667538,1.0006470
25.668927,1.0005068
25.670316,1.0003076
25.671705,1.0008864
25.673093,0.9998845
25.674482,0.9999145
25.675871,1.0002120
25.677260,0.9999376
25.678649,0.9998045
25.680038,0.9998404
25.681426,1.0001141
25.682815,0.9994812
25.684204,0.9997314
25.685593,0.9994833
25.686982,0.9999461
25.688371,1.0003625
25.689759,0.9998383
25.691148,1.0003608
25.692537,1.0001510
25.693926,1.0004366
25.695315,1.0000717
25.696704,1.0005085
25.698092,0.9998884
25.699481,0.9996474
25.700870,1.0002125
25.702259,1.0007258
25.703648,1.0000528
25.705037,1.0004985
25.706425,0.9995143
25.707814,1.0002342
25.709203,1.0006004
25.710592,1.0002639
25.711981,0.9996922
25.713370,1.0000289
25.714759,1.0003805
25.716147,1.0000019
25.717536,0.9999360
25.718925,0.9999705
25.720314,0.9997874
25.721703,1.0005151
25.723092,1.0002360
25.724480,1.0001540
25.725869,1.0006733
25.727258,1.0000067
25.728647,0.9997608
25.730036,0.9994041
25.731425,0.9999072
25.732813,0.9999705
25.734202,0.9997852
25.735591,1.0001410
25.736980,0.9995754
25.738369,0.9997228
25.739758,0.9997703
25.741146,0.9994328
25.742535,0.9999536
25.743924,1.0007987
25.745313,1.0000742
25.746702,0.9993285
25.748091,1.0000213
25.749479,0.9997551
25.750868,1.0001442
25.752257,1.0001632
25.753646,0.9999578
25.755035,0.9996787
25.756424,0.9996886
25.757812,0.9999931
25.759201,0.9990704
25.760590,0.9996246
25.761979,0.9995421
25.763368,0.9997681
25.764757,0.9998040
25.766146,1.0003170
25.767534,0.9999465
25.768923,1.0002749
25.770312,1.0001696
25.771701,0.9998708
25.773090,1.0000041
25.774479,1.0000111
25.775867,0.9993305
25.777256,0.9998426
25.778645,1.0000121
25.780034,0.9999571
25.781423,1.0006167
25.782812,0.9997983
25.784200,0.9997053
25.785589,0.9998983
25.786978,0.9996569
25.788367,1.0003160
25.789756,1.0002544
25.791145,1.0002918
25.792533,1.0004060
25.793922,0.9993502
25.795311,0.9998746
25.796700,1.0001655
25.798089,1.0000697
25.799478,0.9995775
25.800866,0.9999199
25.802255,0.9999379
25.803644,1.0001240
25.805033,1.0004705
25.806422,0.9996141
25.807811,1.0001615
25.809199,1.0002008
25.810588,0.9998769
25.811977,1.0003982
25.813366,0.9997642
25.814755,1.0003728
25.816144,0.9996018
25.817533,1.0001864
25.818921,1.0005261
25.820310,1.0002790
25.821699,1.0004406
25.823088,0.9997258
25.824477,0.9999643
25.825866,1.0002943
25.827254,0.9999127
25.828643,0.9997440
25.830032,0.9999226
25.831421,1.0009271
25.832810,0.9999048
25.834199,0.9998905
25.835587,1.0000281
25.836976,1.0013024
25.838365,1.0000538
25.839754,0.9999349
25.841143,1.0005152
25.842532,1.0001123
25.843920,0.9994669
25.845309,0.9997677
25.846698,1.0000339
25.848087,1.0000513
25.849476,0.9996186
25.850865,1.0000401
25.852253,1.0002453
25.853642,0.9995037
25.855031,1.0003324
25.856420,1.0004160
25.857809,0.9997789
25.859198,0.9997870
25.860586,0.9997274
25.861975,1.0000393
25.863364,1.0006950
25.864753,0.9997109
25.866142,1.0001207
25.867531,1.0000324
25.868920,1.0005746
25.870308,0.9997272
25.871697,0.9998183
25.873086,0.9999664
25.874475,1.0002569
25.875864,1.0000033
25.877253,1.0000424
25.878641,1.0000178
25.880030,1.0002624
25.881419,1.0005182
25.882808,1.0001372
25.884197,1.0000907
25.885586,1.0001924
25.886974,1.0000002
25.888363,1.0004664
25.889752,1.0003031
25.891141,1.0001512
25.892530,0.9998150
25.893919,0.9994473
25.895307,0.9999767
25.896696,0.9999634
25.898085,1.0003656
25.899474,1.0005575
25.900863,1.0005660
25.902252,0.9999161
25.903640,0.9999629
25.905029,1.0001251
25.906418,0.9998206
25.907807,0.9999689
25.909196,1.0006166
25.910585,0.9997979
25.911974,0.9991535
25.913362,1.0000149
25.914751,0.9998399
25.916140,0.9995651
25.917529,0.9996198
25.918918,0.9998967
25.920307,1.0003629
25.921695,1.0003577
25.923084,1.0001404
25.924473,1.0002150
25.925862,0.9995210
25.927251,0.9998284
25.928640,0.9999827
25.930028,0.9996142
25.931417,1.0000432
25.932806,0.9993154
25.934195,0.9997706
25.935584,0.9999487
25.936973,1.0001989
25.938361,0.9999613
25.939750,0.9998574
25.941139,0.9996750
25.942528,0.9995713
25.943917,1.0001553
25.945306,1.0001482
25.946694,0.9995501
25.948083,1.0000276
25.949472,0.9998336
25.950861,1.0002558
25.952250,1.0000003
25.953639,1.0001767
25.955027,0.9997031
25.956416,1.0000945
25.957805,0.9996958
25.959194,0.9995454
25.960583,0.9996908
25.961972,1.0003480
25.963361,1.0004448
25.964749,1.0002949
25.966138,1.0004182
25.967527,1.0002078
25.968916,0.9996378
25.970305,1.0002866
25.971694,0.9991459
25.973082,1.0000300
25.974471,0.9996645
25.975860,0.9999135
25.977249,0.9998943
25.978638,1.0000067
25.980027,0.9994013
25.981415,1.0000722
25.982804,1.0001923
25.984193,0.9999130
25.985582,1.0002513
25.986971,0.9999560
25.988360,0.9999277
25.989748,1.0001928
25.991137,0.9995480
25.992526,0.9994241
25.993915,1.0002493
25.995304,0.9998609
25.996693,1.0004944
25.998081,1.0005665
25.999470,0.9998373
26.000859,0.9998951
26.002248,1.0000539
26.003637,0.9997211
26.005026,0.9999144
26.006414,1.0002473
26.007803,0.9995380
26.009192,1.0003006
26.010581,1.0001098
26.011970,0.9998567
26.013359,0.9998093
26.014748,1.0003602
26.016136,1.0001984
26.017525,1.0002211
26.018914,1.0002362
26.020303,1.0002435
26.021692,0.9992723
26.023081,1.0001386
26.024469,1.0004089
26.025858,1.0002965
26.027247,1.0001312
26.028636,1.0001758
26.030025,0.9997005
26.031414,1.0002730
26.032802,1.0001364
26.034191,0.9998274
26.035580,1.0004007
26.036969,1.0001048
26.038358,0.9999452
26.039747,1.0002242
26.041135,1.0004197
26.042524,1.0000256
26.043913,0.9996204
26.045302,0.9996115
26.046691,0.9992852
26.048080,1.0001594
26.049468,0.9998834
26.050857,0.9999462
26.052246,0.9998127
26.053635,1.0003484
26.055024,0.9997865
26.056413,0.9999725
26.057801,1.0001794
26.059190,0.9995887
26.060579,1.0006250
26.061968,1.0002056
26.063357,0.9999600
26.064746,1.0002970
26.066135,0.9998498
26.067523,1.0002810
26.068912,0.9997261
26.070301,0.9998025
26.071690,0.9998706
26.073079,1.0000999
26.074468,0.9999484
26.075856,0.9996766
26.077245,0.9996542
26.078634,0.9999439
26.080023,0.9995369
26.081412,0.9997932
26.082801,0.9998283
26.084189,0.9998647
26.085578,1.0000154
26.086967,0.9996582
26.088356,1.0002096
26.089745,1.0002311
26.091134,1.0001155
26.092522,1.0005129
26.093911,0.9999667
26.095300,1.0002470
26.096689,1.0000079
26.098078,1.0004128
26.099467,1.0001272
26.100855,0.9997723
26.102244,0.9996408
26.103633,1.0002326
26.105022,0.9998984
26.106411,1.0004830
26.107800,1.0000499
26.109189,0.9996000
26.110577,0.9997160
26.111966,0.9998320
26.113355,0.9994100
26.114744,1.0001288
26.116133,0.9998538
26.117522,0.9999536
26.118910,1.0005460
26.120299,0.9999722
26.121688,0.9996986
26.123077,1.0002629
26.124466,0.9998169
26.125855,1.0000227
26.127243,1.0005568
26.128632,0.9998721
26.130021,0.9992128
26.131410,0.9983476
26.132799,0.9971129
26.134188,0.9970502
26.135576,0.9953573
26.136965,0.9940487
26.138354,0.9925488
26.139743,0.9909047
26.141132,0.9900511
26.142521,0.9891970
26.143909,0.9880953
26.145298,0.9869923
26.146687,0.9868074
26.148076,0.9859158
26.149465,0.9858358
26.150854,0.9862687
26.152242,0.9857737
26.153631,0.9850365
26.155020,0.9857683
26.156409,0.9851859
26.157798,0.9849620
26.159187,0.9853465
26.160576,0.9845742
26.161964,0.9846883
26.163353,0.9847833
26.164742,0.9844630
26.166131,0.9843070
26.167520,0.9848427
26.168909,0.9842891
26.170297,0.9845622
26.171686,0.9840342
26.173075,0.9842618
26.174464,0.9837391
26.175853,0.9842265
26.177242,0.9852350
26.178630,0.9843201
26.180019,0.9841689
26.181408,0.9839405
26.182797,0.9837154
26.184186,0.9837142
26.185575,0.9836778
26.186963,0.9839721
26.188352,0.9836692
26.189741,0.9839084
26.191130,0.9835091
26.192519,0.9836006
26.193908,0.9838896
26.195296,0.9838465
26.196685,0.9841985
26.198074,0.9843337
26.199463,0.9838220
26.200852,0.9837397
26.202241,0.9836823
26.203629,0.9837046
26.205018,0.9836396
26.206407,0.9846313
26.207796,0.9843360
26.209185,0.9845908
26.210574,0.9838655
26.211963,0.9848097
26.213351,0.9848689
26.214740,0.9841114
26.216129,0.9849826
26.217518,0.9845957
26.218907,0.9844846
26.220296,0.9852823
26.221684,0.9845702
26.223073,0.9848779
26.224462,0.9850447
26.225851,0.9850755
26.227240,0.9856047
26.228629,0.9854254
26.230017,0.9867430
26.231406,0.9853821
26.232795,0.9853783
26.234184,0.9860190
26.235573,0.9869677
26.236962,0.9867561
26.238350,0.9873039
26.239739,0.9886731
26.241128,0.9896996
26.242517,0.9908760
26.243906,0.9918866
26.245295,0.9938695
26.246683,0.9945532
26.248072,0.9951313
26.249461,0.9968918
26.250850,0.9977055
26.252239,0.9984384
26.253628,0.9995617
26.255017,0.9993283
26.256405,0.9993564
26.257794,1.0005974
26.259183,0.9999954
26.260572,1.0000411
26.261961,0.9998845
26.263350,1.0004440
26.264738,1.0002124
26.266127,0.9995175
26.267516,0.9999926
26.268905,1.0001618
26.270294,0.9999312
26.271683,0.9996473
26.273071,1.0000026
26.274460,1.0000802
26.275849,1.0003850
26.277238,1.0004731
26.278627,1.0004604
26.280016,0.9997475
26.281404,0.9995324
26.282793,0.9995915
26.284182,0.9994501
26.285571,0.9994780
26.286960,1.0000321
26.288349,1.0005781
26.289737,0.9998707
26.291126,0.9996561
26.292515,0.9991892
26.293904,1.0001100
26.295293,1.0004302
26.296682,1.0000586
26.298070,1.0004377
26.299459,0.9999730
26.300848,0.9999025
26.302237,1.0002295
26.303626,1.0001850
26.305015,1.0001535
26.306404,0.9989706
26.307792,0.9998623
26.309181,1.0001286
26.310570,1.0003945
26.311959,0.9996308
26.313348,1.0002893
26.314737,0.9995005
26.316125,1.0003719
26.317514,1.0002091
26.318903,0.9996329
26.320292,1.0002798
26.321681,0.9997599
26.323070,0.9992191
26.324458,1.0001017
26.325847,0.9999318
26.327236,1.0001005
26.328625,1.0002417
26.330014,1.0000923
26.331403,1.0001182
26.332791,0.9998236
26.334180,0.9999939
26.335569,1.0004725
26.336958,1.0006848
26.338347,1.0002148
26.339736,0.9999844
26.341124,1.0002457
26.342513,0.9996403
26.343902,1.0003278
26.345291,1.0003666
26.346680,0.9999590
26.348069,1.0004026
26.349457,0.9996451
26.350846,0.9995305
26.352235,0.9996997
26.353624,0.9997293
26.355013,0.9998962
26.356402,1.0000892
26.357791,0.9998764
26.359179,1.0000410
26.360568,0.9998662
26.361957,0.9996382
26.363346,0.9995993
26.364735,0.9998350
26.366124,0.9998179
26.367512,0.9998309
26.368901,1.0000618
26.370290,0.9997469
26.371679,0.9995893
26.373068,1.0000350
26.374457,0.9998491
26.375845,0.9999470
26.377234,0.9997608
26.378623,1.0001278
26.380012,0.9997130
26.381401,0.9994645
26.382790,0.9998493
26.384178,0.9998506
26.385567,1.0000767
26.386956,0.9997556
26.388345,0.9997233
26.389734,0.9997320
26.391123,1.0000741
26.392511,0.9997538
26.393900,0.9999973
26.395289,1.0004246
26.396678,1.0005461
26.398067,1.0001324
26.399456,0.9996600
26.400845,1.0002952
26.402233,0.9999793
26.403622,1.0002666
26.405011,1.0004675
26.406400,0.9998208
26.407789,1.0000905
26.409178,1.0001893
26.410566,0.9996574
26.411955,1.0005886
26.413344,0.9995985
26.414733,0.9994320
26.416122,0.9997890
26.417511,1.0001832
26.418899,1.0003027
26.420288,1.0002248
26.421677,0.9999528
26.423066,0.9992848
26.424455,0.9995672
26.425844,1.0000122
26.427232,1.0003206
26.428621,1.0001632
26.430010,0.9997202
26.431399,0.9999220
26.432788,0.9993476
26.434177,0.9996967
26.435565,1.0000593
26.436954,1.0006702
26.438343,1.0004571
26.439732,0.9997712
26.441121,1.0000435
26.442510,1.0000147
26.443898,1.0002541
26.445287,0.9995081
26.446676,0.9999388
26.448065,0.9998821
26.449454,0.9994332
26.450843,0.9998490
26.452232,0.9999166
26.453620,1.0001423
26.455009,1.0001962
26.456398,0.9996858
26.457787,0.9996830
26.459176,0.9999647
26.460565,0.9998948
26.461953,0.9997602
26.463342,1.0004162
26.464731,0.9993672
26.466120,1.0004696
26.467509,0.9998347
26.468898,0.9999304
26.470286,0.9989423
26.471675,1.0008880
26.473064,1.0003461
26.474453,0.9995228
26.475842,1.0002293
26.477231,1.0000016
26.478619,1.0001384
26.480008,1.0003253
26.481397,0.9999379
26.482786,0.9995388
26.484175,1.0001497
26.485564,0.9993028
26.486952,1.0001331
26.488341,0.9998344
26.489730,0.9997339
26.491119,1.0000044
26.492508,0.9998668
26.493897,1.0001162
26.495286,0.9997978
26.496674,1.0001797
26.498063,1.0002913
26.499452,1.0000942
26.500841,0.9995967
26.502230,1.0004834
26.503619,1.0000611
26.505007,1.0001718
26.506396,1.0001676
26.507785,0.9998572
26.509174,0.9998944
26.510563,0.9998035
26.511952,1.0001688
26.513340,1.0002737
26.514729,0.9997588
26.516118,1.0003578
26.517507,0.9999402
26.518896,0.9997968
26.520285,0.9998999
26.521673,0.9996734
26.523062,0.9992716
26.524451,1.0001766
26.525840,1.0001017
26.527229,1.0001742
26.528618,1.0000389
26.530006,0.9999483
26.531395,1.0004490
26.532784,0.9994961
26.534173,1.0000981
26.535562,0.9998033
26.536951,0.9996903
26.538340,1.0004042
26.539728,0.9997660
26.541117,0.9999354
26.542506,0.9999226
26.543895,1.0005063
26.545284,1.0002254
26.546673,0.9998783
26.548061,1.0002983
26.549450,0.9999925
26.550839,0.9997280
26.552228,1.0000859
26.553617,1.0002843
26.555006,0.9997722
26.556394,0.9999533
26.557783,0.9999792
26.559172,1.0002293
26.560561,0.9997543
26.561950,0.9996962
26.563339,0.9998241
26.564727,1.0000641
26.566116,0.9996717
26.567505,1.0001141
26.568894,1.0002847
26.570283,0.9995450
26.571672,1.0000909
26.573060,1.0000569
26.574449,1.0000905
26.575838,0.9998017
26.577227,1.0004856
26.578616,1.0001928
26.580005,0.9999520
26.581393,1.0000335
26.582782,1.0003409
26.584171,1.0001493
26.585560,1.0000744
26.586949,1.0003760
26.588338,1.0004204
26.589727,1.0001123
26.591115,1.0008179
26.592504,1.0002760
26.593893,1.0000868
26.595282,0.9999074
26.596671,0.9998997
26.598060,0.9997974
26.599448,1.0004322
26.600837,1.0001037
26.602226,1.0000359
26.603615,0.9999579
26.605004,1.0001418
26.606393,1.0000092
26.607781,1.0006253
26.609170,1.0003844
26.610559,1.0002188
26.611948,0.9999116
26.613337,0.9999709
26.614726,1.0001854
26.616114,1.0004976
26.617503,0.9999626
26.618892,0.9999439
26.620281,1.0001421
26.621670,0.9997950
26.623059,1.0006587
26.624447,0.9996583
26.625836,1.0001748
26.627225,1.0003677
26.628614,1.0001853
26.630003,1.0004749
26.631392,1.0004532
26.632781,1.0001592
26.634169,1.0001929
26.635558,1.0001319
26.636947,0.9998650
26.638336,1.0001880
26.639725,0.9999266
26.641114,1.0010577
26.642502,1.0002653
26.643891,1.0002438
26.645280,1.0002933
26.646669,0.9997582
26.648058,0.9999550
26.649447,0.9993562
26.650835,1.0002787
26.652224,1.0000180
26.653613,1.0001226
26.655002,1.0005640
26.656391,1.0003520
26.657780,0.9999471
26.659168,1.0001897
26.660557,1.0004872
26.661946,1.0003389
26.663335,0.9999571
26.664724,0.9999179
26.666113,0.9998979
26.667501,0.9998632
26.668890,1.0002442
26.670279,0.9999359
26.671668,1.0000215
26.673057,0.9998211
26.674446,1.0006365
26.675835,1.0005321
26.677223,1.0008924
26.678612,0.9999757
26.680001,1.0004724
26.681390,0.9997081
26.682779,0.9995958
26.684168,1.0001337
26.685556,1.0003051
26.686945,1.0002229
26.688334,0.9996779
26.689723,1.0001585
26.691112,1.0004787
26.692501,1.0000432
26.693889,0.9992404
26.695278,1.0003702
26.696667,1.0001632
26.698056,0.9999132
26.699445,0.9998941
26.700834,0.9999375
26.702222,0.9998449
26.703611,1.0000121
26.705000,0.9998530
26.706389,0.9995865
26.707778,0.9995597
26.709167,1.0002352
26.710555,1.0000597
26.711944,1.0006539
26.713333,1.0003985
26.714722,0.9998398
26.716111,0.9995150
26.717500,1.0002390
26.718888,1.0000452
26.720277,0.9997359
26.721666,1.0004039
26.723055,1.0009553
26.724444,1.0003583
26.725833,0.9995818
26.727222,1.0002643
26.728610,0.9999679
26.729999,1.0001690
26.731388,1.0003943
26.732777,1.0001751
26.734166,1.0004047
26.735555,1.0001713
26.736943,1.0004119
26.738332,1.0003706
26.739721,1.0001106
26.741110,0.9998676
26.742499,0.9995842
26.743888,0.9999970
26.745276,1.0000649
26.746665,0.9998750
26.748054,0.9999584
26.749443,1.0003783
26.750832,1.0001867
26.752221,1.0006008
26.753609,0.9998514
26.754998,1.0000359
26.756387,0.9998490
26.757776,1.0000389
26.759165,0.9999886
26.760554,1.0000043
26.761942,1.0001141
26.763331,1.0001166
26.764720,0.9997367
26.766109,1.0000455
26.767498,1.0001733
26.768887,1.0004034
26.770276,1.0004052
26.771664,1.0001931
26.773053,1.0001368
26.774442,1.0002181
26.775831,0.9994259
26.777220,0.9995900
26.778609,1.0000526
26.779997,0.9998924
26.781386,1.0001216
26.782775,0.9991873
26.784164,0.9998883
26.785553,1.0003317
26.786942,0.9997432
26.788330,0.9996965
26.789719,1.0004563
26.791108,0.9994111
26.792497,0.9999260
26.793886,0.9997421
26.795275,0.9995440
26.796663,0.9998279
26.798052,1.0004046
26.799441,0.9998384
26.800830,1.0002751
26.802219,0.9995035
26.803608,1.0002518
26.804996,1.0002256
26.806385,0.9999867
26.807774,0.9998248
26.809163,1.0000277
26.810552,0.9998444
26.811941,0.9998095
26.813330,1.0001507
26.814718,0.9998213
26.816107,0.9998404
26.817496,1.0003839
26.818885,0.9996200
26.820274,1.0001503
26.821663,0.9994402
26.823051,1.0001056
26.824440,0.9999970
26.825829,0.9994044
26.827218,0.9996922
26.828607,0.9997741
26.829996,1.0006808
26.831384,1.0001077
26.832773,0.9997493
26.834162,0.9999765
26.835551,0.9996758
26.836940,0.9998993
26.838329,1.0001084
26.839717,1.0001686
26.841106,1.0002093
26.842495,1.0002316
26.843884,0.9998366
26.845273,1.0001687
26.846662,1.0003347
26.848050,1.0000508
26.849439,0.9997876
26.850828,1.0002774
26.852217,1.0001546
26.853606,1.0005084
26.854995,1.0001825
26.856384,1.0002579
26.857772,1.0000093
26.859161,1.0004667
26.860550,0.9999115
26.861939,0.9993906
26.863328,0.9992084
26.864717,1.0004396
26.866105,0.9999640
26.867494,0.9999544
26.868883,0.9998301
26.870272,1.0000898
26.871661,0.9997442
26.873050,1.0003831
26.874438,0.9999079
26.875827,1.0000291
26.877216,1.0001637
26.878605,1.0001775
26.879994,0.9995402
26.881383,0.9998960
26.882771,1.0005201
26.884160,1.0002243
26.885549,1.0008413
26.886938,1.0001413
26.888327,0.9997749
26.889716,1.0001489
26.891104,0.9997668
26.892493,0.9994979
26.893882,0.9998745
26.895271,0.9994772
26.896660,1.0001685
26.898049,0.9994696
26.899438,1.0000156
26.900826,1.0000106
26.902215,0.9997550
26.903604,0.9997409
26.904993,1.0003830
26.906382,1.0003395
26.907771,1.0000042
26.909159,1.0000078
26.910548,0.9996674
26.911937,1.0000180
26.913326,0.9998464
26.914715,1.0001387
26.916104,0.9998671
26.917492,0.9993848
26.918881,1.0009860
26.920270,0.9994720
26.921659,0.9998545
26.923048,1.0000606
26.924437,1.0003778
26.925825,1.0000315
26.927214,0.9999478
26.928603,0.9998040
26.929992,0.9998312
26.931381,0.9998007
26.932770,1.0000506
26.934158,1.0000722
26.935547,0.9994273
26.936936,0.9998252
26.938325,0.9999299
26.939714,0.9996531
26.941103,0.9999235
26.942492,0.9998943
26.943880,0.9998030
26.945269,0.9998396
26.946658,1.0000874
26.948047,0.9999122
26.949436,0.9999619
26.950825,1.0000761
26.952213,0.9998787
26.953602,1.0002588
26.954991,1.0001224
26.956380,1.0002301
26.957769,1.0002531
26.959158,1.0007008
26.960546,1.0001066
26.961935,0.9998417
26.963324,0.9999264
26.964713,0.9998241
26.966102,1.0000097
26.967491,0.9995946
26.968879,0.9999726
26.970268,0.9997828
26.971657,1.0000759
26.973046,0.9996924
26.974435,1.0001472
26.975824,1.0005393
26.977212,1.0002766
26.978601,1.0006332
26.979990,1.0004669
26.981379,0.9998689
26.982768,0.9994433
26.984157,0.9994779
26.985546,1.0000981
26.986934,1.0000245
26.988323,0.9998522
26.989712,0.9997129
26.991101,1.0001274
26.992490,1.0006781
26.993879,1.0003912
26.995267,1.0001520
26.996656,1.0000000
26.998045,0.9994079
26.999434,0.9997790
27.000823,0.9999949
27.002212,0.9998213
27.003600,1.0001706
27.004989,0.9997690
27.006378,1.0002205
27.007767,1.0000299
27.009156,1.0000638
27.010545,1.0006110
27.011933,0.9997672
27.013322,0.9999496
27.014711,1.0006588
27.016100,1.0004650
27.017489,1.0000707
27.018878,1.0007607
27.020266,1.0002626
27.021655,1.0001083
27.023044,0.9995427
27.024433,0.9998732
27.025822,0.9998160
27.027211,1.0000482
27.028600,1.0000680
27.029988,0.9999079
27.031377,0.9994245
27.032766,1.0000237
27.034155,0.9999120
27.035544,0.9998881
27.036933,0.9999405
27.038321,1.0004505
27.039710,1.0003354
27.041099,0.9998357
27.042488,1.0000452
27.043877,0.9998206
27.045266,0.9995801
27.046654,0.9999656
27.048043,0.9999539
27.049432,0.9996942
27.050821,0.9995109
27.052210,1.0000100
27.053599,0.9995218
27.054987,0.9995163
27.056376,1.0002462
27.057765,1.0004748
27.059154,1.0001316
27.060543,0.9998620
27.061932,0.9996944
27.063320,0.9996400
27.064709,1.0000952
27.066098,0.9996771
27.067487,0.9993006
27.068876,0.9998638
27.070265,0.9995491
27.071654,0.9996574
27.073042,0.9999571
27.074431,1.0001846
27.075820,0.9993550
27.077209,0.9997590
27.078598,0.9994708
27.079987,0.9996359
27.081375,1.0006432
27.082764,1.0001156
27.084153,1.0002397
27.085542,1.0000563
27.086931,1.0002462
27.088320,1.0002695
27.089708,0.9996531
27.091097,0.9994333
27.092486,1.0001494
27.093875,0.9999950
27.095264,1.0002075
27.096653,1.0000105
27.098041,0.9995679
27.099430,0.9999730
27.100819,1.0001795
27.102208,1.0003717
27.103597,0.9999074
27.104986,1.0004495
27.106374,0.9997907
27.107763,0.9998733
27.109152,0.9997705
27.110541,1.0002357
27.111930,0.9997862
27.113319,0.9994856
27.114708,0.9991334
27.116096,0.9996476
27.117485,0.9997813
27.118874,0.9997589
27.120263,1.0001022
27.121652,1.0003318
27.123041,1.0003677
27.124429,1.0002242
27.125818,1.0002797
27.127207,0.9998843
27.128596,0.9996990
27.129985,0.9999411
27.131374,0.9999718
27.132762,0.9999168
27.134151,1.0000805
27.135540,0.9999383
27.136929,1.0001436
27.138318,1.0002707
27.139707,1.0003804
27.141095,1.0000351
27.142484,1.0000035
27.143873,0.9999751
27.145262,0.9999989
27.146651,1.0004721
27.148040,1.0001261
27.149429,1.0000482
27.150817,0.9997852
27.152206,1.0003057
27.153595,0.9998707
27.154984,1.0000779
27.156373,0.9994996
27.157762,1.0000469
27.159150,1.0003704
27.160539,0.9997358
27.161928,1.0002695
27.163317,1.0003803
27.164706,1.0001618
27.166095,1.0000608
27.167483,1.0000332
27.168872,1.0000798
27.170261,1.0001385
27.171650,0.9994303
27.173039,0.9995176
27.174428,0.9996245
27.175816,0.9997398
27.177205,1.0001703
27.178594,0.9999079
27.179983,1.0001116
27.181372,0.9994827
27.182761,0.9997715
27.184149,0.9994829
27.185538,1.0000757
27.186927,0.9999941
27.188316,1.0002643
27.189705,0.9996287
27.191094,0.9999693
27.192483,1.0001156
27.193871,1.0003595
27.195260,0.9994237
27.196649,1.0000511
27.198038,1.0002863
27.199427,1.0002467
27.200816,1.0002270
27.202204,1.0001124
27.203593,1.0003955
27.204982,1.0000038
27.206371,1.0004360
27.207760,0.9999251
27.209149,1.0001774
27.210537,1.0001356
27.211926,0.9997050
27.213315,0.9997743
27.214704,0.9998247
27.216093,1.0005758
27.217482,0.9999924
27.218870,1.0004887
27.220259,0.9998231
27.221648,1.0000790
27.223037,0.9997334
27.224426,0.9997274
27.225815,0.9999913
27.227203,0.9993109
27.228592,1.0000204
27.229981,0.9996456
27.231370,0.9998411
27.232759,0.9999635
27.234148,0.9998636
27.235537,0.9998240
27.236925,1.0003600
27.238314,0.9997099
27.239703,0.9997671
27.241092,0.9996623
27.242481,1.0001826
27.243870,1.0002488
27.245258,1.0000166
27.246647,1.0002165
27.248036,0.9994288
27.249425,0.9998006
27.250814,0.9996302
27.252203,1.0001752
27.253591,0.9999480
27.254980,0.9999904
27.256369,1.0002018
27.257758,0.9999363
27.259147,1.0000709
27.260536,1.0002947
27.261924,1.0001060
27.263313,1.0006466
27.264702,0.9998750
27.266091,1.0001339
27.267480,1.0008272
27.268869,1.0000075
27.270257,1.0006664
27.271646,0.9999306
27.273035,1.0005043
27.274424,1.0004679
27.275813,1.0003332
27.277202,0.9997564
27.278591,0.9993204
27.279979,1.0004807
27.281368,1.0003970
27.282757,1.0001831
27.284146,1.0000273
27.285535,1.0000008
27.286924,1.0005016
27.288312,0.9996223
27.289701,1.0003349
27.291090,0.9997723
27.292479,0.9997170
27.293868,1.0001278
27.295257,1.0004887
27.296645,1.0003400
27.298034,0.9995555
27.299423,0.9993089
27.300812,1.0011020
27.302201,0.9997347
27.303590,0.9994688
27.304978,0.9996411
27.306367,1.0003934
27.307756,1.0006733
27.309145,0.9996815
27.310534,0.9996265
27.311923,1.0000769
27.313312,1.0001590
27.314700,1.0001382
27.316089,1.0000553
27.317478,0.9995438
27.318867,0.9997509
27.320256,1.0000213
27.321645,0.9996106
27.323033,0.9998770
27.324422,0.9998073
27.325811,1.0000425
27.327200,1.0001079
27.328589,0.9993430
27.329978,0.9998299
27.331366,1.0000619
27.332755,0.9998878
27.334144,0.9998749
27.335533,1.0000149
27.336922,1.0000010
27.338311,1.0004325
27.339699,1.0005267
27.341088,1.0010785
27.342477,1.0003682
27.343866,1.0004014
27.345255,1.0000141
27.346644,1.0003394
27.348032,1.0002389
27.349421,1.0000250
27.350810,0.9996111
27.352199,0.9996801
27.353588,0.9997909
27.354977,0.9999282
27.356366,1.0003540
27.357754,0.9999911
27.359143,0.9996356
27.360532,0.9999696
27.361921,0.9998580
27.363310,1.0000015
27.364699,0.9997941
27.366087,0.9996631
27.367476,0.9998744
27.368865,1.0005282
27.370254,0.9999005
27.371643,0.9997424
27.373032,1.0002136
27.374420,1.0002424
27.375809,0.9999671
27.377198,0.9998392
27.378587,0.9999787
27.379976,0.9994406
27.381365,0.9994414
27.382753,0.9999836
27.384142,1.0002521
27.385531,0.9999266
27.386920,1.0000160
27.388309,1.0000551
27.389698,1.0002385
27.391086,0.9997426
27.392475,0.9999616
27.393864,0.9997836
27.395253,0.9992372
27.396642,0.9999761
27.398031,0.9996304
27.399420,1.0000048
27.400808,0.9998838
27.402197,0.9996011
27.403586,1.0000683
27.404975,1.0003066
27.406364,1.0004503
27.407753,1.0000634
27.409141,1.0001701
27.410530,1.0001876
27.411919,1.0000402
27.413308,1.0000635
27.414697,0.9995855
27.416086,1.0000945
27.417474,1.0004439
27.418863,0.9999949
27.420252,1.0002146
27.421641,1.0004436
27.423030,1.0002373
27.424419,1.0000441
27.425807,0.9999920
27.427196,1.0005217
27.428585,0.9997925
27.429974,0.9997365
27.431363,0.9996203
27.432752,1.0000216
27.434141,0.9998339
27.435529,0.9998923
27.436918,1.0006594
27.438307,0.9996570
27.439696,1.0003405
27.441085,0.9998624
27.442474,0.9998528
27.443862,1.0000368
27.445251,0.9999604
27.446640,1.0000334
27.448029,1.0004610
27.449418,0.9999686
27.450807,1.0004081
27.452195,1.0008921
27.453584,1.0002216
27.454973,1.0001395
27.456362,0.9999294
27.457751,1.0000585
27.459140,1.0001413
27.460528,0.9997143
27.461917,0.9998525
27.463306,1.0002343
27.464695,1.0001220
27.466084,1.0002487
27.467473,1.0001755
27.468861,0.9997041
27.470250,0.9994734
27.471639,0.9996622
27.473028,0.9996008
27.474417,0.9998906
27.475806,0.9999177
27.477195,1.0004023
27.478583,0.9995047
27.479972,0.9998202
27.481361,0.9991874
27.482750,1.0001047
27.484139,1.0000763
27.485528,1.0000501
27.486916,0.9998259
27.488305,0.9997705
27.489694,0.9997105
27.491083,1.0004256
27.492472,0.9993921
27.493861,0.9999994
27.495249,0.9997886
27.496638,1.0001274
27.498027,1.0005323
27.499416,1.0003244
27.500805,0.9999426
27.502194,0.9999627
27.503582,0.9999447
27.504971,1.0004036
27.506360,0.9999525
27.507749,1.0001870
27.509138,1.0000716
27.510527,1.0001790
27.511915,1.0002639
27.513304,0.9999513
27.514693,1.0000711
27.516082,1.0005900
27.517471,0.9996379
27.518860,1.0003160
27.520249,0.9998806
27.521637,1.0003107
27.523026,0.9999388
27.524415,1.0000423
27.525804,1.0000592
27.527193,1.0004307
27.528582,0.9996799
27.529970,0.9998580
27.531359,0.9996621
27.532748,1.0005111
27.534137,0.9997961
27.535526,0.9999961
27.536915,1.0005062
27.538303,0.9997576
27.539692,0.9998282
27.541081,1.0000285
27.542470,1.0000346
27.543859,1.0000326
27.545248,1.0002717
27.546636,1.0004120
27.548025,1.0005451
27.549414,1.0002048
27.550803,1.0007314
27.552192,0.9995114
27.553581,1.0002571
27.554970,1.0003627
27.556358,0.9996390
27.557747,1.0001121
27.559136,1.0007189
27.560525,1.0000438
27.561914,0.9997782
27.563303,1.0004012
27.564691,0.9997256
27.566080,1.0001436
27.567469,0.9999402
27.568858,0.9999399
27.570247,1.0001004
27.571636,1.0006245
27.573024,0.9999512
27.574413,1.0002925
27.575802,1.0000201
27.577191,0.9998115
27.578580,0.9998568
27.579969,1.0002804
27.581357,0.9998296
27.582746,1.0006546
27.584135,0.9998325
27.585524,1.0004552
27.586913,0.9997963
27.588302,0.9997310
27.589690,1.0003779
27.591079,0.9998769
27.592468,0.9998450
27.593857,0.9998144
27.595246,0.9993385
27.596635,1.0001602
27.598024,0.9995538
27.599412,0.9999263
27.600801,1.0003076
27.602190,1.0000922
27.603579,0.9995775
27.604968,0.9999758
27.606357,1.0002835
27.607745,0.9997807
27.609134,1.0006040
27.610523,1.0000822
27.611912,1.0003280
27.613301,1.0000054
27.614690,1.0001796
27.616078,0.9994494
27.617467,0.9998407
27.618856,1.0007502
27.620245,0.9995231
27.621634,1.0001445
27.623023,0.9996221
27.624411,0.9999412
27.625800,0.9995650
27.627189,1.0004570
27.628578,1.0002667
27.629967,1.0001195
27.631356,1.0003910
27.632744,1.0007592
27.634133,0.9999464
27.635522,1.0000505
27.636911,1.0003566
27.638300,1.0001537
27.639689,0.9998086
27.641078,1.0002286
27.642466,0.9997412
27.643855,1.0000142
27.645244,1.0007776
27.646633,1.0001752
27.648022,0.9997689
27.649411,1.0004567
27.650799,1.0001120
27.652188,1.0000963
27.653577,0.9996949
27.654966,0.9996356
27.656355,1.0002486
27.657744,1.0002804
27.659132,0.9999682
27.660521,0.9998707
27.661910,1.0000116
27.663299,0.9998344
27.664688,1.0003206
27.666077,0.9998149
27.667465,1.0000005
27.668854,0.9998149
27.670243,0.9999418
27.671632,0.9998747
27.673021,1.0003003
27.674410,1.0005896
27.675798,1.0000400
27.677187,1.0002419
27.678576,0.9993605
27.679965,0.9998094
27.681354,0.9998424
27.682743,1.0000535
27.684132,1.0004209
27.685520,0.9997190
27.686909,0.9999786
27.688298,1.0003904
27.689687,0.9997864
27.691076,1.0001562
27.692465,1.0005429
27.693853,0.9995327
27.695242,0.9998705
27.696631,0.9998863
27.698020,1.0001722
27.699409,1.0000769
27.700798,0.9998343
27.702186,0.9998084
27.703575,1.0006574
27.704964,0.9995989
27.706353,1.0004498
27.707742,0.9998168
27.709131,0.9997394
27.710519,0.9996880
27.711908,0.9998733
27.713297,0.9999355
27.714686,0.9996608
27.716075,1.0001737
27.717464,0.9999787
27.718853,1.0001120
27.720241,0.9996924
27.721630,1.0004611
27.723019,0.9993691
27.724408,1.0003097
27.725797,1.0001927
27.727186,0.9998730
27.728574,0.9995148
27.729963,1.0000891
27.731352,0.9997801
27.732741,1.0003579
27.734130,0.9999156
27.735519,1.0000093
27.736907,0.9993918
27.738296,1.0002859
27.739685,0.9998799
27.741074,1.0001590
27.742463,1.0000197
27.743852,0.9999631
27.745240,0.9993925
27.746629,1.0001820
27.748018,0.9993760
27.749407,1.0000268
27.750796,1.0001641
27.752185,0.9994310
27.753573,1.0001859
27.754962,0.9997352
27.756351,0.9999694
27.757740,1.0002597
27.759129,1.0000693
27.760518,1.0002954
27.761907,1.0002781
27.763295,0.9998335
27.764684,0.9999809
27.766073,0.9997957
27.767462,0.9995071
27.768851,1.0005582
27.770240,0.9999394
27.771628,1.0000930
27.773017,1.0004904
27.774406,1.0004131
27.775795,1.0005654
27.777184,1.0003115
27.778573,0.9999594
27.779961,0.9999890
27.781350,1.0000355
27.782739,0.9999160
27.784128,1.0002452
27.785517,1.0002505
27.786906,0.9999066
27.788294,0.9999348
27.789683,0.9998840
27.791072,0.9995670
27.792461,1.0001253
27.793850,0.9994693
27.795239,1.0000218
27.796627,0.9998322
27.798016,1.0005780
27.799405,1.0001841
27.800794,1.0002260
27.802183,1.0002284
27.803572,0.9993549
27.804961,1.0006055
27.806349,1.0000414
27.807738,0.9999849
27.809127,1.0002048
27.810516,1.0001256
27.811905,0.9998160
27.813294,1.0002542
27.814682,0.9998171
27.816071,1.0004086
27.817460,1.0004868
27.818849,0.9997569
27.820238,1.0001978
27.821627,1.0001418
27.823015,1.0003627
27.824404,0.9995692
27.825793,0.9999242
27.827182,0.9998855
27.828571,1.0001831
27.829960,0.9996747
27.831348,1.0000926
27.832737,0.9998532
27.834126,1.0002505
27.835515,0.9997242
27.836904,1.0003498
27.838293,1.0001183
27.839681,0.9996655
27.841070,0.9999569
27.842459,1.0003778
27.843848,1.0000926
27.845237,1.0000083
27.846626,1.0000517
27.848015,0.9994202
27.849403,0.9998202
27.850792,0.9991943
27.852181,0.9995634
27.853570,1.0000763
27.854959,0.9996199
27.856348,0.9999044
27.857736,0.9997524
27.859125,0.9998296
27.860514,1.0000069
27.861903,0.9999437
27.863292,1.0001092
27.864681,1.0000939
27.866069,0.9998137
27.867458,0.9995072
27.868847,0.9998907
27.870236,0.9997120
27.871625,0.9997364
27.873014,0.9994986
27.874402,0.9994891
27.875791,1.0001716
27.877180,0.9995327
27.878569,0.9999459
27.879958,1.0000509
