# TOI-270, TESS 2-minute cadence, TESS Sector 03
# time is days from the first measurement, flux is normalised
time,flux
0.000000,0.9979512
0.001389,1.0002965
0.002778,1.0009974
0.004167,1.0015889
0.005556,0.9988601
0.006945,0.9998970
0.008334,1.0009350
0.009722,0.9996507
0.011111,0.9974392
0.012500,1.0011877
0.013889,0.9983555
0.015278,1.0010960
0.016667,1.0006512
0.018056,0.9995977
0.019445,1.0005228
0.020834,1.0000482
0.022223,0.9994526
0.023612,0.9984169
0.025001,1.0003252
0.026389,0.9995879
0.027778,1.0021665
0.029167,0.9987263
0.030556,0.9992903
0.031945,1.0002380
0.033334,0.9983867
0.034723,0.9984136
0.036112,0.9980433
0.037501,1.0013047
0.038890,1.0009852
0.040279,1.0000064
0.041668,0.9986678
0.043056,1.0006963
0.044445,0.9990301
0.045834,0.9981732
0.047223,1.0007466
0.048612,1.0014543
0.050001,0.9995962
0.051390,0.9993098
0.052779,0.9994953
0.054168,0.9978620
0.055557,0.9986640
0.056946,0.9995205
0.058335,1.0008195
0.059723,0.9989573
0.061112,1.0001765
0.062501,1.0016256
0.063890,0.9997913
0.065279,0.9997403
0.066668,1.0003002
0.068057,0.9985305
0.069446,1.0002801
0.070835,1.0019715
0.072224,0.9979927
0.073613,0.9979925
0.075002,0.9995018
0.076391,1.0007941
0.077779,0.9999074
0.079168,1.0000239
0.080557,1.0022205
0.081946,0.9995152
0.083335,0.9996151
0.084724,1.0011688
0.086113,1.0000308
0.087502,0.9991437
0.088891,1.0020492
0.090280,0.9990735
0.091669,1.0008682
0.093058,0.9995179
0.094446,0.9994913
0.095835,1.0013398
0.097224,1.0029684
0.098613,1.0028389
0.100002,0.9996828
0.101391,0.9988426
0.102780,1.0004845
0.104169,0.9986241
0.105558,1.0011682
0.106947,1.0010260
0.108336,1.0003462
0.109725,0.9994548
0.111113,1.0012665
0.112502,0.9989986
0.113891,0.9998550
0.115280,1.0012179
0.116669,0.9992171
0.118058,0.9998503
0.119447,0.9992929
0.120836,0.9989917
0.122225,1.0010047
0.123614,1.0001337
0.125003,1.0006056
0.126392,1.0008611
0.127780,1.0001925
0.129169,1.0005169
0.130558,0.9983856
0.131947,1.0005241
0.133336,1.0014968
0.134725,1.0001670
0.136114,0.9993286
0.137503,0.9999572
0.138892,1.0025431
0.140281,0.9996386
0.141670,0.9995228
0.143059,0.9988425
0.144448,1.0002329
0.145836,0.9983722
0.147225,0.9990275
0.148614,0.9998777
0.150003,1.0012826
0.151392,1.0026712
0.152781,1.0001914
0.154170,0.9998097
0.155559,1.0010774
0.156948,1.0018265
0.158337,0.9990798
0.159726,0.9995619
0.161115,0.9984518
0.162503,0.9985962
0.163892,0.9983246
0.165281,1.0011502
0.166670,0.9977712
0.168059,0.9985410
0.169448,0.9994562
0.170837,0.9993688
0.172226,0.9991592
0.173615,1.0005501
0.175004,1.0011065
0.176393,0.9990645
0.177782,1.0006908
0.179170,1.0005763
0.180559,1.0002066
0.181948,1.0008505
0.183337,0.9991672
0.184726,0.9996985
0.186115,1.0005677
0.187504,1.0005268
0.188893,1.0023983
0.190282,1.0008680
0.191671,1.0002662
0.193060,1.0007345
0.194449,1.0008360
0.195837,1.0008662
0.197226,0.9974975
0.198615,1.0021393
0.200004,0.9997038
0.201393,1.0010524
0.202782,1.0016614
0.204171,0.9984109
0.205560,0.9991414
0.206949,1.0020180
0.208338,1.0003757
0.209727,0.9991237
0.211116,1.0017327
0.212504,0.9994801
0.213893,0.9994010
0.215282,0.9987932
0.216671,1.0011294
0.218060,0.9996026
0.219449,0.9993628
0.220838,0.9988847
0.222227,0.9996660
0.223616,1.0003532
0.225005,0.9992575
0.226394,1.0009829
0.227783,0.9998331
0.229172,0.9999365
0.230560,0.9993317
0.231949,1.0022024
0.233338,0.9996130
0.234727,0.9992435
0.236116,1.0026509
0.237505,0.9996400
0.238894,0.9999875
0.240283,0.9986861
0.241672,0.9992165
0.243061,0.9998535
0.244450,1.0010465
0.245839,1.0014028
0.247227,1.0003571
0.248616,0.9994895
0.250005,1.0003584
0.251394,0.9989644
0.252783,1.0004953
0.254172,0.9969546
0.255561,1.0013320
0.256950,1.0006430
0.258339,0.9990764
0.259728,0.9983358
0.261117,1.0003785
0.262506,0.9979850
0.263894,0.9981512
0.265283,0.9990149
0.266672,1.0009969
0.268061,1.0009880
0.269450,1.0007842
0.270839,1.0005951
0.272228,1.0017783
0.273617,0.9998459
0.275006,0.9993913
0.276395,1.0010288
0.277784,1.0001745
0.279173,1.0019061
0.280561,0.9998334
0.281950,1.0005799
0.283339,0.9998638
0.284728,1.0007952
0.286117,1.0000705
0.287506,0.9992656
0.288895,0.9989518
0.290284,1.0008018
0.291673,0.9998937
0.293062,1.0014770
0.294451,0.9989964
0.295840,1.0012593
0.297229,0.9991718
0.298617,0.9997632
0.300006,1.0019019
0.301395,0.9987182
0.302784,1.0006870
0.304173,1.0008525
0.305562,1.0002498
0.306951,0.9978717
0.308340,1.0011922
0.309729,0.9993377
0.311118,1.0024596
0.312507,0.9992462
0.313896,0.9985748
0.315284,1.0019044
0.316673,1.0012647
0.318062,1.0015394
0.319451,1.0000144
0.320840,0.9999773
0.322229,0.9998805
0.323618,1.0007505
0.325007,1.0013047
0.326396,0.9987274
0.327785,1.0010312
0.329174,0.9981005
0.330563,0.9996874
0.331951,0.9981880
0.333340,0.9998801
0.334729,0.9986510
0.336118,1.0012371
0.337507,1.0016622
0.338896,0.9964994
0.340285,0.9997205
0.341674,0.9996561
0.343063,0.9994606
0.344452,0.9995085
0.345841,0.9976135
0.347230,0.9992939
0.348618,0.9976437
0.350007,0.9990831
0.351396,1.0011215
0.352785,0.9982357
0.354174,1.0006838
0.355563,0.9996207
0.356952,1.0015804
0.358341,0.9988870
0.359730,0.9992365
0.361119,0.9993824
0.362508,0.9988659
0.363897,1.0006151
0.365285,1.0008417
0.366674,0.9992073
0.368063,0.9986414
0.369452,0.9965072
0.370841,0.9993517
0.372230,0.9996207
0.373619,0.9995282
0.375008,0.9996573
0.376397,0.9987364
0.377786,1.0023666
0.379175,0.9998671
0.380564,1.0012381
0.381953,1.0008953
0.383341,1.0003271
0.384730,1.0004391
0.386119,0.9986415
0.387508,1.0007089
0.388897,0.9999366
0.390286,1.0008027
0.391675,1.0008768
0.393064,1.0001717
0.394453,1.0017877
0.395842,0.9992992
0.397231,0.9984761
0.398620,0.9983200
0.400008,0.9990754
0.401397,1.0003172
0.402786,1.0018964
0.404175,0.9996375
0.405564,0.9999159
0.406953,1.0002494
0.408342,0.9999615
0.409731,1.0015972
0.411120,0.9990926
0.412509,0.9999356
0.413898,1.0024761
0.415287,0.9977243
0.416675,1.0003096
0.418064,1.0000697
0.419453,1.0000624
0.420842,1.0005052
0.422231,1.0004936
0.423620,0.9986018
0.425009,0.9983273
0.426398,1.0035765
0.427787,0.9984756
0.429176,1.0017384
0.430565,1.0033098
0.431954,1.0022056
0.433342,1.0002424
0.434731,0.9997964
0.436120,0.9999827
0.437509,0.9981369
0.438898,0.9965961
0.440287,0.9982637
0.441676,0.9998620
0.443065,0.9981249
0.444454,1.0006937
0.445843,1.0004307
0.447232,1.0003949
0.448621,1.0007982
0.450009,0.9993874
0.451398,0.9999813
0.452787,1.0009558
0.454176,0.9994492
0.455565,1.0004971
0.456954,1.0025373
0.458343,0.9994729
0.459732,1.0002948
0.461121,0.9981499
0.462510,1.0012228
0.463899,1.0018318
0.465288,0.9992334
0.466677,1.0005977
0.468065,0.9979410
0.469454,1.0024182
0.470843,0.9979631
0.472232,0.9994647
0.473621,0.9995615
0.475010,0.9988357
0.476399,1.0000228
0.477788,0.9985426
0.479177,0.9984067
0.480566,0.9974057
0.481955,0.9999955
0.483344,1.0014770
0.484732,1.0010425
0.486121,1.0007513
0.487510,1.0014796
0.488899,1.0014033
0.490288,1.0007355
0.491677,1.0005622
0.493066,0.9978108
0.494455,1.0000924
0.495844,0.9999323
0.497233,1.0004076
0.498622,0.9998400
0.500011,0.9997055
0.501399,1.0001716
0.502788,0.9996019
0.504177,1.0002334
0.505566,1.0015027
0.506955,1.0011227
0.508344,0.9998518
0.509733,1.0008477
0.511122,1.0002981
0.512511,1.0010450
0.513900,1.0001641
0.515289,1.0011108
0.516678,1.0014835
0.518066,0.9978698
0.519455,1.0002331
0.520844,0.9995046
0.522233,1.0025530
0.523622,0.9991838
0.525011,1.0001552
0.526400,0.9993429
0.527789,0.9995989
0.529178,1.0007798
0.530567,0.9978064
0.531956,0.9983399
0.533345,0.9968938
0.534733,1.0025362
0.536122,0.9972317
0.537511,0.9996945
0.538900,0.9995209
0.540289,0.9993234
0.541678,1.0022019
0.543067,1.0001709
0.544456,1.0001921
0.545845,1.0015025
0.547234,1.0006881
0.548623,1.0009555
0.550012,1.0006433
0.551400,1.0028166
0.552789,1.0020886
0.554178,0.9982302
0.555567,1.0007325
0.556956,1.0018708
0.558345,0.9991082
0.559734,0.9994739
0.561123,1.0016874
0.562512,0.9994586
0.563901,1.0009165
0.565290,1.0035137
0.566679,1.0009805
0.568068,1.0011549
0.569456,1.0000751
0.570845,1.0007626
0.572234,1.0004944
0.573623,0.9990372
0.575012,1.0005830
0.576401,1.0028621
0.577790,0.9992708
0.579179,0.9988739
0.580568,1.0008064
0.581957,1.0003481
0.583346,1.0002180
0.584735,0.9992527
0.586123,0.9989789
0.587512,0.9998815
0.588901,0.9986846
0.590290,1.0015537
0.591679,0.9978548
0.593068,1.0014789
0.594457,0.9997964
0.595846,0.9994464
0.597235,1.0004705
0.598624,0.9993185
0.600013,1.0012148
0.601402,0.9978940
0.602790,0.9987059
0.604179,1.0017090
0.605568,0.9982380
0.606957,1.0011899
0.608346,1.0021484
0.609735,1.0008246
0.611124,0.9996701
0.612513,0.9994502
0.613902,1.0015677
0.615291,0.9989509
0.616680,0.9986787
0.618069,0.9993570
0.619457,0.9993874
0.620846,1.0009202
0.622235,1.0009347
0.623624,0.9994513
0.625013,1.0011287
0.626402,0.9981782
0.627791,1.0009291
0.629180,0.9992643
0.630569,0.9990118
0.631958,1.0003336
0.633347,0.9984183
0.634736,1.0004016
0.636124,0.9998990
0.637513,0.9990815
0.638902,1.0016100
0.640291,0.9994973
0.641680,1.0004952
0.643069,1.0009512
0.644458,0.9990610
0.645847,1.0008349
0.647236,0.9989353
0.648625,1.0003154
0.650014,1.0015211
0.651403,1.0008885
0.652791,1.0007017
0.654180,1.0013681
0.655569,0.9987207
0.656958,0.9989355
0.658347,1.0016251
0.659736,1.0013959
0.661125,1.0004703
0.662514,1.0008904
0.663903,0.9994644
0.665292,0.9991725
0.666681,0.9979913
0.668070,0.9991083
0.669458,1.0005099
0.670847,1.0013161
0.672236,0.9998068
0.673625,0.9997343
0.675014,0.9978948
0.676403,1.0022736
0.677792,1.0016978
0.679181,0.9986245
0.680570,1.0018084
0.681959,1.0017133
0.683348,1.0012257
0.684737,1.0009904
0.686126,0.9983797
0.687514,0.9995934
0.688903,0.9998619
0.690292,1.0036047
0.691681,1.0008469
0.693070,1.0008809
0.694459,0.9978660
0.695848,1.0015849
0.697237,1.0004726
0.698626,0.9976452
0.700015,0.9999319
0.701404,0.9976751
0.702793,0.9992707
0.704181,0.9982086
0.705570,0.9985966
0.706959,0.9998235
0.708348,0.9987000
0.709737,1.0006244
0.711126,0.9991742
0.712515,1.0039808
0.713904,0.9973942
0.715293,0.9992109
0.716682,0.9989353
0.718071,1.0021566
0.719460,1.0009457
0.720848,0.9999384
0.722237,1.0014467
0.723626,1.0003017
0.725015,1.0008867
0.726404,0.9996158
0.727793,0.9986546
0.729182,1.0003165
0.730571,0.9988597
0.731960,1.0003457
0.733349,1.0007134
0.734738,1.0018520
0.736127,1.0011862
0.737515,1.0014327
0.738904,1.0021211
0.740293,1.0012015
0.741682,0.9993755
0.743071,1.0003864
0.744460,0.9994622
0.745849,0.9994234
0.747238,1.0007041
0.748627,0.9993542
0.750016,0.9988769
0.751405,0.9993562
0.752794,0.9991911
0.754182,0.9970676
0.755571,0.9999333
0.756960,0.9977667
0.758349,0.9998078
0.759738,1.0008880
0.761127,0.9966245
0.762516,1.0025814
0.763905,0.9984242
0.765294,0.9993294
0.766683,0.9988240
0.768072,1.0008031
0.769461,0.9999310
0.770849,1.0011849
0.772238,1.0016941
0.773627,0.9989849
0.775016,1.0032231
0.776405,0.9989409
0.777794,1.0011222
0.779183,1.0005552
0.780572,0.9978030
0.781961,1.0002710
0.783350,1.0004357
0.784739,0.9976319
0.786128,0.9989565
0.787516,1.0001723
0.788905,0.9996867
0.790294,1.0005557
0.791683,0.9988173
0.793072,0.9993949
0.794461,0.9998377
0.795850,0.9982579
0.797239,0.9986879
0.798628,0.9995202
0.800017,1.0007318
0.801406,1.0025462
0.802795,0.9971596
0.804184,1.0002872
0.805572,1.0000452
0.806961,0.9991261
0.808350,1.0021181
0.809739,1.0006329
0.811128,0.9987818
0.812517,0.9988811
0.813906,1.0009419
0.815295,1.0007495
0.816684,0.9999868
0.818073,1.0007918
0.819462,0.9989043
0.820851,0.9986924
0.822239,1.0022451
0.823628,1.0007279
0.825017,0.9993252
0.826406,0.9999744
0.827795,1.0000272
0.829184,1.0018786
0.830573,1.0038637
0.831962,0.9992584
0.833351,0.9990973
0.834740,1.0008064
0.837518,1.0001326
0.838906,0.9987488
0.840295,0.9977211
0.841684,1.0009053
0.843073,1.0010347
0.844462,0.9991959
0.845851,1.0011494
0.847240,1.0004122
0.848629,1.0011519
0.850018,0.9997109
0.851407,0.9996961
0.852796,0.9997985
0.854185,1.0017413
0.855573,1.0009149
0.856962,1.0024381
0.858351,0.9991662
0.859740,1.0013340
0.861129,0.9991962
0.862518,0.9994937
0.863907,1.0012836
0.865296,1.0018409
0.866685,1.0011765
0.868074,0.9991276
0.869463,1.0011214
0.870852,0.9995274
0.872240,1.0011562
0.873629,0.9998115
0.875018,1.0035578
0.876407,1.0011182
0.877796,1.0009784
0.879185,0.9999854
0.880574,1.0009576
0.881963,1.0010757
0.883352,0.9999547
0.884741,0.9993234
0.886130,1.0012065
0.887519,1.0005368
0.888907,0.9999935
0.890296,0.9994818
0.891685,0.9998837
0.893074,1.0003433
0.894463,0.9996337
0.895852,0.9992589
0.897241,0.9988439
0.898630,0.9995451
0.900019,1.0015361
0.901408,1.0002458
0.902797,0.9979483
0.904186,0.9995774
0.905574,0.9971004
0.906963,1.0021539
0.908352,0.9992038
0.909741,0.9997750
0.911130,1.0009524
0.912519,1.0009148
0.913908,1.0004826
0.915297,1.0003540
0.916686,1.0008750
0.918075,0.9988913
0.919464,0.9984022
0.920853,0.9998407
0.922241,0.9998669
0.923630,1.0001242
0.925019,0.9982519
0.926408,1.0004958
0.927797,1.0004021
0.929186,0.9993130
0.930575,0.9995916
0.931964,0.9985464
0.933353,1.0018428
0.934742,1.0007011
0.936131,1.0011505
0.937520,1.0009434
0.938908,1.0011352
0.940297,1.0002951
0.941686,0.9992491
0.943075,0.9991191
0.944464,0.9992633
0.945853,1.0022891
0.947242,1.0010098
0.948631,0.9999661
0.950020,0.9993793
0.951409,0.9984401
0.952798,1.0020748
0.954187,1.0006680
0.955576,1.0008957
0.956964,0.9973560
0.958353,1.0004697
0.959742,0.9999332
0.961131,1.0006791
0.962520,1.0014539
0.963909,1.0000144
0.965298,1.0003584
0.966687,1.0000453
0.968076,0.9993426
0.969465,1.0028306
0.970854,1.0002055
0.972243,1.0003599
0.973631,0.9995979
0.975020,1.0004146
0.976409,0.9988498
0.977798,1.0010742
0.979187,0.9996839
0.980576,0.9988330
0.981965,0.9985255
0.983354,1.0002919
0.984743,0.9987349
0.986132,0.9998861
0.987521,1.0001334
0.988910,1.0013422
0.990298,0.9981387
0.991687,0.9983559
0.993076,1.0004707
0.994465,0.9993235
0.995854,1.0015238
0.997243,0.9986411
0.998632,0.9990054
1.000021,1.0008588
1.001410,0.9992016
1.002799,1.0003403
1.004188,1.0007421
1.005577,1.0002373
1.006965,1.0007512
1.008354,1.0021380
1.009743,0.9993613
1.011132,0.9984695
1.012521,0.9991797
1.013910,0.9983868
1.015299,0.9999388
1.016688,0.9993660
1.018077,0.9983514
1.019466,0.9997271
1.020855,0.9995489
1.022244,0.9995707
1.023632,0.9992828
1.025021,0.9997980
1.026410,0.9994108
1.027799,0.9997303
1.029188,0.9988871
1.030577,0.9996560
1.031966,0.9997369
1.033355,1.0001778
1.034744,0.9989862
1.036133,0.9996711
1.037522,1.0013454
1.038911,1.0009562
1.040299,1.0008200
1.041688,1.0004902
1.044466,1.0011652
1.045855,1.0013643
1.047244,1.0001954
1.048633,0.9982863
1.050022,1.0005099
1.051411,0.9991335
1.052800,0.9988744
1.054189,0.9999694
1.055578,0.9985963
1.056966,1.0008306
1.058355,0.9987123
1.059744,0.9985617
1.061133,1.0017039
1.062522,0.9980570
1.063911,0.9986643
1.065300,1.0004215
1.066689,1.0007744
1.068078,1.0006049
1.069467,1.0000966
1.070856,0.9997726
1.072245,1.0007476
1.073633,0.9984215
1.075022,0.9956305
1.076411,0.9990142
1.077800,0.9996759
1.079189,0.9998687
1.080578,0.9989328
1.081967,1.0010696
1.083356,1.0000073
1.084745,1.0004016
1.086134,1.0013616
1.087523,1.0010763
1.088912,1.0004805
1.090300,0.9967515
1.091689,1.0013274
1.093078,1.0005664
1.094467,0.9988836
1.095856,0.9990523
1.097245,1.0005310
1.098634,1.0003945
1.100023,1.0019605
1.101412,0.9991523
1.102801,0.9997683
1.104190,0.9995474
1.105579,0.9997275
1.106967,0.9971787
1.108356,0.9993360
1.109745,1.0006898
1.111134,0.9964079
1.112523,0.9990575
1.113912,1.0001643
1.115301,1.0010588
1.116690,0.9998887
1.118079,0.9988904
1.119468,1.0010946
1.120857,1.0020502
1.122246,1.0015424
1.123634,0.9976322
1.125023,1.0019787
1.126412,0.9986282
1.127801,0.9995708
1.129190,1.0005407
1.130579,0.9981630
1.131968,1.0008540
1.133357,0.9978270
1.134746,1.0020263
1.136135,1.0010989
1.137524,0.9992942
1.138913,0.9971426
1.140301,0.9992653
1.141690,0.9988328
1.143079,0.9995386
1.144468,0.9970946
1.145857,0.9993520
1.147246,0.9993859
1.148635,0.9986660
1.150024,1.0002774
1.151413,1.0002958
1.152802,0.9988392
1.154191,0.9980786
1.155580,1.0002274
1.156969,0.9990487
1.158357,0.9967585
1.159746,0.9995409
1.161135,1.0001370
1.162524,1.0007246
1.163913,0.9990636
1.165302,0.9986767
1.166691,1.0007211
1.168080,0.9991186
1.169469,0.9986805
1.170858,1.0011207
1.172247,0.9987467
1.173636,1.0006145
1.175024,1.0017412
1.176413,0.9997258
1.177802,0.9986841
1.179191,1.0012976
1.180580,0.9987844
1.181969,0.9999740
1.183358,1.0010132
1.184747,0.9996788
1.186136,1.0014778
1.187525,0.9992533
1.188914,1.0011384
1.190303,1.0012812
1.191691,0.9980081
1.193080,1.0003769
1.194469,1.0000929
1.195858,0.9992474
1.197247,1.0006988
1.198636,1.0002217
1.200025,0.9988107
1.201414,0.9990296
1.202803,0.9991171
1.204192,0.9998110
1.205581,1.0006719
1.206970,0.9999118
1.208358,0.9999054
1.209747,1.0003862
1.211136,1.0003450
1.212525,1.0007980
1.213914,1.0000764
1.215303,0.9984389
1.216692,1.0029264
1.218081,1.0010413
1.219470,0.9996328
1.220859,0.9995680
1.222248,1.0006298
1.223637,1.0023409
1.225025,0.9990502
1.226414,1.0031148
1.227803,0.9993441
1.229192,0.9972413
1.230581,1.0010780
1.231970,1.0011633
1.233359,1.0017728
1.234748,1.0009951
1.236137,1.0012209
1.237526,1.0006761
1.238915,1.0017496
1.240304,1.0008495
1.241692,0.9993176
1.243081,0.9999995
1.244470,0.9997670
1.245859,1.0026986
1.247248,1.0009021
1.248637,1.0012281
1.250026,1.0024759
1.251415,1.0015970
1.252804,1.0016646
1.254193,1.0014227
1.255582,1.0015554
1.256971,0.9970886
1.258359,0.9987854
1.259748,1.0003451
1.261137,0.9991503
1.262526,0.9990312
1.263915,1.0023083
1.265304,1.0013258
1.266693,1.0023012
1.268082,1.0010500
1.269471,0.9999268
1.270860,0.9988140
1.272249,0.9990318
1.273638,1.0000533
1.275026,0.9988794
1.276415,1.0002051
1.277804,0.9993503
1.279193,0.9978756
1.280582,1.0006203
1.281971,0.9985413
1.283360,0.9972156
1.284749,1.0029799
1.286138,0.9982827
1.287527,0.9989884
1.288916,0.9981469
1.290305,1.0003114
1.291693,1.0015744
1.293082,0.9998860
1.294471,1.0000557
1.295860,0.9992824
1.297249,1.0007604
1.298638,1.0008689
1.300027,1.0001731
1.301416,0.9997668
1.302805,1.0007256
1.304194,1.0021723
1.305583,1.0019977
1.306972,1.0019291
1.308360,1.0003714
1.309749,1.0004817
1.311138,0.9988544
1.312527,0.9988943
1.313916,1.0009645
1.315305,1.0008140
1.316694,0.9989873
1.318083,0.9988547
1.319472,0.9998158
1.320861,1.0000574
1.322250,0.9999530
1.323639,1.0019844
1.325027,0.9987147
1.326416,1.0004528
1.327805,0.9997731
1.329194,1.0015151
1.330583,0.9985244
1.331972,1.0009082
1.333361,0.9993854
1.334750,1.0000766
1.336139,1.0007289
1.337528,0.9988269
1.338917,1.0006383
1.340306,0.9999180
1.341694,0.9991901
1.343083,1.0002937
1.344472,0.9982950
1.345861,1.0007203
1.347250,1.0009454
1.348639,1.0003986
1.350028,0.9998431
1.351417,0.9987635
1.352806,0.9998056
1.354195,1.0008256
1.355584,0.9980930
1.356973,1.0012219
1.358361,1.0004267
1.359750,1.0007233
1.361139,1.0020968
1.362528,1.0002159
1.365306,1.0017938
1.366695,1.0001968
1.368084,0.9982055
1.369473,0.9989171
1.372251,0.9995891
1.373640,1.0005747
1.375028,1.0003059
1.376417,1.0000841
1.379195,1.0012208
1.380584,0.9990288
1.381973,1.0010087
1.383362,0.9991264
1.384751,1.0007656
1.386140,1.0020682
1.387529,0.9996894
1.388918,0.9975402
1.390307,0.9985044
1.391695,0.9984343
1.393084,0.9999452
1.395862,1.0005456
1.397251,0.9984750
1.398640,1.0013229
1.400029,1.0010685
1.401418,1.0012871
1.402807,1.0015512
1.404196,1.0002498
1.405585,0.9978649
1.406974,0.9999769
1.408362,1.0021257
1.409751,0.9967517
1.411140,1.0019242
1.413918,1.0006265
1.415307,1.0023386
1.416696,0.9996655
1.418085,1.0014644
1.419474,1.0000343
1.420863,1.0016446
1.422252,0.9978040
1.423641,0.9993745
1.425029,0.9988269
1.426418,1.0005651
1.427807,0.9997162
1.429196,1.0014753
1.430585,0.9984086
1.431974,1.0000121
1.433363,0.9993647
1.434752,0.9988932
1.436141,1.0006067
1.437530,0.9986586
1.438919,0.9989866
1.440308,1.0018844
1.441696,1.0011049
1.443085,0.9998321
1.444474,0.9978358
1.445863,0.9996174
1.447252,0.9991979
1.448641,1.0012744
1.451419,1.0005437
1.452808,1.0000827
1.454197,1.0009533
1.455586,0.9984196
1.456975,0.9999677
1.458363,1.0020483
1.459752,1.0008967
1.461141,1.0010804
1.462530,1.0017969
1.463919,1.0001157
1.465308,0.9975635
1.466697,1.0006606
1.468086,1.0006654
1.469475,0.9990483
1.470864,0.9991566
1.472253,1.0000185
1.473642,1.0007414
1.475030,0.9997004
1.476419,0.9984110
1.477808,0.9987983
1.479197,0.9992386
1.480586,0.9991570
1.481975,0.9984756
1.483364,0.9997734
1.484753,0.9994520
1.486142,1.0000081
1.487531,0.9979966
1.488920,1.0004249
1.490309,1.0011840
1.491697,1.0003517
1.493086,1.0013994
1.494475,0.9991346
1.495864,0.9979588
1.497253,0.9994286
1.498642,0.9980315
1.500031,1.0019996
1.501420,0.9997825
1.502809,0.9973541
1.504198,1.0018257
1.505587,1.0004360
1.506976,0.9985247
1.508364,1.0002552
1.509753,0.9990364
1.511142,0.9981301
1.512531,1.0010268
1.513920,1.0011559
1.515309,1.0008271
1.516698,1.0019364
1.518087,0.9992309
1.519476,1.0011767
1.520865,1.0008965
1.522254,0.9997769
1.523643,1.0008211
1.525031,1.0022549
1.526420,0.9993793
1.527809,1.0011464
1.529198,1.0003833
1.530587,0.9994850
1.531976,0.9995405
1.533365,1.0019854
1.534754,1.0010950
1.536143,0.9992887
1.537532,1.0021087
1.538921,1.0006204
1.540310,1.0002906
1.541698,0.9987137
1.543087,0.9995888
1.544476,1.0004856
1.545865,1.0005707
1.547254,0.9988310
1.548643,1.0009059
1.550032,0.9990456
1.551421,1.0002215
1.552810,1.0003371
1.554199,0.9976365
1.555588,0.9996676
1.556977,0.9996122
1.558365,0.9993594
1.559754,0.9997993
1.561143,1.0011662
1.562532,1.0012249
1.563921,1.0000414
1.565310,1.0004438
1.566699,1.0001151
1.568088,1.0002154
1.569477,1.0029758
1.570866,0.9991217
1.572255,1.0000098
1.573644,1.0023571
1.575032,0.9989124
1.576421,0.9994687
1.577810,0.9996419
1.579199,1.0013163
1.580588,0.9987255
1.581977,1.0007158
1.583366,0.9990398
1.584755,0.9993086
1.586144,1.0010272
1.587533,0.9978852
1.588922,1.0017816
1.590311,0.9999633
1.591699,0.9986319
1.593088,1.0003029
1.594477,1.0007931
1.595866,1.0005629
1.597255,1.0008690
1.598644,0.9996704
1.600033,1.0001290
1.601422,1.0005319
1.602811,0.9976785
1.604200,1.0004814
1.605589,0.9980681
1.606978,1.0001893
1.608366,1.0000861
1.609755,1.0006096
1.611144,1.0023897
1.612533,0.9983385
1.613922,0.9988896
1.615311,0.9986190
1.616700,1.0012910
1.618089,1.0019073
1.619478,0.9987947
1.620867,1.0029195
1.622256,1.0009113
1.623645,1.0005269
1.625033,0.9993742
1.626422,0.9989183
1.627811,1.0020690
1.629200,1.0011708
1.630589,0.9996818
1.631978,0.9982332
1.633367,1.0007520
1.634756,1.0015476
1.636145,0.9970808
1.637534,0.9995358
1.638923,1.0002817
1.640312,0.9988896
1.641700,0.9985749
1.643089,1.0025667
1.644478,1.0005667
1.645867,1.0026458
1.647256,0.9999501
1.648645,1.0007047
1.650034,0.9996227
1.651423,0.9993577
1.652812,0.9998392
1.654201,0.9994481
1.655590,1.0016680
1.656979,0.9991221
1.658367,0.9987057
1.659756,0.9991588
1.661145,0.9996474
1.662534,1.0005131
1.663923,1.0008482
1.665312,1.0008428
1.666701,0.9983705
1.668090,0.9994894
1.669479,0.9993867
1.670868,1.0014962
1.672257,0.9990168
1.673646,0.9986219
1.675034,1.0020567
1.676423,1.0002977
1.677812,1.0003998
1.679201,0.9966122
1.680590,0.9990882
1.681979,1.0021253
1.683368,0.9994717
1.684757,0.9991731
1.686146,1.0015288
1.687535,0.9986610
1.688924,0.9998664
1.690313,1.0002759
1.691701,0.9999719
1.693090,0.9976379
1.694479,1.0008901
1.695868,0.9994975
1.697257,1.0013036
1.698646,0.9997250
1.700035,0.9968226
1.701424,1.0001790
1.702813,0.9975226
1.704202,0.9975139
1.705591,0.9996618
1.706980,1.0009300
1.708368,1.0017247
1.709757,1.0001324
1.711146,0.9982626
1.712535,0.9993202
1.713924,1.0016202
1.715313,0.9980174
1.716702,1.0006411
1.718091,0.9983472
1.719480,0.9986752
1.720869,0.9985094
1.722258,1.0002964
1.723647,0.9982658
1.725035,0.9973776
1.726424,1.0010687
1.727813,1.0004821
1.729202,1.0005195
1.730591,0.9984720
1.731980,1.0008882
1.733369,0.9995218
1.734758,1.0007880
1.736147,1.0002795
1.737536,1.0014226
1.738925,1.0017842
1.740314,1.0011595
1.741702,1.0013450
1.743091,0.9991067
1.744480,0.9999195
1.745869,1.0000487
1.747258,0.9992648
1.748647,0.9997066
1.750036,1.0012799
1.751425,1.0017089
1.752814,0.9949582
1.754203,1.0005440
1.755592,0.9995488
1.756981,0.9995034
1.758369,0.9980738
1.759758,0.9998596
1.761147,1.0009398
1.762536,1.0004962
1.763925,0.9999235
1.765314,1.0002472
1.766703,1.0005774
1.768092,1.0008147
1.769481,0.9991838
1.770870,0.9986843
1.772259,0.9996113
1.773648,0.9992228
1.775036,1.0001886
1.776425,1.0020465
1.777814,0.9992641
1.779203,0.9993390
1.780592,1.0000727
1.781981,1.0008560
1.783370,1.0008403
1.784759,1.0003595
1.786148,1.0007274
1.787537,0.9989445
1.788926,0.9980928
1.790315,0.9999979
1.791703,0.9994880
1.793092,1.0003220
1.794481,1.0007453
1.795870,1.0012153
1.797259,0.9989553
1.798648,0.9997363
1.800037,1.0021630
1.801426,1.0000939
1.802815,0.9990220
1.804204,1.0000447
1.805593,1.0004507
1.806982,0.9993277
1.808370,1.0007647
1.809759,1.0005561
1.820871,0.9994985
1.822260,0.9980385
1.823649,1.0001087
1.825037,0.9988269
1.826426,1.0015731
1.827815,0.9992844
1.829204,1.0016762
1.830593,1.0005955
1.831982,1.0005263
1.833371,0.9991152
1.834760,0.9990171
1.836149,0.9997475
1.837538,0.9992951
1.838927,0.9979773
1.840316,0.9986543
1.841704,1.0021973
1.843093,0.9988244
1.844482,1.0005111
1.845871,0.9999939
1.847260,1.0001846
1.848649,1.0004340
1.850038,0.9993643
1.851427,0.9980210
1.852816,0.9995756
1.854205,0.9983762
1.855594,0.9980536
1.856983,0.9999859
1.858371,0.9983744
1.859760,1.0012105
1.861149,0.9996053
1.862538,1.0022966
1.863927,1.0006447
1.865316,0.9996328
1.866705,0.9995153
1.868094,1.0005838
1.869483,1.0008943
1.870872,1.0007664
1.872261,1.0022376
1.873650,1.0035667
1.875038,1.0000695
1.876427,1.0002281
1.877816,0.9991826
1.879205,1.0008118
1.880594,0.9992453
1.881983,1.0004799
1.883372,0.9984173
1.884761,1.0028021
1.886150,0.9995179
1.887539,0.9991734
1.888928,0.9976663
1.890317,1.0001763
1.891705,1.0011993
1.893094,1.0006303
1.894483,0.9991488
1.895872,0.9980938
1.897261,0.9985653
1.898650,1.0016787
1.900039,0.9996661
1.901428,1.0019090
1.902817,0.9989569
1.904206,1.0003559
1.905595,0.9996806
1.906984,1.0007550
1.908372,1.0000617
1.909761,0.9994409
1.911150,1.0008774
1.912539,0.9978285
1.913928,0.9992226
1.915317,0.9999566
1.916706,0.9995079
1.918095,0.9992198
1.919484,1.0010367
1.920873,0.9984485
1.922262,1.0004058
1.923651,1.0004209
1.925039,0.9995853
1.926428,1.0009954
1.927817,0.9992158
1.929206,0.9975080
1.930595,0.9984490
1.931984,0.9987041
1.933373,1.0007936
1.934762,0.9980098
1.936151,1.0003775
1.937540,1.0017822
1.938929,0.9996901
1.940318,0.9990160
1.941706,1.0017774
1.943095,1.0002746
1.944484,0.9986726
1.945873,0.9984803
1.947262,1.0007953
1.948651,1.0009421
1.950040,0.9996199
1.951429,1.0001868
1.952818,0.9999810
1.954207,0.9996415
1.955596,0.9989997
1.956985,0.9986230
1.958373,0.9996940
1.959762,1.0005947
1.961151,1.0016595
1.962540,0.9987942
1.963929,0.9998283
1.965318,0.9995551
1.966707,1.0003618
1.968096,0.9992954
1.969485,0.9986363
1.970874,1.0006102
1.972263,1.0003014
1.973651,0.9984856
1.975040,0.9980613
1.976429,0.9992684
1.977818,0.9988676
1.979207,1.0010719
1.980596,1.0010938
1.981985,0.9995874
1.983374,0.9984172
1.984763,0.9996273
1.986152,1.0005541
1.987541,0.9985361
1.988930,0.9984875
1.990318,0.9984950
1.991707,1.0015176
1.993096,1.0004542
1.994485,1.0010503
1.995874,1.0004242
1.997263,0.9990317
1.998652,1.0014135
2.000041,0.9966126
2.001430,0.9988195
2.002819,1.0019933
2.004208,1.0009321
2.005597,1.0010487
2.006985,1.0001228
2.008374,1.0012403
2.009763,1.0005587
2.011152,0.9996258
2.012541,1.0011980
2.013930,1.0031453
2.015319,1.0016027
2.016708,1.0007268
2.018097,1.0005301
2.019486,1.0033069
2.020875,1.0003160
2.022264,1.0000256
2.023652,1.0005652
2.025041,1.0000319
2.026430,0.9992462
2.027819,1.0001543
2.029208,1.0014444
2.030597,0.9975950
2.031986,1.0012172
2.033375,0.9986590
2.034764,1.0011065
2.036153,0.9998987
2.037542,1.0001902
2.038931,0.9998246
2.040319,1.0009931
2.041708,1.0002494
2.043097,0.9997605
2.044486,1.0015283
2.045875,0.9985057
2.047264,0.9992507
2.048653,1.0003792
2.050042,1.0017993
2.051431,0.9988923
2.052820,1.0016929
2.054209,1.0020744
2.055598,1.0016725
2.056986,0.9988790
2.058375,0.9990632
2.059764,1.0006423
2.061153,0.9995304
2.062542,0.9999201
2.063931,0.9994703
2.065320,1.0003826
2.066709,1.0002073
2.068098,1.0008114
2.069487,1.0015114
2.070876,1.0012727
2.072265,1.0010068
2.073653,1.0005190
2.075042,1.0018010
2.076431,1.0011257
2.077820,1.0002546
2.079209,0.9988943
2.080598,1.0042528
2.081987,1.0022726
2.083376,1.0021029
2.084765,1.0011481
2.086154,1.0009671
2.087543,1.0005847
2.088932,0.9998788
2.090320,0.9986489
2.091709,1.0001141
2.093098,1.0020991
2.094487,0.9998644
2.095876,1.0002317
2.097265,0.9989288
2.098654,1.0008255
2.100043,1.0005376
2.101432,1.0007854
2.102821,0.9977949
2.104210,0.9994300
2.105599,0.9999404
2.106987,0.9993271
2.108376,1.0003045
2.109765,0.9991444
2.111154,0.9995258
2.112543,1.0013598
2.113932,1.0005822
2.115321,1.0013636
2.116710,1.0004014
2.118099,1.0011345
2.119488,1.0004503
2.120877,1.0013820
2.122266,0.9989714
2.123654,1.0028979
2.125043,0.9982864
2.126432,0.9988964
2.127821,1.0005423
2.129210,0.9979885
2.130599,1.0004067
2.131988,0.9987106
2.133377,0.9995221
2.134766,0.9996498
2.136155,1.0009971
2.137544,1.0002750
2.138933,0.9989483
2.140321,0.9989223
2.141710,0.9991100
2.143099,1.0016609
2.144488,1.0019365
2.145877,1.0005165
2.147266,1.0000825
2.148655,1.0011174
2.150044,1.0001961
2.151433,0.9989908
2.152822,1.0008087
2.154211,1.0014070
2.155600,1.0002373
2.156988,0.9983285
2.158377,1.0004457
2.159766,1.0018577
2.161155,0.9985845
2.162544,0.9981393
2.163933,1.0001247
2.165322,0.9989009
2.166711,1.0005544
2.168100,0.9992851
2.169489,0.9983326
2.170878,1.0001085
2.172267,1.0016577
2.173655,0.9994386
2.175044,1.0005772
2.176433,1.0000782
2.177822,1.0017721
2.179211,0.9982764
2.180600,1.0001830
2.181989,1.0005641
2.183378,0.9970675
2.184767,1.0008245
2.186156,1.0005764
2.187545,0.9993953
2.188933,1.0002574
2.190322,0.9964235
2.191711,1.0004047
2.193100,1.0004642
2.194489,0.9997657
2.195878,0.9985641
2.197267,1.0007663
2.198656,0.9988587
2.200045,0.9996105
2.201434,1.0014537
2.202823,0.9982195
2.204212,0.9985186
2.205600,0.9993934
2.206989,0.9983293
2.208378,1.0004470
2.209767,0.9995191
2.211156,1.0014182
2.212545,1.0013840
2.213934,0.9982891
2.215323,0.9995251
2.216712,0.9989957
2.218101,0.9996822
2.219490,0.9982339
2.220879,1.0008977
2.222267,0.9981470
2.223656,0.9984738
2.225045,1.0007532
2.226434,0.9996887
2.227823,0.9985245
2.229212,1.0016525
2.230601,0.9991458
2.231990,1.0016920
2.233379,1.0017695
2.234768,0.9991948
2.236157,0.9992313
2.237546,0.9994284
2.238934,0.9996772
2.240323,0.9982489
2.241712,0.9990052
2.243101,0.9991509
2.244490,1.0006284
2.245879,1.0001072
2.247268,1.0004638
2.248657,1.0007268
2.250046,0.9994120
2.251435,1.0007142
2.252824,0.9999818
2.254213,1.0005317
2.255601,0.9992626
2.256990,1.0028763
2.258379,1.0009068
2.259768,0.9997925
2.261157,1.0019694
2.262546,0.9993641
2.263935,1.0024672
2.265324,0.9991440
2.266713,0.9994940
2.268102,0.9995410
2.269491,1.0021509
2.270880,1.0001933
2.272268,1.0001684
2.273657,1.0010898
2.275046,1.0015090
2.276435,0.9980230
2.277824,1.0014666
2.279213,0.9996820
2.280602,0.9994001
2.281991,1.0010245
2.283380,1.0005350
2.284769,0.9988301
2.286158,0.9992520
2.287547,1.0008495
2.288935,0.9988631
2.290324,0.9985383
2.291713,1.0009514
2.293102,1.0013965
2.294491,0.9973216
2.295880,0.9982503
2.297269,1.0000964
2.298658,1.0010166
2.300047,1.0011445
2.301436,1.0000328
2.302825,1.0016249
2.304214,0.9985531
2.305602,0.9989638
2.306991,1.0005712
2.308380,1.0005555
2.309769,0.9986198
2.311158,0.9993294
2.312547,1.0009897
2.313936,1.0012275
2.315325,0.9992666
2.316714,1.0012835
2.318103,1.0027422
2.319492,1.0007330
2.320881,1.0011018
2.322269,1.0020780
2.323658,0.9997509
2.325047,0.9994357
2.326436,1.0002714
2.327825,1.0007597
2.329214,0.9998236
2.330603,1.0011827
2.331992,0.9990767
2.333381,1.0005803
2.334770,0.9997243
2.336159,1.0016846
2.337547,1.0028593
2.338936,0.9995112
2.340325,0.9983968
2.341714,0.9982903
2.343103,0.9985393
2.344492,1.0013320
2.345881,1.0000720
2.347270,1.0009558
2.348659,0.9992743
2.350048,0.9972294
2.351437,1.0013062
2.352826,1.0000618
2.354214,0.9995743
2.355603,0.9985146
2.356992,0.9989157
2.358381,1.0018104
2.359770,1.0012669
2.361159,1.0018159
2.362548,0.9999498
2.363937,1.0004246
2.365326,0.9989223
2.366715,1.0015235
2.368104,0.9993192
2.369493,1.0003933
2.370881,1.0009381
2.372270,1.0002129
2.373659,0.9999592
2.375048,1.0002774
2.376437,0.9992122
2.377826,1.0001138
2.379215,1.0009801
2.380604,0.9980251
2.381993,0.9997936
2.383382,1.0008812
2.384771,0.9988001
2.386160,0.9996596
2.387548,1.0005835
2.388937,0.9988854
2.390326,1.0005803
2.391715,1.0008194
2.393104,0.9982599
2.394493,0.9979391
2.395882,0.9999747
2.397271,0.9993190
2.398660,1.0013762
2.400049,1.0003553
2.401438,1.0007797
2.402827,0.9993616
2.404215,0.9989346
2.405604,1.0009073
2.406993,1.0000303
2.408382,1.0006832
2.409771,0.9985910
2.411160,1.0021253
2.412549,1.0015462
2.413938,0.9988466
2.415327,0.9991220
2.416716,1.0049139
2.418105,1.0006715
2.419494,0.9995178
2.420882,1.0006860
2.422271,1.0000259
2.423660,0.9985997
2.425049,0.9996422
2.426438,1.0019564
2.427827,0.9981021
2.429216,0.9989220
2.430605,1.0008642
2.431994,0.9977748
2.433383,0.9995315
2.434772,0.9996453
2.436161,0.9986355
2.437549,1.0011194
2.438938,1.0000440
2.440327,1.0003980
2.441716,1.0027520
2.443105,0.9998967
2.444494,1.0014358
2.445883,1.0006957
2.447272,0.9994978
2.448661,1.0005141
2.450050,1.0018657
2.451439,0.9995352
2.452827,0.9981191
2.454216,0.9990063
2.455605,1.0013651
2.456994,0.9990361
2.458383,0.9986742
2.459772,0.9982355
2.461161,0.9996444
2.462550,1.0000130
2.463939,0.9989156
2.465328,1.0005446
2.466717,0.9989494
2.468106,1.0012508
2.469494,1.0009249
2.470883,0.9994348
2.472272,0.9988321
2.473661,0.9977274
2.475050,0.9997923
2.476439,0.9990328
2.477828,0.9991586
2.479217,0.9987470
2.480606,0.9999935
2.481995,1.0012202
2.483384,0.9998838
2.484773,1.0006319
2.486161,0.9988719
2.487550,0.9998742
2.488939,0.9995392
2.490328,0.9987815
2.491717,1.0019220
2.493106,0.9999058
2.494495,1.0001706
2.495884,1.0013190
2.497273,0.9993892
2.498662,0.9999317
2.500051,1.0010865
2.501440,0.9987708
2.502828,0.9992110
2.504217,1.0009478
2.505606,0.9999821
2.506995,0.9983710
2.508384,0.9998946
2.509773,1.0007340
2.511162,0.9997246
2.512551,1.0018079
2.513940,1.0007732
2.515329,1.0001423
2.516718,0.9996454
2.518107,0.9985426
2.519495,0.9982731
2.520884,0.9985205
2.522273,1.0018440
2.523662,0.9995752
2.525051,1.0014146
2.526440,0.9998047
2.527829,1.0014599
2.529218,1.0011114
2.530607,1.0001953
2.531996,1.0008315
2.533385,0.9978450
2.534774,0.9983015
2.536162,0.9996730
2.537551,0.9980018
2.538940,0.9997352
2.540329,0.9998484
2.541718,0.9983482
2.543107,1.0001814
2.544496,1.0009636
2.545885,0.9989272
2.547274,0.9982725
2.548663,1.0007597
2.550052,0.9994615
2.551441,1.0004488
2.552829,1.0014783
2.554218,1.0006017
2.555607,0.9999366
2.556996,0.9989135
2.558385,1.0032612
2.559774,1.0026434
2.561163,1.0021351
2.562552,0.9982522
2.563941,1.0015306
2.565330,0.9993185
2.566719,0.9973935
2.568107,1.0024133
2.569496,1.0006475
2.570885,1.0000287
2.572274,1.0009145
2.573663,1.0010712
2.575052,0.9992100
2.576441,0.9981888
2.577830,1.0006836
2.579219,0.9993876
2.580608,1.0017967
2.581997,0.9990837
2.583386,0.9992427
2.584774,1.0016160
2.586163,0.9997113
2.587552,1.0007509
2.588941,1.0013724
2.590330,1.0012591
2.591719,0.9998663
2.593108,1.0033069
2.594497,1.0000732
2.595886,1.0000031
2.597275,1.0003904
2.598664,0.9978751
2.600053,1.0009335
2.601441,0.9972566
2.602830,1.0002119
2.604219,1.0005797
2.605608,0.9982427
2.606997,1.0004504
2.608386,0.9999188
2.609775,1.0021297
2.611164,0.9975917
2.612553,1.0001634
2.613942,1.0002729
2.615331,0.9996648
2.616720,1.0011999
2.618108,1.0002216
2.619497,1.0010976
2.620886,0.9988580
2.622275,1.0013487
2.623664,0.9993342
2.625053,1.0007297
2.626442,1.0007024
2.627831,0.9989634
2.629220,1.0020158
2.630609,0.9985038
2.631998,1.0003471
2.633387,1.0015103
2.634775,0.9990512
2.636164,1.0007231
2.637553,1.0026471
2.638942,0.9999296
2.640331,1.0007355
2.641720,0.9997706
2.643109,0.9969027
2.644498,1.0007569
2.645887,0.9988067
2.647276,1.0011148
2.648665,0.9992356
2.650054,0.9987612
2.651442,0.9989503
2.652831,1.0007300
2.654220,1.0024738
2.655609,0.9999145
2.656998,0.9985426
2.658387,1.0007617
2.659776,1.0003672
2.661165,0.9998749
2.662554,0.9999802
2.663943,1.0000664
2.665332,1.0019277
2.666720,1.0011025
2.668109,1.0008133
2.669498,1.0002672
2.670887,1.0001907
2.672276,0.9992229
2.673665,0.9989220
2.675054,0.9998628
2.676443,1.0014214
2.677832,1.0016876
2.679221,0.9991756
2.680610,0.9995252
2.681999,1.0001165
2.683387,1.0000846
2.684776,1.0002589
2.686165,0.9988929
2.687554,1.0020132
2.688943,0.9976879
2.690332,1.0020941
2.691721,0.9977903
2.693110,0.9996441
2.694499,0.9985035
2.695888,1.0006928
2.697277,0.9997881
2.698666,1.0022965
2.700054,1.0002266
2.701443,0.9999047
2.702832,1.0002925
2.704221,0.9996607
2.705610,0.9994292
2.706999,0.9996126
2.708388,0.9976937
2.709777,0.9984915
2.711166,0.9999146
2.712555,1.0002427
2.713944,0.9998091
2.715333,1.0005635
2.716721,0.9988617
2.718110,1.0001967
2.719499,1.0004025
2.720888,1.0014592
2.722277,0.9999300
2.723666,0.9998360
2.725055,0.9993715
2.726444,1.0014102
2.727833,1.0008880
2.729222,0.9996832
2.730611,1.0019199
2.732000,1.0012386
2.733388,0.9990924
2.734777,0.9987584
2.736166,0.9989764
2.737555,0.9998609
2.738944,0.9990363
2.740333,1.0014092
2.741722,1.0005469
2.743111,1.0005176
2.744500,0.9978216
2.745889,0.9996713
2.747278,0.9991697
2.748667,1.0006241
2.750055,0.9999284
2.751444,0.9998681
2.752833,0.9987647
2.754222,0.9986380
2.755611,0.9994704
2.757000,1.0004854
2.758389,0.9987540
2.759778,0.9981317
2.761167,0.9984060
2.762556,0.9988681
2.763945,1.0017019
2.765333,1.0002246
2.766722,0.9984327
2.768111,1.0000296
2.769500,1.0010803
2.770889,1.0010606
2.772278,0.9999505
2.773667,1.0000630
2.775056,0.9988837
2.776445,0.9991421
2.777834,1.0012890
2.779223,0.9991664
2.780612,1.0007610
2.782000,1.0012383
2.783389,0.9996176
2.784778,0.9993826
2.786167,0.9982911
2.787556,0.9995285
2.788945,1.0005528
2.790334,0.9988568
2.791723,0.9998913
2.793112,1.0004574
2.794501,1.0015723
2.795890,1.0015164
2.797279,1.0028148
2.798667,1.0005864
2.800056,0.9989727
2.801445,1.0007083
2.802834,1.0009035
2.804223,0.9997632
2.805612,0.9997300
2.807001,0.9978789
2.808390,1.0018699
2.809779,0.9994047
2.811168,0.9988787
2.812557,0.9998982
2.813946,0.9997618
2.815334,0.9992667
2.816723,0.9981366
2.818112,1.0011617
2.819501,0.9987059
2.820890,0.9994458
2.822279,0.9992297
2.823668,1.0006925
2.825057,0.9997106
2.826446,1.0000617
2.827835,1.0002390
2.829224,0.9998368
2.830613,0.9993692
2.832001,0.9983508
2.833390,0.9988496
2.834779,0.9995029
2.836168,1.0022167
2.837557,0.9998702
2.838946,0.9989936
2.840335,0.9996599
2.841724,0.9995426
2.843113,1.0009153
2.844502,0.9997577
2.845891,1.0002002
2.847279,1.0006302
2.848668,1.0000982
2.850057,0.9983007
2.851446,0.9988610
2.852835,0.9982249
2.854224,1.0008323
2.855613,1.0020191
2.857002,0.9997704
2.858391,1.0008737
2.859780,1.0000013
2.861169,0.9967530
2.862558,0.9999822
2.863946,1.0022120
2.865335,1.0007755
2.866724,1.0001365
2.868113,1.0011443
2.869502,0.9993158
2.870891,1.0005736
2.872280,0.9973938
2.873669,0.9995081
2.875058,0.9999924
2.876447,0.9999552
2.877836,1.0005161
2.879225,0.9997764
2.880613,0.9992468
2.882002,1.0008755
2.883391,0.9992283
2.884780,1.0018155
2.886169,0.9989085
2.887558,1.0014876
2.888947,1.0003354
2.890336,1.0003224
2.891725,1.0009552
2.893114,0.9994397
2.894503,1.0009982
2.895892,1.0013514
2.897280,1.0000729
2.898669,0.9992753
2.900058,1.0007483
2.901447,1.0009473
2.902836,0.9988516
2.904225,1.0020093
2.905614,0.9997393
2.907003,1.0013933
2.908392,1.0001467
2.909781,1.0000060
2.911170,1.0001674
2.912558,0.9979548
2.913947,0.9976879
2.915336,1.0001580
2.916725,0.9993662
2.918114,0.9996407
2.919503,0.9991298
2.920892,0.9981299
2.922281,0.9976235
2.923670,0.9985648
2.925059,1.0019193
2.927837,1.0006525
2.929225,0.9992262
2.930614,1.0003616
2.932003,0.9994857
2.933392,0.9994388
2.934781,1.0023196
2.936170,1.0008019
2.937559,1.0004463
2.938948,0.9991351
2.940337,1.0000694
2.941726,1.0007560
2.943115,1.0023820
2.944504,0.9993185
2.945892,1.0013231
2.947281,0.9994922
2.948670,1.0005871
2.950059,0.9978282
2.951448,0.9979504
2.952837,0.9991931
2.954226,0.9989220
2.955615,0.9980125
2.957004,0.9995543
2.958393,0.9992588
2.959782,1.0010051
2.961171,0.9992618
2.962559,0.9995303
2.963948,0.9972026
2.965337,1.0009684
2.966726,1.0011489
2.968115,1.0009631
2.969504,1.0040920
2.970893,0.9992970
2.972282,0.9998739
2.973671,0.9985326
2.975060,1.0007203
2.976449,1.0002735
2.977838,0.9995478
2.979226,0.9999469
2.980615,1.0014628
2.982004,1.0017019
2.983393,0.9980980
2.984782,0.9993898
2.986171,0.9993243
2.987560,0.9998255
2.988949,1.0004806
2.990338,1.0009467
2.991727,1.0004566
2.993116,0.9989857
2.994504,0.9986020
2.995893,1.0016482
2.997282,0.9996097
2.998671,1.0016474
3.000060,0.9983698
3.001449,1.0022482
3.002838,1.0013120
3.004227,0.9990755
3.005616,1.0001472
3.007005,1.0023967
3.008394,1.0003742
3.009783,0.9985764
3.011171,1.0005378
3.012560,1.0007266
3.013949,0.9981483
3.015338,1.0001474
3.016727,0.9999357
3.018116,0.9977301
3.019505,0.9992090
3.020894,0.9982286
3.022283,1.0009130
3.023672,0.9989537
3.025061,1.0008061
3.026450,1.0011082
3.027838,0.9986999
3.029227,1.0004623
3.030616,0.9995662
3.032005,0.9990578
3.033394,0.9998349
3.034783,1.0004466
3.036172,1.0008119
3.037561,1.0005870
3.038950,0.9996696
3.040339,0.9996134
3.041728,0.9989227
3.043117,0.9999186
3.044505,1.0004004
3.045894,1.0003368
3.047283,1.0003710
3.048672,1.0006574
3.050061,1.0001904
3.051450,1.0013260
3.052839,1.0009682
3.054228,0.9992293
3.055617,1.0007973
3.057006,0.9992969
3.058395,0.9984642
3.059783,0.9993915
3.061172,1.0014700
3.062561,1.0003273
3.063950,0.9987858
3.065339,0.9985217
3.066728,0.9998935
3.068117,1.0007724
3.069506,0.9994556
3.070895,0.9998854
3.072284,1.0009502
3.073673,0.9981576
3.075062,0.9996762
3.076450,1.0007510
3.077839,0.9993435
3.079228,1.0028144
3.080617,1.0004472
3.082006,1.0008346
3.083395,1.0005760
3.084784,0.9988732
3.086173,0.9999012
3.087562,1.0000522
3.088951,0.9984862
3.090340,1.0020780
3.091729,0.9995264
3.093117,1.0006639
3.094506,0.9988326
3.095895,1.0003256
3.097284,1.0005426
3.098673,1.0006943
3.100062,1.0002556
3.101451,1.0010311
3.102840,0.9996820
3.104229,1.0007445
3.105618,0.9975678
3.107007,0.9997891
3.108396,1.0012363
3.109784,1.0007777
3.111173,1.0003668
3.112562,0.9989745
3.113951,0.9994472
3.115340,1.0011566
3.116729,0.9998995
3.118118,0.9996624
3.119507,1.0012635
3.120896,1.0018205
3.122285,1.0010312
3.123674,0.9990964
3.125062,1.0002091
3.126451,1.0011150
3.127840,1.0011290
3.129229,1.0018295
3.130618,1.0015287
3.132007,1.0007403
3.133396,1.0014486
3.134785,0.9981949
3.136174,1.0003246
3.137563,1.0004080
3.138952,1.0009142
3.140341,0.9997178
3.141729,1.0006236
3.143118,0.9991888
3.144507,0.9991685
3.145896,1.0027058
3.147285,0.9991439
3.148674,1.0013379
3.150063,1.0013015
3.151452,1.0018394
3.152841,0.9989041
3.154230,0.9974674
3.155619,1.0004393
3.157008,0.9998907
3.158396,1.0002673
3.159785,0.9985468
3.161174,0.9989475
3.162563,1.0005412
3.163952,0.9995210
3.165341,1.0003672
3.166730,1.0001793
3.168119,0.9997468
3.169508,0.9996841
3.170897,1.0006732
3.172286,0.9990298
3.173675,1.0011083
3.175063,1.0011975
3.176452,1.0015580
3.177841,1.0016411
3.179230,0.9974517
3.180619,1.0009432
3.182008,1.0008564
3.183397,1.0013240
3.184786,1.0001952
3.186175,0.9985518
3.187564,0.9997966
3.188953,1.0014011
3.190341,0.9996121
3.191730,1.0003884
3.193119,1.0002063
3.194508,0.9991663
3.197286,0.9986338
3.198675,0.9995292
3.202842,0.9992139
3.204231,1.0007125
3.205620,0.9981984
3.207008,1.0012713
3.208397,1.0005608
3.209786,1.0011945
3.211175,0.9996787
3.212564,0.9997823
3.213953,1.0024133
3.215342,0.9995790
3.216731,1.0005684
3.218120,1.0006281
3.219509,0.9995736
3.220898,1.0018050
3.222287,0.9970065
3.223675,1.0004489
3.225064,1.0017803
3.226453,1.0015349
3.227842,0.9990019
3.229231,0.9992464
3.230620,0.9986606
3.232009,1.0000677
3.233398,1.0012280
3.234787,0.9980874
3.236176,0.9998645
3.237565,0.9995069
3.238954,0.9987627
3.240342,1.0000435
3.241731,1.0015303
3.243120,0.9988574
3.244509,1.0001170
3.245898,1.0021791
3.247287,1.0013658
3.248676,1.0006615
3.250065,1.0009999
3.251454,0.9993229
3.252843,0.9991066
3.254232,0.9989917
3.255620,0.9996556
3.257009,0.9975160
3.258398,0.9983530
3.259787,0.9990219
3.261176,1.0021111
3.262565,0.9988917
3.263954,0.9996620
3.265343,0.9987215
3.266732,1.0008749
3.268121,1.0010327
3.269510,0.9992591
3.270899,0.9994856
3.272287,1.0005248
3.273676,1.0026603
3.275065,0.9979748
3.276454,1.0032804
3.277843,0.9995565
3.279232,1.0004577
3.280621,0.9984287
3.282010,0.9996476
3.283399,1.0002790
3.284788,0.9994961
3.286177,1.0011066
3.287566,0.9984827
3.288954,0.9990059
3.290343,1.0004598
3.291732,1.0019538
3.293121,0.9984448
3.294510,1.0031340
3.295899,0.9997107
3.297288,1.0000510
3.298677,0.9997891
3.300066,1.0027581
3.301455,0.9982588
3.302844,1.0027762
3.304233,1.0037678
3.305621,1.0016247
3.307010,0.9999248
3.308399,1.0018206
3.309788,0.9984910
3.311177,1.0003912
3.312566,1.0012363
3.313955,0.9990223
3.315344,0.9999595
3.316733,0.9994975
3.318122,0.9996729
3.319511,1.0007060
3.320899,1.0014900
3.322288,0.9992733
3.323677,1.0008069
3.325066,1.0002644
3.326455,0.9998656
3.327844,0.9989116
3.329233,1.0009754
3.330622,1.0021875
3.332011,1.0023531
3.333400,1.0001659
3.334789,1.0019783
3.336178,1.0007401
3.337566,0.9985315
3.338955,1.0015995
3.340344,0.9987034
3.341733,0.9981559
3.343122,0.9988054
3.344511,1.0008012
3.345900,1.0011939
3.347289,0.9998597
3.348678,0.9972633
3.350067,0.9992715
3.351456,1.0003349
3.352845,0.9999675
3.354233,1.0001776
3.355622,0.9990708
3.357011,0.9988912
3.358400,1.0018157
3.359789,1.0006410
3.361178,0.9998961
3.362567,1.0001848
3.363956,0.9989263
3.365345,1.0004388
3.366734,0.9995907
3.368123,0.9995452
3.369511,0.9998591
3.370900,1.0004440
3.372289,0.9997344
3.373678,1.0000960
3.375067,1.0021076
3.376456,0.9985706
3.377845,0.9992836
3.379234,0.9997596
3.380623,0.9999710
3.382012,0.9996674
3.383401,1.0012411
3.384790,0.9990159
3.386178,0.9992265
3.387567,1.0010728
3.388956,0.9986931
3.390345,1.0017426
3.391734,0.9986879
3.393123,1.0017391
3.394512,0.9990649
3.395901,0.9992748
3.397290,0.9988839
3.398679,1.0010205
3.400068,0.9988445
3.401457,1.0008834
3.402845,1.0025488
3.404234,0.9992308
3.405623,1.0003877
3.407012,1.0012773
3.408401,1.0004390
3.409790,0.9985814
3.411179,0.9988966
3.412568,1.0012617
3.413957,1.0003172
3.415346,1.0007533
3.416735,1.0009850
3.418124,1.0011267
3.419512,1.0005170
3.420901,0.9986311
3.422290,1.0006295
3.423679,1.0000069
3.425068,1.0005962
3.426457,0.9984770
3.427846,1.0013208
3.429235,0.9996194
3.430624,1.0015385
3.432013,0.9982190
3.433402,1.0005408
3.434790,0.9999991
3.436179,1.0009422
3.437568,0.9994255
3.438957,0.9994629
3.440346,1.0016653
3.441735,1.0003488
3.443124,0.9989451
3.444513,0.9997152
3.445902,1.0003363
3.447291,0.9994957
3.448680,1.0004570
3.450069,0.9983836
3.451457,1.0004670
3.452846,0.9997903
3.454235,1.0008214
3.455624,1.0003479
3.457013,1.0012227
3.458402,1.0015925
3.459791,1.0033219
3.461180,1.0003444
3.462569,0.9995783
3.463958,1.0012296
3.465347,1.0007500
3.466736,0.9995180
3.468124,1.0028495
3.469513,0.9995264
3.470902,0.9983729
3.472291,1.0013053
3.473680,1.0005472
3.475069,1.0008921
3.477847,1.0010022
3.479236,1.0003940
3.480625,0.9997053
3.482014,0.9991076
3.483402,1.0009821
3.484791,0.9994573
3.486180,0.9994607
3.487569,0.9992134
3.488958,0.9988361
3.490347,0.9986458
3.491736,0.9993880
3.493125,0.9992401
3.494514,1.0001872
3.495903,1.0015320
3.497292,0.9979344
3.498681,1.0011946
3.500069,0.9981690
3.501458,1.0010224
3.502847,0.9993963
3.504236,0.9992263
3.505625,1.0000014
3.507014,0.9997997
3.508403,0.9997330
3.509792,1.0011936
3.511181,1.0005452
3.512570,0.9990159
3.513959,1.0021759
3.515348,1.0014741
3.516736,1.0014254
3.518125,1.0009955
3.519514,1.0005054
3.520903,1.0018526
3.522292,0.9988873
3.523681,1.0005844
3.525070,0.9995414
3.526459,1.0005184
3.527848,1.0018745
3.529237,0.9989701
3.530626,0.9996109
3.532015,1.0003940
3.533403,0.9973084
3.534792,0.9976942
3.536181,0.9964950
3.537570,0.9977427
3.538959,0.9981486
3.540348,0.9979195
3.541737,0.9985195
3.543126,0.9968070
3.544515,0.9977397
3.545904,0.9965641
3.547293,0.9987799
3.548681,0.9958420
3.550070,0.9976269
3.551459,0.9946184
3.552848,0.9957834
3.554237,0.9942691
3.555626,0.9950146
3.557015,0.9982125
3.558404,0.9951551
3.559793,0.9987178
3.561182,0.9979727
3.562571,0.9964547
3.563960,0.9961001
3.565348,0.9989117
3.566737,0.9973014
3.568126,0.9958599
3.569515,0.9957150
3.570904,0.9970988
3.572293,0.9967926
3.573682,0.9976955
3.575071,0.9968202
3.576460,0.9943231
3.577849,0.9954057
3.579238,0.9968104
3.580627,0.9959365
3.582015,0.9975070
3.583404,0.9958522
3.584793,0.9954982
3.586182,0.9966808
3.587571,0.9978615
3.588960,0.9990103
3.590349,0.9970012
3.591738,0.9977902
3.594516,0.9971482
3.595905,0.9986539
3.597293,0.9986690
3.598682,0.9992370
3.600071,0.9993339
3.601460,0.9999324
3.602849,0.9987511
3.604238,0.9990143
3.605627,1.0008108
3.607016,1.0001369
3.608405,1.0019391
3.609794,1.0003479
3.611183,1.0010392
3.612572,1.0034015
3.613960,1.0005135
3.615349,0.9999702
3.616738,1.0010323
3.618127,0.9994365
3.619516,0.9999646
3.620905,1.0023914
3.622294,0.9986020
3.623683,1.0003207
3.625072,0.9973634
3.626461,0.9993815
3.627850,0.9997793
3.629239,1.0007704
3.630627,0.9985889
3.632016,1.0013002
3.633405,0.9986132
3.634794,1.0003192
3.636183,1.0012095
3.637572,1.0019113
3.638961,0.9995749
3.640350,1.0012474
3.641739,0.9998725
3.643128,1.0003431
3.644517,1.0022593
3.645905,0.9999074
3.647294,0.9999349
3.648683,1.0003491
3.650072,1.0000046
3.651461,0.9989207
3.652850,1.0027319
3.654239,0.9995631
3.655628,0.9986724
3.657017,1.0018429
3.658406,1.0021814
3.659795,1.0019086
3.661184,0.9991181
3.662572,0.9999024
3.663961,1.0001662
3.665350,1.0020900
3.666739,0.9978281
3.668128,1.0019604
3.669517,0.9993983
3.670906,0.9998551
3.672295,1.0019085
3.673684,1.0025880
3.675073,1.0004526
3.677851,0.9993823
3.679239,0.9981963
3.680628,1.0018597
3.682017,0.9998526
3.683406,0.9994973
3.684795,0.9998576
3.686184,0.9979717
3.687573,0.9997616
3.688962,1.0016504
3.690351,1.0000936
3.691740,1.0010360
3.693129,0.9993637
3.694517,1.0011493
3.695906,1.0004869
3.697295,0.9978475
3.698684,1.0000854
3.700073,0.9995008
3.701462,0.9986990
3.702851,0.9956345
3.704240,0.9989794
3.705629,0.9991479
3.707018,0.9983063
3.708407,0.9994312
3.709796,1.0008422
3.711184,0.9969488
3.712573,0.9964680
3.713962,0.9990634
3.715351,0.9967097
3.716740,0.9971292
3.718129,0.9967878
3.719518,0.9962438
3.720907,0.9967719
3.722296,0.9987754
3.723685,0.9958188
3.725074,0.9962661
3.726463,0.9970624
3.727851,0.9967660
3.729240,0.9961139
3.730629,0.9973774
3.732018,0.9966049
3.733407,0.9967028
3.734796,0.9987363
3.736185,0.9977327
3.737574,0.9970203
3.738963,0.9963041
3.740352,0.9989832
3.741741,0.9967248
3.743129,0.9981028
3.744518,0.9983415
3.745907,0.9973745
3.747296,0.9972092
3.748685,0.9964838
3.750074,0.9955316
3.751463,0.9968222
3.752852,0.9976733
3.754241,0.9971604
3.755630,0.9991844
3.757019,0.9972163
3.758408,0.9968577
3.759796,0.9972698
3.761185,0.9989901
3.762574,0.9998077
3.763963,0.9969386
3.765352,0.9975877
3.766741,0.9987534
3.768130,0.9981552
3.769519,0.9970790
3.770908,0.9972308
3.772297,0.9963915
3.773686,0.9982155
3.775075,0.9964714
3.776463,0.9998143
3.777852,0.9962225
3.779241,0.9986361
3.780630,0.9982503
3.782019,0.9980147
3.783408,0.9973917
3.784797,1.0023324
3.786186,1.0005677
3.787575,0.9995325
3.788964,0.9997121
3.790353,0.9999476
3.791741,1.0010027
3.793130,0.9993292
3.794519,1.0018720
3.795908,0.9996970
3.797297,0.9993545
3.798686,1.0016917
3.800075,1.0003689
3.801464,0.9985244
3.802853,1.0004888
3.804242,1.0012573
3.805631,1.0015645
3.807020,0.9978449
3.808408,1.0006499
3.809797,1.0000838
3.811186,1.0015301
3.812575,0.9992764
3.813964,0.9987700
3.815353,0.9983373
3.816742,0.9997368
3.818131,0.9994467
3.819520,0.9987146
3.820909,1.0010091
3.822298,1.0014461
3.823686,0.9975656
3.825075,0.9989353
3.826464,0.9999164
3.827853,0.9989846
3.829242,0.9997715
3.830631,1.0005999
3.832020,0.9991905
3.833409,0.9995141
3.834798,1.0010440
3.836187,1.0030019
3.837576,1.0010531
3.838965,1.0012802
3.840353,0.9998298
3.841742,1.0018012
3.843131,0.9994098
3.844520,0.9995995
3.845909,1.0016000
3.847298,1.0018961
3.848687,1.0004634
3.850076,0.9997280
3.851465,1.0006749
3.852854,1.0011525
3.854243,0.9999833
3.855632,1.0027800
3.857020,0.9997225
3.858409,0.9989410
3.859798,1.0002859
3.861187,1.0015630
3.862576,0.9977788
3.863965,0.9996811
3.865354,1.0003854
3.866743,1.0016086
3.868132,1.0021688
3.869521,1.0017621
3.870910,1.0013363
3.872298,1.0008906
3.873687,1.0012436
3.875076,1.0025683
3.876465,1.0001446
3.877854,1.0012675
3.879243,0.9996295
3.880632,1.0024577
3.882021,0.9995845
3.883410,1.0003565
3.884799,0.9981574
3.886188,0.9997210
3.887577,1.0001952
3.888965,0.9991580
3.890354,1.0021102
3.891743,1.0008688
3.893132,1.0003603
3.894521,0.9981606
3.895910,0.9997886
3.897299,0.9988416
3.900077,1.0014877
3.901466,0.9997042
3.902855,1.0008391
3.904244,0.9998221
3.905632,1.0003456
3.907021,1.0017826
3.908410,1.0013541
3.909799,1.0012815
3.911188,0.9971722
3.912577,0.9990902
3.913966,1.0012858
3.915355,0.9973773
3.916744,0.9999849
3.918133,1.0000527
3.919522,1.0021412
3.920910,1.0027880
3.922299,1.0007642
3.923688,1.0015232
3.925077,0.9993655
3.926466,1.0034709
3.927855,0.9977063
3.929244,1.0016050
3.930633,0.9988634
3.932022,0.9993772
3.933411,1.0002285
3.934800,0.9993256
3.936189,1.0011040
3.937577,1.0009001
3.940355,1.0023286
3.941744,0.9995083
3.943133,1.0006817
3.944522,0.9997379
3.945911,1.0008405
3.948689,0.9989908
3.950078,1.0003650
3.951467,1.0002408
3.952856,1.0019979
3.954244,0.9990515
3.955633,1.0009573
3.957022,1.0001098
3.958411,1.0009657
3.959800,0.9994160
3.961189,0.9999709
3.962578,1.0016917
3.963967,1.0011898
3.965356,1.0008142
3.966745,1.0002059
3.968134,1.0010303
3.969522,0.9999590
3.970911,0.9982052
3.972300,1.0005143
3.973689,1.0008815
3.975078,0.9988880
3.976467,1.0011812
3.977856,0.9998073
3.979245,0.9983939
3.980634,0.9998453
3.983412,1.0013205
3.984801,0.9994946
3.986189,1.0007813
3.987578,1.0031183
3.988967,0.9994050
3.990356,1.0001824
3.991745,0.9974839
3.993134,0.9995128
3.994523,1.0015187
3.995912,1.0013901
3.997301,1.0011398
3.998690,1.0003847
4.000079,1.0014264
4.001467,0.9974147
4.002856,1.0016708
4.004245,0.9983510
4.005634,1.0007311
4.007023,0.9999078
4.008412,1.0004540
4.009801,0.9986904
4.011190,1.0010379
4.012579,0.9998912
4.015357,1.0012041
4.016746,0.9998681
4.018134,1.0014266
4.019523,1.0022713
4.020912,0.9995736
4.022301,0.9991336
4.023690,0.9998862
4.025079,1.0001933
4.026468,1.0012473
4.027857,0.9996041
4.030635,1.0016330
4.032024,1.0021428
4.033413,0.9997829
4.034801,1.0019351
4.036190,1.0004591
4.037579,0.9994743
4.040357,1.0016495
4.041746,1.0012243
4.043135,1.0017076
4.044524,0.9997386
4.045913,1.0021031
4.047302,0.9996617
4.048691,0.9995492
4.050079,0.9996500
4.051468,0.9994288
4.052857,1.0017797
4.054246,1.0019730
4.055635,1.0012562
4.057024,0.9998209
4.058413,0.9987669
4.059802,0.9988821
4.061191,1.0016280
4.062580,1.0018417
4.063969,1.0000770
4.065358,0.9993708
4.066746,0.9998167
4.068135,1.0009896
4.069524,1.0000144
4.070913,0.9991732
4.072302,1.0000191
4.073691,0.9984698
4.075080,1.0013210
4.076469,1.0003985
4.077858,0.9997416
4.079247,0.9998817
4.080636,1.0007245
4.082024,1.0016947
4.083413,1.0003268
4.084802,1.0000168
4.086191,1.0010928
4.087580,0.9998029
4.088969,1.0016302
4.090358,1.0001485
4.091747,0.9987501
4.094525,0.9998149
4.095914,1.0007347
4.097303,1.0009694
4.098691,1.0002504
4.100080,1.0005280
4.101469,1.0002396
4.104247,1.0009952
4.105636,0.9984275
4.107025,0.9990805
4.108414,1.0019749
4.109803,0.9990764
4.111192,1.0016552
4.112581,1.0013994
4.113970,1.0009902
4.115358,0.9988357
4.116747,0.9992171
4.118136,1.0000032
4.119525,0.9982310
4.120914,0.9987313
4.122303,1.0000172
4.123692,0.9998607
4.125081,1.0009229
4.126470,1.0003301
4.127859,0.9984519
4.129248,1.0018242
4.130636,0.9977346
4.132025,1.0006097
4.133414,1.0014249
4.134803,0.9999406
4.136192,1.0024788
4.137581,1.0002536
4.138970,0.9995272
4.140359,0.9984603
4.141748,1.0016587
4.143137,1.0010904
4.144526,0.9994419
4.145915,0.9993546
4.147303,1.0003864
4.148692,1.0005686
4.150081,1.0017660
4.151470,1.0015854
4.152859,0.9986073
4.154248,1.0006654
4.155637,1.0006875
4.157026,1.0018023
4.158415,1.0014405
4.159804,1.0009036
4.161193,0.9997588
4.162581,1.0029384
4.163970,1.0003232
4.165359,0.9985961
4.166748,1.0010640
4.168137,1.0008571
4.169526,1.0006149
4.170915,0.9999859
4.172304,1.0019776
4.173693,1.0004212
4.175082,0.9983445
4.176471,1.0000549
4.177860,1.0006808
4.179248,1.0007080
4.180637,0.9992929
4.182026,0.9994696
4.183415,0.9996406
4.184804,1.0012470
4.186193,1.0012671
4.187582,1.0007247
4.188971,1.0002646
4.190360,1.0003048
4.191749,1.0000470
4.193138,1.0003336
4.194527,1.0019428
4.195915,1.0003130
4.197304,0.9996278
4.198693,0.9989422
4.200082,1.0000756
4.201471,1.0044610
4.202860,0.9997900
4.204249,0.9981029
4.205638,0.9997131
4.207027,1.0008960
4.208416,0.9995919
4.209805,1.0000193
4.211193,1.0004407
4.212582,0.9991101
4.213971,1.0003226
4.215360,0.9987526
4.216749,1.0015153
4.218138,1.0010674
4.219527,1.0002555
4.220916,0.9989669
4.222305,1.0024593
4.223694,1.0016102
4.225083,0.9998068
4.226472,0.9979812
4.227860,1.0000275
4.229249,0.9999122
4.230638,1.0014953
4.232027,1.0015611
4.233416,1.0004286
4.234805,1.0009963
4.236194,0.9989749
4.237583,1.0005145
4.238972,0.9977641
4.240361,1.0011000
4.241750,1.0022869
4.243138,0.9979392
4.244527,0.9987807
4.245916,1.0009862
4.247305,1.0009706
4.248694,1.0012168
4.250083,1.0009275
4.251472,0.9995813
4.252861,1.0014409
4.254250,1.0003922
4.255639,0.9989644
4.257028,0.9995526
4.258417,1.0017596
4.259805,1.0009305
4.261194,0.9997856
4.262583,0.9993336
4.263972,1.0005129
4.265361,1.0019530
4.266750,1.0001824
4.268139,0.9980792
4.269528,1.0009315
4.270917,1.0012981
4.272306,1.0004478
4.273695,0.9995045
4.275084,1.0005242
4.276472,1.0002976
4.277861,1.0020019
4.279250,1.0020312
4.280639,0.9997374
4.282028,1.0011729
4.283417,0.9999965
4.284806,1.0009356
4.286195,0.9991528
4.287584,1.0008209
4.288973,0.9981275
4.290362,0.9989832
4.291750,0.9999834
4.293139,1.0012227
4.294528,0.9986181
4.297306,0.9999969
4.298695,0.9997048
4.300084,1.0009680
4.301473,1.0001044
4.302862,1.0000992
4.304251,1.0000928
4.305640,1.0009190
4.307029,1.0003723
4.308417,0.9991449
4.309806,1.0002263
4.320918,1.0010667
4.322307,1.0002575
4.323695,1.0015181
4.325084,0.9995373
4.326473,1.0010186
4.327862,0.9987971
4.329251,0.9998054
4.330640,0.9992768
4.332029,1.0010158
4.333418,1.0011866
4.334807,0.9996276
4.336196,1.0001440
4.337585,1.0010477
4.338974,0.9998003
4.340362,1.0019558
4.341751,0.9999015
4.343140,1.0017282
4.344529,1.0018547
4.345918,1.0005409
4.347307,1.0000266
4.348696,1.0008708
4.350085,0.9991530
4.351474,0.9995300
4.352863,0.9986534
4.354252,1.0005341
4.355640,1.0006359
4.357029,0.9997693
4.358418,1.0004703
4.359807,1.0011280
4.361196,0.9996428
4.362585,0.9994329
4.363974,1.0012215
4.365363,0.9992736
4.366752,1.0025031
4.368141,0.9992398
4.369530,0.9998541
4.370919,0.9993013
4.372307,1.0029854
4.373696,0.9991393
4.375085,0.9994650
4.376474,1.0008675
4.377863,0.9992389
4.379252,1.0013677
4.380641,1.0030924
4.382030,0.9993975
4.383419,1.0017144
4.384808,1.0006088
4.386197,0.9993993
4.387585,1.0014587
4.388974,0.9985915
4.390363,0.9980139
4.391752,1.0015669
4.393141,0.9999310
4.394530,1.0005740
4.395919,1.0012148
4.397308,0.9987556
4.398697,0.9992621
4.400086,1.0000997
4.401475,1.0007649
4.402864,1.0002020
4.404252,0.9987024
4.405641,0.9996667
4.407030,1.0026754
4.408419,0.9992178
4.409808,1.0007574
4.411197,0.9993489
4.412586,1.0001499
4.413975,1.0001179
4.415364,0.9995932
4.416753,0.9998566
4.418142,0.9999525
4.419531,0.9999034
4.420919,0.9992464
4.422308,1.0000787
4.423697,0.9990627
4.425086,0.9982965
4.426475,0.9981377
4.427864,0.9988325
4.429253,1.0009118
4.430642,1.0007141
4.432031,1.0001984
4.433420,0.9999080
4.434809,1.0001603
4.436197,1.0006081
4.437586,0.9979521
4.438975,0.9987943
4.440364,0.9993476
4.441753,0.9990032
4.443142,0.9980629
4.444531,0.9996161
4.445920,0.9996422
4.447309,1.0008830
4.448698,1.0003361
4.450087,0.9967413
4.451476,1.0002490
4.452864,1.0015344
4.454253,0.9998532
4.455642,1.0041236
4.457031,0.9990995
4.458420,0.9990210
4.459809,0.9993066
4.461198,1.0005410
4.462587,1.0012180
4.463976,0.9997392
4.465365,1.0008877
4.466754,1.0015922
4.468142,1.0013983
4.469531,0.9977742
4.470920,1.0003411
4.472309,1.0009331
4.473698,1.0008139
4.475087,1.0004754
4.476476,1.0002720
4.477865,1.0006271
4.479254,0.9997704
4.480643,0.9990897
4.482032,1.0015649
4.483421,1.0002745
4.484809,0.9996577
4.486198,0.9996879
4.487587,0.9990516
4.488976,0.9991348
4.490365,1.0005401
4.491754,1.0007328
4.493143,0.9989780
4.494532,0.9973290
4.495921,1.0001313
4.497310,0.9984312
4.498699,0.9982482
4.500087,0.9997787
4.501476,0.9981280
4.502865,1.0006688
4.504254,0.9990695
4.505643,0.9990084
4.507032,0.9993022
4.508421,0.9992487
4.509810,1.0000904
4.511199,0.9985759
4.512588,0.9961363
4.513977,0.9992359
4.515366,0.9979593
4.516754,0.9995468
4.518143,0.9994164
4.519532,0.9992857
4.520921,0.9996182
4.522310,0.9982458
4.523699,0.9990043
4.525088,0.9996594
4.526477,1.0008081
4.527866,0.9994962
4.529255,0.9989843
4.530644,1.0002085
4.532032,1.0008231
4.533421,0.9990331
4.534810,1.0003182
4.536199,0.9989214
4.537588,0.9978147
4.538977,1.0012716
4.540366,1.0002103
4.541755,0.9987821
4.543144,1.0010606
4.544533,1.0001874
4.545922,0.9993574
4.547311,0.9998857
4.548699,0.9969035
4.550088,1.0012138
4.551477,1.0013986
4.552866,1.0009550
4.554255,0.9989582
4.555644,1.0006655
4.557033,1.0016940
4.558422,1.0014039
4.559811,0.9995626
4.561200,1.0003739
4.562589,0.9998308
4.563977,1.0011747
4.565366,1.0010233
4.566755,0.9973907
4.568144,0.9991971
4.569533,0.9977429
4.570922,1.0007563
4.572311,1.0023006
4.573700,1.0021797
4.575089,1.0017049
4.576478,1.0012976
4.577867,1.0033890
4.579256,0.9995220
4.580644,1.0024265
4.582033,0.9998093
4.583422,1.0014142
4.584811,1.0002908
4.586200,1.0002679
4.587589,0.9998709
4.588978,1.0011395
4.590367,0.9995423
4.591756,0.9978354
4.593145,0.9997308
4.594534,0.9998695
4.595922,1.0016730
4.597311,0.9998876
4.598700,0.9976204
4.600089,1.0002555
4.601478,0.9994586
4.602867,0.9999555
4.604256,1.0005556
4.605645,0.9991168
4.607034,0.9995743
4.608423,0.9995151
4.609812,1.0011560
4.611201,0.9975251
4.612589,0.9988032
4.613978,0.9989209
4.615367,0.9995080
4.616756,0.9997607
4.618145,0.9998453
4.619534,1.0004210
4.620923,0.9990631
4.622312,0.9995615
4.623701,1.0004224
4.625090,0.9983708
4.626479,1.0002570
4.627867,0.9997298
4.629256,1.0003955
4.630645,0.9978279
4.632034,1.0006231
4.633423,1.0012122
4.634812,0.9987236
4.636201,1.0006280
4.637590,1.0010782
4.638979,1.0015782
4.640368,1.0003102
4.641757,0.9995220
4.643146,1.0002325
4.644534,0.9988540
4.645923,0.9986130
4.647312,0.9993815
4.648701,1.0005664
4.650090,0.9985808
4.651479,0.9996930
4.652868,1.0009976
4.654257,0.9995987
4.655646,1.0006909
4.657035,1.0005040
4.658424,1.0013339
4.659813,1.0008793
4.661201,0.9999845
4.662590,0.9975198
4.663979,1.0012813
4.665368,0.9982781
4.666757,1.0007170
4.668146,1.0012839
4.669535,1.0016113
4.670924,1.0026546
4.672313,1.0008901
4.673702,1.0007566
4.675091,1.0020231
4.676479,1.0011010
4.677868,1.0001395
4.679257,1.0003639
4.680646,0.9981481
4.682035,1.0003086
4.683424,1.0010064
4.684813,0.9990197
4.686202,1.0015694
4.687591,0.9993215
4.688980,1.0007729
4.690369,0.9992127
4.691758,1.0002564
4.693146,1.0022665
4.694535,0.9986284
4.695924,1.0005258
4.697313,1.0009586
4.698702,0.9978842
4.700091,0.9996206
4.701480,0.9988732
4.702869,0.9979294
4.704258,0.9987425
4.705647,0.9971438
4.707036,0.9975697
4.708424,1.0030372
4.709813,1.0010714
4.711202,0.9982754
4.712591,0.9989078
4.713980,0.9981018
4.715369,1.0004600
4.716758,0.9988183
4.718147,0.9996856
4.719536,0.9992007
4.720925,1.0019566
4.722314,0.9986470
4.723703,0.9983949
4.725091,1.0023017
4.726480,0.9978160
4.727869,1.0008090
4.729258,1.0004360
4.730647,1.0002676
4.732036,0.9993277
4.733425,1.0000479
4.734814,1.0013900
4.736203,0.9990929
4.737592,1.0006139
4.738981,0.9987853
4.740369,0.9995564
4.741758,1.0003260
4.743147,0.9996827
4.744536,1.0012883
4.745925,0.9984675
4.747314,0.9992604
4.748703,1.0007440
4.750092,1.0005352
4.751481,1.0009896
4.752870,0.9995220
4.754259,1.0002876
4.755648,0.9993103
4.757036,0.9983705
4.758425,1.0000905
4.759814,1.0009337
4.761203,1.0032492
4.762592,0.9995486
4.763981,0.9994243
4.765370,1.0001663
4.766759,1.0011784
4.768148,1.0006744
4.769537,0.9996221
4.770926,1.0012366
4.772314,0.9996632
4.773703,1.0012078
4.775092,1.0005545
4.776481,1.0011952
4.777870,1.0002712
4.779259,1.0008548
4.780648,0.9978827
4.782037,0.9999508
4.783426,0.9999033
4.784815,0.9990778
4.786204,0.9992550
4.787593,1.0020201
4.788981,1.0019505
4.790370,1.0000231
4.791759,1.0013071
4.793148,1.0001899
4.794537,1.0008598
4.795926,1.0014756
4.797315,0.9998360
4.798704,0.9999365
4.800093,0.9996436
4.801482,1.0006910
4.802871,0.9998827
4.804259,0.9994219
4.805648,0.9988117
4.807037,0.9986560
4.808426,1.0025168
4.809815,0.9998517
4.811204,0.9996856
4.812593,1.0012081
4.813982,0.9992753
4.815371,1.0012409
4.816760,0.9989854
4.818149,1.0011869
4.819537,1.0006232
4.820926,0.9986596
4.822315,0.9997920
4.823704,0.9996498
4.825093,0.9998044
4.826482,0.9970839
4.827871,0.9990856
4.829260,0.9983829
4.830649,1.0004521
4.832038,1.0011693
4.833427,0.9985371
4.834816,1.0009099
4.836204,0.9994447
4.837593,1.0001111
4.838982,0.9992546
4.840371,1.0004902
4.841760,1.0013021
4.843149,1.0004870
4.844538,0.9998050
4.845927,1.0008291
4.847316,0.9998788
4.848705,0.9977726
4.850094,1.0014273
4.851482,0.9995052
4.852871,0.9981326
4.854260,1.0011076
4.855649,0.9995848
4.857038,1.0000252
4.858427,1.0012086
4.859816,1.0030428
4.861205,1.0011985
4.862594,0.9983858
4.863983,0.9997018
4.865372,0.9989065
4.866761,1.0010514
4.868149,0.9980339
4.869538,0.9998659
4.870927,0.9963063
4.872316,0.9999471
4.873705,0.9977750
4.875094,1.0007830
4.876483,1.0022985
4.877872,1.0008418
4.879261,0.9982963
4.880650,1.0008475
4.882039,1.0025501
4.883427,0.9996417
4.884816,1.0006648
4.886205,0.9988538
4.887594,1.0002852
4.888983,0.9999979
4.890372,0.9985535
4.891761,1.0005412
4.893150,0.9994808
4.894539,0.9993491
4.895928,0.9996466
4.897317,1.0016128
4.898706,0.9988424
4.900094,1.0011534
4.901483,0.9989345
4.902872,1.0009224
4.904261,1.0005993
4.905650,1.0014475
4.907039,0.9996963
4.908428,0.9990124
4.909817,1.0007858
4.911206,0.9992007
4.912595,0.9993806
4.913984,0.9987340
4.915372,0.9981397
4.916761,1.0001883
4.918150,1.0003801
4.919539,0.9993828
4.920928,1.0001961
4.922317,0.9998274
4.923706,1.0010886
4.925095,1.0012422
4.926484,1.0006131
4.927873,1.0015757
4.929262,0.9998342
4.930651,1.0005904
4.932039,1.0007651
4.933428,1.0007106
4.934817,1.0006967
4.936206,0.9988666
4.937595,1.0011261
4.938984,1.0012339
4.940373,1.0004961
4.941762,1.0031777
4.943151,0.9996202
4.944540,0.9977679
4.945929,1.0003574
4.947317,0.9986317
4.948706,0.9996096
4.950095,0.9993327
4.951484,0.9998698
4.952873,1.0016090
4.954262,0.9982142
4.955651,1.0005450
4.957040,1.0017572
4.958429,0.9989665
4.959818,1.0007725
4.961207,1.0003630
4.962596,0.9996710
4.963984,1.0013173
4.965373,0.9992746
4.966762,0.9986419
4.968151,1.0004267
4.969540,1.0011844
4.970929,0.9985045
4.972318,0.9975065
4.973707,1.0016692
4.975096,1.0000788
4.976485,1.0012925
4.977874,0.9994118
4.979262,0.9998791
4.980651,0.9975040
4.982040,1.0001657
4.983429,0.9979083
4.984818,0.9995062
4.986207,0.9997283
4.987596,1.0018517
4.988985,0.9972055
4.990374,0.9985588
4.991763,0.9999332
4.993152,1.0016540
4.994541,0.9984737
4.995929,0.9993543
4.997318,1.0000544
4.998707,0.9995376
5.000096,1.0008729
5.001485,0.9989471
5.002874,1.0001961
5.004263,0.9996361
5.005652,0.9972283
5.007041,1.0008015
5.008430,0.9995241
5.009819,1.0015499
5.011207,1.0014882
5.012596,1.0001402
5.013985,1.0009719
5.015374,0.9981709
5.016763,0.9990345
5.018152,0.9999568
5.019541,1.0001595
5.020930,0.9992988
5.022319,1.0021037
5.023708,1.0001507
5.025097,1.0011190
5.026486,0.9993127
5.027874,1.0018076
5.029263,1.0006852
5.030652,1.0005121
5.032041,1.0013217
5.033430,1.0015735
5.034819,0.9994801
5.036208,1.0018400
5.037597,0.9976220
5.038986,0.9995455
5.040375,0.9981640
5.041764,0.9978299
5.043152,0.9980260
5.044541,1.0009099
5.045930,1.0011653
5.047319,1.0000262
5.048708,1.0006765
5.050097,0.9983696
5.051486,0.9996183
5.052875,0.9998411
5.054264,0.9992203
5.055653,1.0015536
5.057042,0.9997032
5.058430,1.0016474
5.059819,1.0002655
5.061208,1.0007847
5.062597,1.0003606
5.063986,1.0026840
5.065375,0.9980630
5.066764,0.9972378
5.068153,1.0013287
5.069542,1.0008251
5.070931,1.0006818
5.072320,0.9993652
5.073709,1.0009804
5.075097,0.9998157
5.076486,1.0022717
5.077875,0.9982606
5.079264,0.9990751
5.080653,0.9999759
5.082042,0.9986670
5.083431,1.0011848
5.084820,1.0006430
5.086209,0.9985148
5.087598,0.9996560
5.088987,1.0001749
5.090375,0.9996156
5.091764,0.9976264
5.093153,1.0003582
5.094542,0.9992510
5.095931,0.9991030
5.097320,1.0012529
5.098709,1.0011220
5.100098,1.0019298
5.101487,1.0003565
5.102876,1.0005989
5.104265,1.0033140
5.105654,1.0016252
5.107042,0.9997893
5.108431,0.9985781
5.109820,1.0007332
5.111209,0.9996271
5.112598,1.0003703
5.113987,1.0001285
5.115376,1.0015942
5.116765,1.0010140
5.118154,0.9970917
5.119543,0.9998243
5.120932,1.0014184
5.122320,0.9999037
5.123709,1.0010135
5.125098,0.9998424
5.126487,0.9993238
5.127876,0.9998336
5.129265,0.9975859
5.130654,0.9992222
5.132043,0.9995655
5.133432,1.0010582
5.134821,1.0008283
5.136210,1.0009368
5.137599,0.9992114
5.138987,0.9984132
5.140376,1.0013121
5.141765,0.9988500
5.143154,0.9997884
5.144543,0.9992265
5.145932,1.0000601
5.147321,1.0020198
5.148710,1.0008832
5.150099,1.0007325
5.151488,1.0003299
5.152877,1.0009891
5.154265,1.0001965
5.155654,1.0008976
5.157043,1.0011043
5.158432,1.0001026
5.159821,0.9998733
5.161210,0.9984097
5.162599,0.9983997
5.163988,1.0028584
5.165377,0.9986758
5.166766,0.9995841
5.168155,0.9985950
5.169544,0.9986285
5.170932,0.9995304
5.172321,0.9994408
5.173710,0.9990283
5.175099,1.0001570
5.176488,0.9988661
5.177877,0.9997262
5.179266,0.9993989
5.180655,1.0010280
5.182044,0.9999600
5.183433,0.9992534
5.184822,1.0009718
5.186210,1.0002355
5.187599,1.0010098
5.188988,1.0016900
5.190377,0.9990983
5.191766,1.0013773
5.193155,0.9995797
5.194544,0.9989322
5.195933,1.0025336
5.197322,1.0001216
5.198711,0.9983964
5.200100,1.0003120
5.201488,1.0005764
5.202877,0.9994911
5.204266,0.9988660
5.205655,1.0008257
5.207044,1.0005089
5.208433,0.9995613
5.209822,1.0027123
5.211211,0.9992200
5.212600,1.0009238
5.213989,0.9979517
5.215378,0.9995689
5.216767,0.9978224
5.218155,1.0021502
5.219544,0.9996520
5.220933,0.9982089
5.222322,1.0010155
5.223711,1.0000162
5.225100,0.9988256
5.226489,1.0009549
5.227878,1.0001737
5.229267,1.0011142
5.230656,1.0003622
5.232045,1.0009994
5.233433,0.9999458
5.234822,0.9987610
5.236211,0.9992101
5.237600,0.9996955
5.238989,1.0002181
5.240378,1.0019259
5.241767,1.0028767
5.243156,1.0006855
5.244545,0.9993638
5.245934,0.9994372
5.247323,0.9981937
5.248712,0.9983249
5.250100,0.9976607
5.251489,1.0000656
5.252878,0.9991488
5.254267,1.0000175
5.255656,1.0005169
5.257045,0.9991486
5.258434,0.9991875
5.259823,1.0030401
5.261212,1.0001713
5.262601,0.9990088
5.263990,0.9996603
5.265378,0.9986490
5.266767,0.9991118
5.268156,1.0024283
5.269545,1.0004392
5.270934,1.0010046
5.272323,0.9976006
5.273712,0.9993939
5.275101,0.9977626
5.276490,1.0007161
5.277879,0.9968840
5.279268,1.0009490
5.280657,0.9981451
5.282045,0.9985054
5.283434,0.9999611
5.284823,1.0004148
5.286212,0.9998116
5.287601,0.9969226
5.288990,1.0004364
5.290379,0.9990572
5.291768,1.0016574
5.293157,1.0003751
5.294546,1.0009611
5.295935,1.0005845
5.297323,0.9996888
5.298712,1.0007318
5.300101,0.9994593
5.301490,1.0013222
5.302879,1.0001589
5.304268,1.0022634
5.305657,1.0013784
5.307046,1.0003521
5.308435,1.0005457
5.309824,1.0005703
5.311213,1.0013784
5.312601,1.0027541
5.313990,1.0016443
5.316768,0.9985310
5.318157,0.9984962
5.319546,0.9988375
5.320935,0.9988742
5.322324,0.9988280
5.323713,0.9989712
5.325102,1.0020067
5.326491,1.0004984
5.327880,1.0027838
5.329268,0.9982877
5.330657,1.0004656
5.332046,1.0000159
5.333435,0.9997001
5.334824,0.9995214
5.336213,1.0002763
5.337602,0.9991645
5.338991,1.0011805
5.340380,0.9996186
5.341769,0.9991732
5.343158,0.9984991
5.344546,0.9990919
5.345935,1.0015733
5.347324,0.9992568
5.350102,1.0005283
5.351491,1.0002235
5.352880,1.0007768
5.354269,0.9985759
5.355658,0.9982447
5.357047,1.0006802
5.358436,1.0012570
5.359825,0.9998115
5.361213,0.9999053
5.362602,0.9994285
5.363991,1.0001647
5.365380,0.9995882
5.366769,0.9989010
5.368158,1.0006547
5.369547,1.0004362
5.370936,1.0023957
5.372325,1.0019288
5.373714,1.0003622
5.375103,1.0031194
5.376491,0.9991779
5.377880,1.0011030
5.379269,1.0026613
5.380658,0.9972172
5.382047,1.0005824
5.383436,1.0016582
5.384825,0.9981404
5.386214,0.9998000
5.387603,0.9974766
5.388992,0.9999017
5.390381,0.9984108
5.391769,0.9992535
5.393158,1.0004402
5.394547,1.0009876
5.395936,1.0009644
5.397325,1.0005004
5.398714,0.9985031
5.400103,0.9994806
5.401492,0.9986834
5.402881,1.0007186
5.404270,0.9990993
5.405659,1.0003103
5.407048,0.9994516
5.408436,0.9988083
5.409825,1.0009444
5.411214,0.9987489
5.412603,1.0026917
5.413992,1.0020607
5.415381,0.9987530
5.416770,0.9988525
5.418159,1.0008202
5.419548,1.0020013
5.420937,1.0007083
5.422326,1.0014324
5.423714,0.9995806
5.425103,1.0011224
5.426492,1.0005165
5.427881,0.9993576
5.429270,1.0014514
5.430659,0.9998993
5.432048,0.9992327
5.433437,1.0007439
5.434826,0.9990942
5.436215,0.9977826
5.437604,1.0001735
5.438992,1.0016990
5.440381,1.0009928
5.441770,1.0001389
5.443159,1.0013059
5.444548,1.0006157
5.445937,1.0011313
5.447326,0.9979040
5.448715,1.0003117
5.450104,0.9988812
5.451493,1.0020985
5.452882,1.0010857
5.454271,0.9972132
5.455659,1.0008393
5.457048,0.9994264
5.458437,1.0005867
5.459826,1.0013394
5.461215,0.9987624
5.462604,1.0005583
5.463993,0.9985972
5.465382,1.0007560
5.466771,0.9992086
5.468160,1.0010456
5.469549,0.9991500
5.470937,1.0008985
5.472326,0.9990291
5.473715,0.9987472
5.475104,0.9992171
5.476493,0.9994443
5.477882,0.9996744
5.479271,1.0014336
5.480660,1.0012772
5.482049,0.9987984
5.483438,1.0000137
5.484827,0.9984550
5.486216,0.9990039
5.487604,0.9997992
5.488993,0.9989981
5.490382,1.0007198
5.491771,0.9976047
5.493160,1.0012484
5.494549,1.0000714
5.495938,1.0002658
5.497327,1.0014384
5.498716,1.0011760
5.500105,1.0016626
5.501494,0.9989025
5.502882,1.0002078
5.504271,1.0012040
5.505660,1.0001355
5.507049,0.9993853
5.508438,1.0019373
5.509827,0.9966647
5.511216,0.9997756
5.512605,1.0009708
5.513994,0.9988150
5.515383,0.9997248
5.516772,0.9982377
5.518160,0.9993913
5.519549,1.0003031
5.520938,0.9993664
5.522327,1.0004070
5.523716,1.0004142
5.525105,0.9994092
5.526494,0.9997396
5.527883,1.0012699
5.529272,1.0010951
5.530661,1.0012600
5.532050,0.9998843
5.533439,0.9980220
5.534827,1.0016922
5.536216,1.0010778
5.537605,1.0011343
5.538994,1.0010916
5.540383,0.9980507
5.541772,1.0016136
5.543161,1.0001697
5.544550,1.0016323
5.545939,1.0011232
5.547328,0.9999177
5.548717,1.0009460
5.550105,0.9992320
5.551494,0.9974048
5.552883,1.0012977
5.554272,0.9990951
5.555661,1.0000445
5.557050,0.9987818
5.558439,0.9999022
5.559828,1.0002657
5.561217,0.9965083
5.562606,0.9996344
5.563995,0.9987390
5.565383,0.9999055
5.566772,0.9998002
5.568161,1.0007240
5.569550,1.0000830
5.570939,1.0001452
5.572328,0.9993086
5.573717,0.9979143
5.575106,1.0012278
5.576495,1.0015615
5.577884,1.0014094
5.579273,0.9989564
5.580662,1.0021632
5.582050,1.0010226
5.583439,0.9988414
5.584828,0.9987587
5.586217,1.0007540
5.587606,1.0000770
5.588995,0.9987916
5.590384,0.9992038
5.591773,0.9971421
5.593162,0.9992881
5.594551,1.0009347
5.595940,0.9996264
5.597328,0.9991063
5.598717,0.9988532
5.600106,1.0001677
5.601495,0.9999541
5.602884,1.0001330
5.604273,1.0011741
5.605662,1.0008955
5.607051,1.0009756
5.609829,0.9995634
5.611218,1.0014997
5.612607,1.0006094
5.613995,0.9991433
5.615384,1.0004490
5.616773,1.0001102
5.618162,1.0016486
5.619551,1.0028515
5.620940,0.9972352
5.622329,0.9996023
5.623718,1.0001243
5.625107,0.9989638
5.626496,1.0015799
5.627885,0.9985866
5.629273,1.0020636
5.630662,1.0004122
5.632051,0.9988389
5.633440,0.9987421
5.634829,1.0001038
5.636218,1.0013415
5.637607,1.0014712
5.638996,1.0010600
5.640385,0.9996129
5.641774,0.9978798
5.643163,1.0007685
5.644551,0.9998391
5.645940,0.9984998
5.647329,1.0005128
5.648718,1.0014400
5.650107,0.9998148
5.651496,0.9991838
5.652885,0.9980023
5.654274,0.9989778
5.655663,0.9976884
5.657052,1.0018660
5.658441,0.9993253
5.659830,0.9992058
5.661218,0.9989112
5.662607,1.0005157
5.663996,0.9997227
5.665385,1.0001727
5.666774,0.9995380
5.668163,0.9987421
5.669552,0.9991574
5.670941,1.0009090
5.672330,0.9992304
5.673719,1.0006771
5.675108,1.0009447
5.676496,1.0011744
5.677885,1.0001697
5.679274,1.0009931
5.680663,0.9993501
5.682052,1.0000500
5.683441,0.9973479
5.684830,1.0011596
5.686219,0.9981513
5.687608,1.0002874
5.688997,1.0003282
5.690386,0.9991960
5.691774,0.9990668
5.693163,0.9997625
5.694552,0.9998056
5.695941,0.9985294
5.697330,0.9999747
5.698719,0.9998316
5.700108,0.9991772
5.701497,0.9983610
5.702886,0.9990447
5.704275,1.0003146
5.705664,1.0000282
5.707053,1.0003898
5.708441,1.0022262
5.709830,0.9991171
5.711219,0.9987305
5.712608,0.9992380
5.713997,0.9998078
5.715386,1.0015337
5.716775,0.9993380
5.718164,1.0007444
5.719553,1.0007975
5.720942,1.0006910
5.722331,0.9994429
5.723719,1.0016978
5.725108,0.9990122
5.726497,1.0007225
5.727886,1.0011230
5.729275,0.9990378
5.730664,0.9998595
5.732053,1.0005313
5.733442,1.0007164
5.734831,0.9991362
5.736220,1.0013230
5.737609,0.9982118
5.738997,0.9998643
5.740386,1.0003897
5.741775,0.9994817
5.743164,0.9992393
5.744553,0.9998226
5.745942,0.9998615
5.747331,1.0012656
5.748720,1.0015224
5.750109,1.0013397
5.751498,1.0011332
5.752887,1.0003177
5.754276,1.0004341
5.755664,0.9999537
5.757053,0.9988288
5.758442,1.0010124
5.759831,0.9997248
5.761220,0.9995794
5.762609,1.0002064
5.763998,0.9987045
5.765387,0.9995275
5.766776,0.9971582
5.768165,0.9994765
5.769554,0.9992826
5.770942,1.0003151
5.772331,0.9979529
5.773720,1.0016179
5.775109,0.9983516
5.776498,0.9988057
5.777887,1.0007808
5.779276,0.9973616
5.780665,0.9998898
5.782054,1.0000858
5.783443,0.9976363
5.784832,0.9992415
5.786220,1.0005610
5.787609,1.0009270
5.788998,1.0006368
5.790387,1.0001946
5.791776,1.0000787
5.793165,1.0014644
5.794554,1.0006702
5.795943,0.9992590
5.797332,0.9996967
5.798721,0.9996239
5.800110,1.0003507
5.801499,0.9994798
5.802887,1.0004058
5.804276,1.0022664
5.805665,0.9989064
5.807054,1.0007726
5.808443,1.0002657
5.809832,0.9992884
5.811221,0.9980326
5.812610,0.9988979
5.813999,1.0002195
5.815388,0.9979000
5.816777,1.0025853
5.818165,1.0009793
5.819554,1.0025865
5.820943,0.9984436
5.822332,1.0013431
5.825110,1.0005891
5.826499,0.9989354
5.827888,1.0016050
5.829277,0.9996195
5.830666,1.0019149
5.832055,1.0004652
5.833443,0.9991813
5.834832,1.0014970
5.836221,0.9983521
5.837610,0.9999302
5.838999,0.9995773
5.840388,1.0047418
5.841777,0.9984167
5.843166,1.0005587
5.844555,0.9985400
5.845944,0.9994305
5.847333,0.9980544
5.848722,1.0023888
5.850110,1.0001791
5.851499,0.9997666
5.852888,1.0000194
5.854277,1.0002960
5.855666,1.0002331
5.857055,0.9999984
5.858444,0.9988524
5.859833,0.9987800
5.861222,0.9986225
5.864000,0.9991618
5.865388,0.9996192
5.866777,0.9999737
5.868166,1.0019842
5.869555,1.0011231
5.870944,1.0004260
5.872333,0.9995482
5.873722,1.0014135
5.875111,1.0004296
5.876500,1.0024671
5.877889,0.9991465
5.882055,1.0014413
5.883444,0.9986137
5.884833,1.0009658
5.886222,1.0017574
5.887611,1.0000854
5.889000,1.0019648
5.890389,0.9989419
5.891778,0.9997491
5.893167,1.0020059
5.894556,0.9989948
5.895945,1.0018214
5.897333,0.9987634
5.898722,1.0011052
5.900111,1.0002503
5.901500,0.9984181
5.902889,1.0016759
5.904278,1.0011451
5.905667,0.9984855
5.907056,1.0004552
5.908445,1.0010653
5.909834,0.9995927
5.911223,0.9989921
5.912611,0.9992733
5.914000,1.0027332
5.915389,1.0004879
5.918167,1.0008121
5.919556,0.9998779
5.920945,0.9981592
5.922334,1.0001270
5.923723,0.9998465
5.925112,0.9983386
5.926501,1.0006856
5.927889,1.0008225
5.929278,0.9998401
5.930667,0.9987627
5.932056,0.9994765
5.933445,0.9999486
5.934834,1.0004230
5.936223,0.9988738
5.937612,1.0015893
5.939001,0.9995380
5.940390,1.0021158
5.941779,1.0011871
5.943168,0.9992677
5.944556,1.0001918
5.945945,0.9983433
5.947334,0.9993248
5.948723,0.9999485
5.950112,1.0005267
5.951501,1.0002880
5.952890,0.9999068
5.954279,1.0003923
5.955668,1.0013220
5.957057,1.0006271
5.958446,0.9985020
5.959834,1.0007393
5.961223,1.0025157
5.962612,0.9979330
5.964001,0.9999566
5.965390,1.0008157
5.966779,1.0008524
5.968168,1.0006127
5.969557,1.0003176
5.970946,0.9972084
5.972335,0.9990406
5.973724,0.9998399
5.975112,0.9994495
5.976501,1.0000998
5.977890,1.0008364
5.979279,1.0011892
5.980668,0.9993248
5.982057,1.0003284
5.983446,0.9992763
5.984835,1.0009035
5.986224,0.9995349
5.987613,0.9986460
5.989002,1.0000037
5.990390,0.9999431
5.991779,0.9985743
5.993168,0.9998149
5.994557,1.0012118
5.995946,0.9987812
5.997335,0.9983588
5.998724,0.9998829
6.000113,1.0005608
6.001502,1.0006475
6.002891,1.0000233
6.004280,1.0020317
6.005669,0.9990765
6.007057,1.0012007
6.008446,0.9995284
6.009835,1.0000455
6.011224,0.9998255
6.012613,1.0025329
6.014002,1.0017618
6.015391,0.9992387
6.016780,1.0004815
6.018169,1.0023960
6.019558,1.0021517
6.020947,1.0005559
6.022335,1.0000433
6.023724,0.9982359
6.025113,1.0009956
6.026502,0.9981879
6.027891,1.0004198
6.029280,1.0010478
6.030669,0.9996073
6.032058,1.0001832
6.033447,0.9981412
6.034836,0.9991688
6.036225,0.9987786
6.037613,1.0027310
6.039002,1.0001171
6.040391,1.0002851
6.041780,0.9978545
6.043169,1.0000917
6.044558,1.0001292
6.045947,1.0004590
6.047336,0.9978135
6.048725,0.9993707
6.050114,1.0003295
6.051503,1.0015265
6.052892,0.9999760
6.054280,0.9993672
6.055669,1.0004531
6.057058,1.0006687
6.058447,0.9990975
6.059836,0.9995427
6.061225,0.9991367
6.062614,1.0001042
6.064003,1.0001325
6.065392,1.0019241
6.066781,0.9992418
6.068170,0.9997652
6.069558,0.9995833
6.070947,1.0008001
6.072336,0.9987553
6.073725,1.0016111
6.075114,1.0009494
6.076503,0.9996692
6.077892,0.9991852
6.079281,1.0004320
6.080670,1.0006576
6.082059,0.9995114
6.083448,1.0006451
6.084836,0.9999270
6.086225,1.0010804
6.087614,0.9987351
6.089003,1.0015995
6.090392,0.9989308
6.091781,0.9992081
6.093170,1.0006223
6.094559,1.0007458
6.095948,0.9998264
6.097337,1.0001830
6.098726,1.0011794
6.100114,1.0014886
6.101503,1.0009353
6.102892,1.0011335
6.104281,1.0002565
6.105670,0.9989012
6.107059,0.9999568
6.108448,0.9983094
6.109837,1.0013930
6.111226,0.9998313
6.112615,0.9994273
6.114004,1.0004186
6.115393,1.0010129
6.116781,1.0018771
6.118170,0.9982491
6.119559,0.9989494
6.120948,0.9986695
6.122337,1.0008291
6.123726,1.0005148
6.125115,0.9995048
6.126504,0.9993579
6.127893,0.9993233
6.129282,1.0012602
6.130671,0.9991830
6.132059,1.0009776
6.133448,1.0002743
6.134837,0.9978658
6.136226,1.0003104
6.137615,0.9990265
6.139004,0.9986332
6.140393,0.9996367
6.141782,0.9988141
6.143171,0.9993472
6.144560,1.0000184
6.145949,1.0003768
6.147337,0.9990495
6.148726,1.0017743
6.150115,0.9982807
6.151504,1.0024493
6.152893,1.0014204
6.154282,1.0009146
6.155671,0.9978856
6.157060,1.0007256
6.158449,0.9994521
6.159838,0.9999760
6.161227,1.0010840
6.162616,0.9986483
6.164004,0.9987714
6.165393,0.9976378
6.166782,1.0019987
6.168171,0.9996730
6.169560,0.9993069
6.170949,0.9977019
6.172338,1.0010574
6.173727,1.0003427
6.175116,0.9991878
6.176505,0.9983237
6.177894,0.9981106
6.179282,0.9970029
6.180671,0.9987214
6.182060,0.9978520
6.183449,1.0017514
6.184838,0.9980502
6.186227,0.9994746
6.187616,0.9990009
6.189005,0.9996398
6.190394,1.0006115
6.191783,1.0015100
6.193172,0.9990355
6.194560,1.0004246
6.195949,1.0009417
6.197338,0.9994158
6.198727,0.9994245
6.200116,1.0009353
6.201505,0.9991348
6.202894,0.9984658
6.204283,0.9990413
6.205672,0.9981412
6.207061,0.9973560
6.208450,0.9995058
6.211227,1.0002328
6.212616,1.0006259
6.214005,1.0010369
6.215394,1.0009342
6.216783,0.9998966
6.218172,1.0009831
6.219561,0.9997514
6.220950,0.9996363
6.222339,0.9999179
6.223728,0.9995196
6.225117,0.9996207
6.226505,1.0006551
6.227894,1.0000551
6.229283,1.0006927
6.230672,1.0005863
6.232061,1.0009080
6.233450,0.9992662
6.234839,1.0006057
6.236228,0.9985098
6.237617,0.9990073
6.239006,0.9995752
6.240395,0.9995934
6.241783,0.9992170
6.243172,1.0020356
6.244561,1.0004189
6.245950,1.0007802
6.247339,0.9993065
6.248728,1.0005823
6.250117,0.9991717
6.251506,1.0022604
6.252895,0.9982625
6.254284,1.0009704
6.255673,1.0013945
6.257061,0.9986160
6.258450,1.0013394
6.259839,0.9997697
6.261228,1.0003044
6.262617,0.9996617
6.264006,0.9990838
6.265395,1.0018612
6.266784,0.9984469
6.268173,0.9985527
6.269562,0.9985632
6.270951,1.0004136
6.272339,1.0000948
6.273728,0.9996657
6.275117,1.0003439
6.276506,0.9995143
6.277895,0.9975635
6.279284,1.0004910
6.280673,1.0002019
6.282062,1.0014346
6.283451,1.0012929
6.284840,0.9996345
6.286229,1.0014373
6.289006,0.9994075
6.290395,0.9993256
6.291784,0.9996538
6.293173,1.0012022
6.294562,1.0008893
6.295951,1.0011370
6.297340,0.9999741
6.298729,0.9982010
6.300118,0.9985779
6.301507,0.9981430
6.302896,1.0037669
6.304284,0.9998567
6.305673,1.0024124
6.307062,1.0030746
6.308451,0.9997330
6.309840,1.0007451
6.312618,0.9992334
6.315396,1.0001005
6.316785,1.0015759
6.319562,1.0002713
6.320951,1.0003606
6.322340,0.9999378
6.323729,0.9979151
6.325118,0.9990221
6.326507,0.9980128
6.327896,0.9980762
6.329285,1.0023381
6.334840,1.0026792
6.336229,1.0007685
6.337618,1.0005038
6.343174,1.0016643
6.345952,1.0015958
6.347341,0.9981625
6.348730,0.9998380
6.350119,1.0017092
6.351507,0.9993949
6.352896,0.9995799
6.354285,1.0010372
6.357063,0.9995592
6.358452,1.0002668
6.359841,0.9998063
6.361230,1.0006853
6.362619,1.0012193
6.364008,0.9988629
6.365397,1.0020863
6.366785,1.0005364
6.368174,1.0005723
6.369563,0.9998742
6.370952,1.0022942
6.372341,1.0009220
6.373730,0.9995493
6.375119,0.9995509
6.376508,0.9999669
6.379286,1.0002327
6.380675,1.0016529
6.382063,0.9999036
6.383452,1.0005447
6.384841,1.0004423
6.386230,1.0006295
6.387619,0.9979797
6.389008,0.9994663
6.391786,1.0003304
6.393175,0.9989956
6.394564,1.0011492
6.395953,1.0025176
6.398730,0.9983579
6.400119,0.9999050
6.401508,1.0026414
6.402897,1.0009060
6.404286,0.9992382
6.405675,0.9989436
6.407064,1.0007587
6.408453,0.9997309
6.409842,1.0020086
6.411231,0.9983298
6.412619,0.9987580
6.414008,1.0017411
6.415397,0.9994110
6.416786,1.0001095
6.418175,0.9989307
6.419564,1.0001795
6.420953,1.0004311
6.422342,1.0006039
6.423731,0.9978424
6.425120,0.9993062
6.426509,0.9995827
6.427898,1.0012399
6.429286,1.0007824
6.430675,1.0004460
6.432064,0.9999786
6.433453,1.0000893
6.434842,1.0020276
6.436231,0.9983780
6.437620,0.9998296
6.439009,1.0018788
6.440398,1.0005987
6.441787,0.9999100
6.443176,0.9997945
6.444564,0.9984132
6.445953,1.0028155
6.447342,1.0008925
6.448731,0.9992028
6.450120,1.0030627
6.451509,1.0007516
6.454287,0.9997300
6.455676,0.9979135
6.457065,0.9990496
6.459842,0.9999678
6.461231,1.0003278
6.462620,1.0005543
6.464009,0.9976142
6.465398,0.9996688
6.466787,0.9999953
6.468176,0.9983189
6.469565,1.0006388
6.470954,1.0019266
6.472343,0.9985001
6.473732,0.9990265
6.475120,1.0004057
6.476509,0.9990093
6.477898,0.9988348
6.479287,0.9997606
6.480676,1.0005431
6.482065,1.0017425
6.483454,0.9993867
6.484843,1.0000530
6.486232,1.0029749
6.487621,1.0006499
6.489010,0.9971707
6.490399,1.0012439
6.491787,0.9994793
6.493176,0.9993136
6.494565,1.0002427
6.495954,1.0002318
6.497343,1.0009284
6.498732,0.9995152
6.500121,1.0028949
6.501510,0.9993400
6.502899,0.9991635
6.504288,0.9988679
6.505677,0.9996513
6.507065,0.9999583
6.508454,0.9996848
6.509843,1.0008331
6.511232,0.9997208
6.512621,0.9999040
6.514010,0.9994059
6.515399,1.0010018
6.516788,0.9991312
6.518177,0.9967306
6.519566,1.0005709
6.520955,1.0008528
6.522343,1.0000030
6.523732,1.0011315
6.525121,1.0010676
6.526510,1.0013427
6.527899,1.0025830
6.529288,1.0008761
6.530677,0.9988376
6.532066,0.9973708
6.533455,1.0014878
6.536233,1.0019125
6.537621,1.0004728
6.539010,0.9982570
6.540399,0.9994907
6.541788,0.9994790
6.543177,1.0012083
6.544566,0.9997130
6.545955,1.0003469
6.547344,1.0015290
6.548733,0.9990900
6.550122,1.0011485
6.551511,0.9989920
6.552899,0.9975690
6.554288,1.0009271
6.555677,1.0010012
6.557066,1.0001679
6.558455,1.0002441
6.559844,1.0004220
6.561233,1.0009767
6.562622,1.0014455
6.564011,1.0004648
6.565400,1.0031275
6.566789,0.9998435
6.568178,0.9993897
6.569566,0.9981175
6.570955,1.0015319
6.572344,1.0016655
6.573733,0.9980092
6.575122,1.0002577
6.576511,1.0001020
6.577900,1.0000009
6.579289,0.9996605
6.580678,0.9996366
6.582067,1.0010329
6.583456,0.9999273
6.584844,1.0018274
6.586233,1.0003495
6.587622,0.9980253
6.589011,0.9999570
6.590400,0.9998972
6.591789,0.9993280
6.593178,0.9995662
6.594567,1.0008031
6.595956,0.9985665
6.597345,1.0019216
6.598734,1.0031442
6.600122,0.9970357
6.601511,0.9993991
6.602900,1.0006152
6.604289,0.9999512
6.605678,0.9985598
6.607067,0.9974606
6.608456,0.9997372
6.609845,1.0017784
6.611234,0.9989130
6.612623,1.0012970
6.614012,0.9980831
6.615400,1.0000953
6.616789,0.9998381
6.618178,1.0001017
6.619567,1.0004743
6.620956,0.9990610
6.622345,1.0008228
6.623734,0.9997097
6.625123,0.9987614
6.626512,1.0011654
6.627901,0.9994422
6.629290,1.0005249
6.630678,1.0012722
6.632067,1.0013027
6.633456,0.9989478
6.634845,0.9996606
6.636234,0.9988617
6.637623,1.0011481
6.639012,0.9996912
6.640401,1.0017609
6.641790,0.9998440
6.643179,0.9979360
6.644568,0.9997331
6.645957,1.0016155
6.647345,1.0001079
6.648734,1.0000024
6.650123,1.0011815
6.651512,0.9970918
6.652901,1.0011742
6.654290,0.9999817
6.655679,1.0005678
6.657068,1.0000561
6.658457,0.9980437
6.659846,0.9996972
6.661235,1.0007528
6.662623,0.9990870
6.664012,1.0009903
6.665401,0.9992449
6.666790,0.9999352
6.668179,1.0002983
6.669568,0.9994831
6.670957,0.9999787
6.672346,1.0008269
6.673735,1.0008396
6.675124,0.9995406
6.676513,1.0017087
6.677901,0.9994411
6.679290,0.9997826
6.680679,1.0001177
6.682068,0.9995210
6.683457,1.0010702
6.684846,1.0005455
6.686235,1.0002091
6.687624,0.9997223
6.689013,0.9994941
6.690402,1.0005886
6.691791,0.9985539
6.693179,1.0005900
6.694568,0.9986623
6.695957,1.0015470
6.697346,0.9985963
6.698735,0.9999817
6.700124,1.0002279
6.701513,0.9990053
6.702902,0.9980061
6.704291,0.9988816
6.705680,1.0007419
6.707069,0.9995257
6.708457,1.0000249
6.709846,0.9999970
6.711235,0.9982443
6.712624,0.9982403
6.714013,0.9993506
6.715402,1.0006142
6.716791,0.9997270
6.718180,1.0011997
6.719569,1.0020234
6.720958,0.9992020
6.725124,0.9996105
6.726513,0.9984505
6.727902,0.9960717
6.729291,0.9997365
6.730680,0.9991201
6.732069,0.9999136
6.733458,1.0028467
6.734847,0.9990921
6.736236,1.0023412
6.739014,0.9998718
6.740402,0.9982229
6.741791,0.9975394
6.743180,1.0041609
6.744569,0.9997096
6.745958,0.9980371
6.747347,0.9992045
6.748736,1.0006842
6.750125,0.9997498
6.751514,1.0013508
6.752903,1.0005079
6.754292,0.9984413
6.755680,1.0008626
6.757069,0.9991694
6.758458,1.0015509
6.759847,1.0006318
6.761236,1.0007437
6.762625,0.9998746
6.764014,1.0024181
6.765403,1.0014063
6.766792,0.9992837
6.768181,1.0004740
6.769570,1.0026217
6.770958,1.0026665
6.772347,0.9994602
6.773736,1.0001537
6.775125,1.0013919
6.776514,0.9991334
6.777903,0.9979431
6.779292,1.0006433
6.780681,1.0002170
6.782070,0.9985104
6.783459,0.9990458
6.784848,1.0001009
6.786236,0.9983978
6.787625,0.9999249
6.789014,0.9976521
6.790403,0.9992985
6.791792,1.0002686
6.793181,1.0006772
6.794570,0.9983335
6.795959,1.0001694
6.797348,0.9978946
6.798737,1.0008147
6.800126,1.0003392
6.801514,0.9994575
6.802903,0.9990021
6.804292,0.9997287
6.805681,0.9991931
6.807070,1.0002369
6.808459,0.9997559
6.809848,1.0020412
6.820959,1.0020443
6.822348,0.9971081
6.823737,0.9998213
6.825126,1.0021609
6.826515,0.9991780
6.827904,1.0000655
6.829293,1.0001960
6.830682,1.0004663
6.832071,1.0007549
6.833459,0.9981601
6.834848,1.0007421
6.836237,0.9978413
6.837626,0.9978920
6.839015,0.9970005
6.840404,0.9998687
6.841793,1.0007849
6.843182,0.9991968
6.844571,1.0003921
6.845960,0.9988482
6.847349,0.9991077
6.848737,1.0000761
6.850126,1.0004250
6.851515,0.9997306
6.852904,1.0016017
6.854293,0.9997966
6.855682,1.0009584
6.857071,1.0010471
6.858460,1.0009699
6.859849,0.9984511
6.861238,0.9998375
6.862627,1.0012536
6.864015,0.9984438
6.865404,1.0006740
6.866793,1.0010490
6.868182,0.9982160
6.869571,1.0003672
6.872349,0.9995745
6.873738,1.0018630
6.875127,1.0001474
6.876516,1.0010636
6.877905,0.9986321
6.879293,1.0025708
6.880682,1.0009453
6.882071,1.0009869
6.883460,1.0011604
6.884849,0.9987947
6.886238,0.9976956
6.887627,0.9980819
6.889016,0.9967436
6.890405,0.9998295
6.891794,1.0019044
6.893183,0.9998675
6.894571,0.9998912
6.895960,0.9999723
6.897349,0.9972674
6.898738,0.9991505
6.900127,1.0016382
6.901516,0.9981527
6.902905,1.0009091
6.904294,0.9977019
6.905683,1.0009568
6.907072,1.0019793
6.908461,1.0008592
6.909849,0.9982873
6.911238,1.0011952
6.912627,1.0011816
6.914016,0.9999545
6.915405,0.9990910
6.916794,1.0004411
6.918183,0.9996907
6.919572,1.0015507
6.920961,1.0012879
6.922350,0.9982638
6.923739,0.9989305
6.925127,1.0018665
6.926516,0.9997706
6.927905,1.0017166
6.929294,1.0017309
6.930683,1.0006091
6.932072,0.9972404
6.933461,0.9987692
6.934850,0.9997068
6.936239,0.9992489
6.937628,0.9998230
6.939017,1.0021126
6.940406,0.9987523
6.941794,0.9995304
6.943183,1.0000460
6.944572,0.9987528
6.945961,1.0010007
6.947350,1.0004863
6.948739,1.0009017
6.950128,0.9995611
6.951517,1.0004628
6.952906,1.0000987
6.954295,0.9978961
6.955684,1.0002503
6.957072,1.0007356
6.958461,1.0000837
6.959850,0.9994745
6.961239,0.9985723
6.962628,1.0019766
6.964017,0.9998570
6.965406,0.9984114
6.966795,1.0004699
6.968184,0.9994717
6.969573,0.9991693
6.970962,1.0002612
6.972350,0.9972490
6.973739,1.0023951
6.975128,1.0005357
6.976517,1.0010600
6.977906,1.0009463
6.979295,0.9991225
6.980684,0.9999461
6.982073,1.0015536
6.983462,1.0003726
6.984851,0.9989007
6.986240,1.0009495
6.987628,1.0012399
6.989017,1.0032919
6.990406,1.0003940
6.991795,0.9985376
6.993184,0.9997608
6.994573,1.0014245
6.995962,0.9995162
6.997351,0.9983286
6.998740,1.0010029
7.000129,0.9997267
7.001518,0.9986007
7.002906,1.0003330
7.004295,0.9998581
7.005684,1.0011683
7.007073,0.9990152
7.008462,0.9997650
7.009851,1.0004501
7.011240,0.9981532
7.012629,0.9998480
7.014018,1.0011680
7.015407,1.0003641
7.016796,1.0000347
7.018184,0.9997368
7.019573,0.9999715
7.020962,1.0009335
7.022351,1.0005511
7.023740,1.0002107
7.025129,0.9995062
7.026518,0.9989685
7.027907,0.9998080
7.029296,0.9990060
7.030685,0.9990970
7.032074,0.9997875
7.033462,1.0002356
7.034851,1.0011700
7.036240,1.0002149
7.037629,0.9991869
7.039018,0.9991661
7.040407,1.0011793
7.041796,1.0007431
7.043185,1.0004487
7.044574,1.0031975
7.045963,1.0001010
7.047352,0.9978577
7.048740,1.0001813
7.050129,0.9985969
7.051518,1.0007262
7.052907,0.9998787
7.054296,1.0018900
7.055685,0.9975873
7.057074,1.0002451
7.058463,1.0014978
7.059852,0.9991550
7.061241,1.0020457
7.062630,0.9990331
7.064019,0.9972797
7.065407,0.9990546
7.066796,0.9999533
7.068185,1.0010721
7.069574,1.0004134
7.070963,0.9997570
7.072352,1.0019686
7.073741,1.0008902
7.075130,0.9984909
7.076519,1.0014519
7.077908,0.9998678
7.079297,1.0007468
7.080685,1.0016515
7.082074,1.0016444
7.083463,0.9984173
7.084852,1.0008216
7.086241,0.9990473
7.087630,1.0000733
7.089019,0.9990323
7.090408,1.0005730
7.091797,1.0016934
7.093186,0.9979170
7.094575,1.0006896
7.095963,0.9997790
7.097352,1.0005342
7.098741,1.0018528
7.100130,0.9999338
7.101519,0.9996904
7.102908,0.9985152
7.104297,1.0005132
7.105686,1.0004528
7.107075,0.9988273
7.108464,1.0004791
7.109853,1.0000600
7.111241,1.0008744
7.112630,0.9982327
7.114019,0.9991992
7.115408,1.0003042
7.116797,0.9999218
7.118186,0.9972839
7.119575,1.0023630
7.120964,0.9993279
7.122353,1.0003735
7.123742,1.0001486
7.125131,0.9994872
7.126519,0.9986761
7.127908,1.0008412
7.129297,0.9996192
7.130686,1.0003162
7.132075,0.9980772
7.133464,1.0002065
7.134853,0.9998068
7.136242,0.9994166
7.137631,1.0003197
7.139020,1.0004924
7.140409,1.0012286
7.141797,1.0002665
7.143186,0.9997836
7.144575,1.0002444
7.145964,1.0003151
7.147353,1.0035827
7.148742,1.0018299
7.150131,1.0019038
7.151520,1.0004776
7.152909,1.0002847
7.154298,1.0000382
7.155687,0.9988463
7.157075,0.9999609
7.158464,1.0027458
7.159853,1.0006662
7.161242,1.0002190
7.162631,0.9997200
7.164020,0.9976278
7.165409,1.0005574
7.166798,0.9995088
7.168187,0.9990009
7.169576,0.9993774
7.170965,0.9978619
7.172353,0.9976272
7.173742,0.9992612
7.175131,0.9986365
7.176520,0.9966675
7.177909,1.0011477
7.179298,1.0005494
7.180687,1.0022952
7.182076,0.9975148
7.183465,0.9984192
7.184854,0.9987565
7.186243,1.0001570
7.187631,0.9995403
7.189020,1.0002271
7.190409,0.9980199
7.191798,1.0015837
7.193187,1.0015509
7.194576,1.0009203
7.195965,1.0005323
7.197354,1.0007918
7.198743,1.0005795
7.200132,1.0004332
7.201521,1.0027387
7.202909,0.9986445
7.204298,1.0010349
7.205687,0.9996039
7.207076,1.0008132
7.208465,1.0008747
7.209854,1.0002956
7.211243,0.9997452
7.212632,0.9992573
7.214021,1.0006836
7.215410,1.0017657
7.216799,1.0005009
7.218188,1.0001675
7.219576,0.9994396
7.220965,0.9979473
7.222354,1.0007827
7.223743,1.0008724
7.225132,0.9983618
7.226521,1.0005320
7.227910,0.9992804
7.229299,0.9988350
7.230688,1.0022176
7.232077,0.9996511
7.233466,1.0001415
7.234854,0.9994025
7.236243,1.0013413
7.237632,0.9997376
7.239021,0.9993162
7.240410,1.0019300
7.241799,1.0003087
7.243188,0.9992090
7.244577,1.0009891
7.245966,1.0002791
7.247355,0.9984345
7.248744,0.9986830
7.250132,0.9992309
7.251521,1.0003496
7.252910,0.9999767
7.254299,0.9994003
7.255688,0.9992555
7.257077,0.9976088
7.258466,1.0009793
7.259855,0.9992967
7.261244,0.9998779
7.262633,1.0009639
7.264022,0.9996101
7.265410,0.9997141
7.266799,1.0011939
7.268188,1.0018585
7.269577,0.9978155
7.270966,1.0004938
7.272355,1.0005011
7.273744,0.9983695
7.275133,1.0000725
7.276522,1.0018926
7.277911,0.9985748
7.279300,0.9995208
7.280688,1.0016887
7.282077,1.0006251
7.283466,1.0001871
7.284855,0.9982095
7.286244,1.0014359
7.287633,0.9981038
7.289022,1.0009258
7.290411,0.9996361
7.291800,0.9999026
7.293189,0.9994549
7.294578,0.9999163
7.295966,1.0010875
7.297355,0.9989428
7.298744,1.0020764
7.300133,0.9997801
7.301522,0.9984070
7.302911,0.9993576
7.304300,1.0000865
7.305689,1.0027202
7.308467,0.9995762
7.309856,0.9997742
7.311244,0.9994638
7.312633,1.0025060
7.314022,1.0018144
7.315411,1.0007217
7.316800,0.9999468
7.318189,1.0001601
7.319578,1.0000299
7.320967,0.9996772
7.322356,0.9989562
7.323745,0.9986815
7.325134,0.9998900
7.326522,1.0014057
7.327911,1.0006107
7.329300,0.9989342
7.330689,1.0002761
7.332078,0.9996577
7.333467,1.0013405
7.334856,1.0007320
7.336245,0.9999721
7.337634,1.0003918
7.339023,1.0009037
7.340412,0.9987907
7.341800,1.0013560
7.343189,1.0007067
7.344578,0.9991667
7.345967,1.0009487
7.347356,1.0006765
7.348745,1.0009981
7.350134,1.0022961
7.351523,1.0006948
7.352912,1.0006776
7.354301,0.9992073
7.355690,0.9983020
7.357078,0.9978104
7.358467,1.0007743
7.359856,0.9994122
7.361245,0.9979823
7.362634,1.0005678
7.364023,0.9980651
7.365412,0.9994773
7.366801,1.0013024
7.368190,1.0005031
7.369579,1.0021355
7.370968,0.9981723
7.372356,0.9993694
7.373745,1.0008753
7.375134,1.0021011
7.376523,0.9997925
7.377912,0.9985234
7.379301,1.0000417
7.380690,0.9978203
7.382079,0.9983695
7.383468,1.0015561
7.384857,0.9986485
7.386246,1.0004194
7.387634,1.0008499
7.389023,1.0018708
7.390412,0.9986882
7.391801,0.9998126
7.393190,1.0004191
7.394579,0.9990647
7.395968,1.0006222
7.397357,1.0020074
7.398746,0.9998408
7.400135,0.9994350
7.401524,0.9992554
7.402912,0.9989746
7.404301,0.9979048
7.405690,1.0011958
7.407079,0.9991084
7.408468,0.9997393
7.409857,0.9994042
7.411246,0.9992822
7.412635,0.9982941
7.414024,1.0007817
7.415413,1.0011193
7.416802,1.0018683
7.418190,0.9994738
7.419579,1.0011665
7.420968,1.0003948
7.422357,1.0015260
7.423746,0.9992742
7.425135,0.9980073
7.426524,0.9985396
7.427913,0.9996618
7.429302,1.0001086
7.430691,0.9984876
7.432080,0.9996263
7.433468,1.0004082
7.434857,1.0003335
7.436246,1.0005361
7.437635,1.0001269
7.439024,0.9978383
7.440413,0.9986357
7.441802,0.9996665
7.443191,1.0007238
7.444580,1.0017192
7.445969,0.9996079
7.447358,1.0004876
7.448746,0.9978936
7.450135,1.0009797
7.451524,1.0007700
7.452913,1.0003593
7.454302,1.0034046
7.455691,0.9996745
7.457080,1.0015928
7.458469,1.0004136
7.459858,1.0000981
7.461247,1.0000334
7.462636,1.0010497
7.464025,0.9995060
7.465413,1.0001515
7.466802,0.9977738
7.468191,1.0007636
7.469580,1.0033065
7.470969,1.0012705
7.472358,1.0011561
7.473747,1.0024904
7.475136,0.9999721
7.476525,1.0014117
7.477914,1.0014385
7.479303,0.9997034
7.480691,1.0009457
7.482080,0.9982308
7.483469,1.0005340
7.484858,0.9998527
7.486247,1.0021737
7.487636,1.0008844
7.489025,1.0017360
7.490414,0.9985817
7.491803,0.9999493
7.493192,0.9987214
7.494581,0.9988558
7.495969,1.0000275
7.497358,0.9985175
7.498747,0.9989998
7.500136,1.0008841
7.501525,1.0009019
7.502914,1.0026530
7.504303,0.9988550
7.505692,0.9984848
7.507081,1.0025625
7.508470,0.9979978
7.509859,0.9995643
7.511247,1.0004629
7.512636,1.0004661
7.514025,0.9989623
7.515414,1.0009611
7.516803,1.0000710
7.518192,0.9986976
7.519581,0.9980935
7.520970,0.9999524
7.522359,0.9987746
7.523748,0.9993180
7.525137,1.0006706
7.526525,1.0008739
7.527914,1.0000916
7.529303,0.9992347
7.530692,1.0003008
7.532081,0.9988922
7.533470,0.9994729
7.534859,1.0001742
7.536248,0.9984960
7.537637,1.0006942
7.539026,1.0005840
7.540415,0.9982511
7.541803,0.9992316
7.543192,1.0006922
7.544581,0.9980264
7.545970,1.0017255
7.547359,1.0009018
7.548748,1.0009814
7.550137,1.0001585
7.551526,0.9989625
7.552915,1.0014283
7.554304,1.0019530
7.555693,1.0003325
7.557081,1.0009297
7.558470,0.9983754
7.559859,1.0012653
7.561248,0.9997750
7.562637,1.0008542
7.564026,1.0003328
7.565415,1.0000333
7.566804,0.9990923
7.568193,1.0002760
7.569582,1.0002598
7.570971,0.9982390
7.572359,0.9993471
7.573748,0.9978706
7.575137,1.0007421
7.576526,0.9987704
7.577915,0.9995623
7.579304,0.9990704
7.580693,1.0000630
7.582082,1.0012769
7.583471,1.0008176
7.584860,0.9987677
7.586249,1.0006774
7.587637,0.9994304
7.589026,1.0010138
7.590415,0.9984409
7.591804,1.0000145
7.593193,0.9999105
7.594582,0.9993504
7.595971,0.9981591
7.597360,0.9993091
7.598749,0.9977993
7.600138,0.9995772
7.601527,1.0021880
7.602915,1.0001665
7.604304,0.9987016
7.605693,1.0011535
7.607082,0.9989925
7.608471,1.0012914
7.609860,0.9996751
7.611249,1.0013834
7.612638,1.0029188
7.614027,0.9954400
7.615416,1.0001046
7.616805,0.9998664
7.618193,1.0000387
7.619582,0.9999071
7.620971,1.0007033
7.622360,0.9990529
7.623749,0.9992706
7.625138,1.0015248
7.626527,0.9996819
7.627916,1.0003349
7.629305,1.0006896
7.630694,0.9996516
7.632083,0.9984114
7.633471,1.0005323
7.634860,1.0011494
7.636249,0.9979701
7.637638,1.0008874
7.639027,0.9998381
7.640416,0.9984469
7.641805,1.0025316
7.643194,0.9987132
7.644583,1.0035092
7.645972,1.0016385
7.647361,1.0012672
7.648749,0.9983646
7.650138,0.9998555
7.651527,0.9993655
7.652916,1.0005680
7.654305,0.9994092
7.655694,1.0009805
7.657083,0.9997700
7.658472,0.9996665
7.659861,0.9989968
7.661250,1.0009589
7.662639,0.9989809
7.664027,1.0005582
7.665416,0.9991848
7.666805,1.0015036
7.668194,1.0008995
7.669583,1.0000493
7.670972,1.0008679
7.672361,1.0012694
7.675139,0.9978267
7.676528,0.9971657
7.677917,1.0006591
7.679305,0.9985201
7.680694,1.0000141
7.682083,0.9997660
7.683472,1.0000311
7.684861,1.0004599
7.686250,1.0000244
7.687639,1.0003705
7.689028,1.0015846
7.690417,1.0026776
7.691806,0.9992061
7.693195,1.0006379
7.694583,1.0016023
7.695972,0.9997344
7.697361,0.9988802
7.698750,1.0003347
7.700139,1.0003618
7.701528,1.0004207
7.702917,0.9983181
7.704306,0.9981548
7.705695,0.9998167
7.707084,0.9980850
7.708473,0.9996482
7.709861,1.0003766
7.711250,1.0006261
7.712639,1.0024300
7.714028,1.0004358
7.715417,0.9978458
7.716806,0.9984905
7.718195,1.0004267
7.719584,0.9994800
7.720973,0.9986280
7.722362,0.9976169
7.723751,0.9997412
7.725139,1.0008620
7.726528,0.9976213
7.727917,0.9996915
7.729306,0.9986654
7.730695,0.9999228
7.732084,0.9992745
7.733473,0.9990984
7.734862,1.0000619
7.736251,0.9976478
7.737640,1.0016382
7.739029,0.9988763
7.740417,0.9986829
7.741806,1.0000836
7.743195,1.0006197
7.744584,0.9998112
7.745973,0.9995539
7.747362,0.9986298
7.748751,1.0008773
7.750140,1.0001088
7.751529,1.0010047
7.752918,1.0008351
7.754307,0.9980204
7.755695,1.0006722
7.757084,0.9992099
7.758473,0.9991164
7.759862,0.9978248
7.761251,1.0003564
7.762640,0.9978333
7.764029,0.9987083
7.765418,1.0021640
7.766807,0.9993267
7.768196,1.0013470
7.769585,0.9969504
7.770973,1.0001691
7.772362,1.0013231
7.773751,0.9987865
7.775140,0.9999821
7.776529,1.0010187
7.777918,1.0009556
7.779307,1.0013238
7.780696,1.0001281
7.782085,0.9978556
7.783474,1.0011626
7.784863,1.0006153
7.786251,0.9984344
7.787640,1.0008595
7.789029,1.0014517
7.790418,1.0005130
7.791807,0.9994501
7.793196,1.0004108
7.794585,1.0004243
7.795974,0.9995556
7.797363,0.9999209
7.798752,1.0011250
7.800141,0.9992568
7.801529,1.0016919
7.802918,1.0012588
7.804307,0.9979669
7.805696,1.0006998
7.807085,0.9991087
7.808474,1.0002675
7.809863,0.9980517
7.811252,1.0015435
7.812641,0.9982536
7.814030,1.0011914
7.815419,1.0003469
7.816807,1.0005104
7.818196,1.0009667
7.819585,0.9988677
7.820974,1.0012552
7.822363,1.0009002
7.823752,1.0003858
7.825141,0.9997408
7.826530,1.0005952
7.827919,1.0011661
7.829308,1.0007014
7.830697,0.9990369
7.832085,1.0008705
7.833474,0.9979097
7.834863,1.0021598
7.836252,0.9997662
7.837641,0.9990723
7.839030,1.0003007
7.840419,1.0012625
7.841808,0.9995527
7.843197,0.9998034
7.844586,1.0017509
7.845975,1.0006303
7.847363,1.0010863
7.848752,0.9996972
7.850141,1.0000007
7.851530,0.9995255
7.852919,0.9977923
7.854308,0.9989501
7.855697,0.9998812
7.857086,0.9985849
7.859864,0.9976386
7.861253,0.9984493
7.862641,1.0002757
7.864030,0.9993192
7.865419,0.9988733
7.866808,1.0005167
7.868197,0.9998712
7.869586,0.9991077
7.870975,1.0008979
7.872364,1.0016997
7.873753,0.9996489
7.875142,0.9994805
7.876531,0.9985678
7.877919,1.0006135
7.879308,1.0004890
7.880697,1.0005302
7.882086,0.9980023
7.883475,0.9981560
7.884864,0.9976902
7.886253,0.9983245
7.887642,1.0006623
7.889031,0.9994530
7.890420,0.9996497
7.891809,1.0004891
7.893197,1.0005437
7.894586,0.9986981
7.895975,0.9981686
7.897364,0.9959093
7.898753,1.0002493
7.900142,0.9981475
7.901531,1.0007958
7.902920,0.9984143
7.904309,1.0003175
7.905698,1.0017853
7.907087,1.0001618
7.908475,1.0019916
7.909864,1.0024916
7.911253,1.0011190
7.912642,1.0003323
7.914031,0.9999348
7.915420,1.0011562
7.916809,0.9989759
7.918198,1.0036268
7.919587,0.9991873
7.920976,1.0008507
7.922365,0.9990421
7.923753,0.9998961
7.925142,1.0000110
7.926531,1.0007332
7.927920,0.9988741
7.929309,0.9999720
7.930698,0.9984477
7.932087,1.0015913
7.933476,1.0006328
7.934865,1.0001687
7.936254,0.9986597
7.937643,0.9997146
7.939031,0.9984331
7.940420,0.9986309
7.941809,1.0018946
7.943198,1.0025608
7.944587,0.9977075
7.945976,1.0008515
7.947365,1.0014853
7.948754,0.9976713
7.950143,1.0029841
7.951532,0.9981635
7.952920,0.9996327
7.954309,0.9995218
7.955698,0.9994905
7.957087,1.0030676
7.958476,1.0009034
7.959865,1.0009216
7.961254,0.9989490
7.962643,1.0018087
7.964032,0.9997245
7.965421,1.0002657
7.966810,1.0022334
7.968198,1.0005005
7.969587,1.0026535
7.970976,1.0024114
7.972365,1.0011484
7.973754,1.0013921
7.975143,1.0007772
7.976532,0.9997286
7.977921,0.9979260
7.979310,1.0023369
7.980699,1.0011504
7.982088,0.9979010
7.983476,1.0003126
7.984865,0.9999225
7.986254,1.0001733
7.987643,0.9987287
7.989032,0.9999938
7.990421,0.9994200
7.991810,1.0006204
7.993199,1.0020714
7.994588,1.0007813
7.995977,1.0002043
7.997366,0.9994875
7.998754,0.9990557
8.000143,0.9990027
8.001532,0.9992659
8.002921,1.0013076
8.004310,0.9996411
8.005699,0.9994809
8.007088,0.9999869
8.008477,0.9991532
8.009866,1.0017310
8.012644,1.0022773
8.014032,1.0010828
8.015421,0.9992439
8.016810,1.0010990
8.018199,0.9992175
8.019588,1.0010621
8.020977,0.9988313
8.022366,0.9982033
8.023755,1.0007157
8.025144,0.9999849
8.026533,0.9998366
8.027922,1.0013182
8.029310,0.9998234
8.030699,0.9990553
8.032088,1.0004693
8.033477,0.9985179
8.034866,0.9988729
8.036255,1.0001541
8.037644,1.0009614
8.039033,0.9990976
8.040422,0.9981063
8.041811,0.9999147
8.043200,0.9990994
8.044588,1.0010121
8.045977,0.9982872
8.047366,1.0000146
8.048755,1.0010656
8.050144,1.0019474
8.051533,1.0006347
8.052922,0.9998988
8.054311,1.0000730
8.055700,1.0002471
8.057089,1.0003285
8.058478,1.0018590
8.059866,0.9988229
8.061255,1.0011382
8.062644,0.9976230
8.064033,0.9989536
8.065422,0.9971440
8.066811,0.9993908
8.068200,0.9977653
8.069589,0.9993941
8.070978,1.0004879
8.073756,1.0000216
8.075144,1.0012473
8.076533,0.9996905
8.077922,1.0003545
8.079311,0.9996231
8.080700,0.9989808
8.082089,1.0033886
8.083478,0.9980699
8.084867,0.9987468
8.086256,0.9993527
8.087645,1.0020132
8.089034,1.0008609
8.090422,0.9998942
8.091811,1.0011480
8.093200,0.9995144
8.094589,0.9994525
8.095978,0.9996810
8.097367,0.9998974
8.098756,0.9985222
8.100145,1.0003566
8.101534,1.0012091
8.102923,1.0002146
8.104312,0.9981988
8.105700,0.9985500
8.107089,0.9994973
8.108478,1.0012092
8.109867,1.0008549
8.111256,1.0024034
8.112645,0.9995085
8.114034,0.9997950
8.115423,0.9992143
8.116812,0.9993708
8.118201,1.0018031
8.119590,1.0001223
8.120978,0.9984512
8.122367,0.9986248
8.123756,0.9997498
8.125145,1.0020146
8.126534,1.0002770
8.127923,1.0023576
8.129312,1.0000550
8.130701,1.0006990
8.132090,0.9967926
8.133479,1.0021041
8.134868,1.0021927
8.136256,0.9982321
8.137645,1.0013795
8.139034,0.9986096
8.140423,0.9991468
8.141812,1.0012753
8.143201,1.0019858
8.144590,0.9985447
8.145979,1.0003022
8.147368,1.0008702
8.148757,1.0003780
8.150146,0.9983666
8.151534,0.9980799
8.152923,0.9979324
8.154312,1.0012790
8.155701,0.9997062
8.157090,0.9979611
8.158479,1.0013398
8.159868,1.0010359
8.161257,0.9999071
8.162646,0.9978310
8.164035,1.0000826
8.165424,0.9983308
8.166812,0.9996039
8.168201,0.9993406
8.169590,1.0010050
8.170979,1.0007201
8.172368,1.0000287
8.173757,0.9983105
8.175146,0.9993676
8.176535,1.0004239
8.177924,1.0006429
8.179313,1.0002482
8.180701,1.0003091
8.182090,1.0016312
8.183479,0.9994809
8.184868,0.9987947
8.186257,0.9991971
8.187646,0.9993962
8.189035,0.9995533
8.190424,1.0010037
8.191813,1.0018658
8.193202,0.9983906
8.194591,1.0006731
8.195979,1.0015595
8.197368,1.0014725
8.198757,1.0018792
8.200146,1.0022586
8.201535,0.9991474
8.202924,0.9996407
8.204313,0.9990255
8.205702,0.9999026
8.207091,1.0011179
8.208480,0.9992623
8.209869,1.0003095
8.211257,1.0024772
8.212646,0.9980590
8.214035,0.9977884
8.215424,1.0020466
8.216813,1.0010283
8.218202,1.0016835
8.219591,0.9996484
8.220980,0.9995491
8.222369,1.0031229
8.223758,1.0015504
8.225147,0.9974643
8.226535,0.9994883
8.227924,0.9994851
8.229313,1.0002056
8.230702,1.0007162
8.232091,0.9997248
8.233480,1.0015331
8.234869,0.9995736
8.236258,1.0003032
8.237647,0.9991089
8.239036,0.9980466
8.240425,1.0002908
8.241813,1.0019952
8.243202,0.9990129
8.244591,0.9971628
8.245980,0.9994601
8.247369,1.0007167
8.248758,1.0007717
8.250147,0.9988655
8.251536,1.0007961
8.252925,1.0002043
8.254314,1.0017169
8.255703,1.0014816
8.257091,0.9995662
8.258480,1.0009928
8.259869,1.0012470
8.261258,1.0000885
8.262647,1.0016309
8.264036,1.0002330
8.265425,0.9996641
8.266814,1.0020760
8.268203,0.9950668
8.269592,1.0017316
8.270981,0.9996410
8.272369,0.9974239
8.273758,1.0003254
8.275147,1.0003744
8.276536,0.9996834
8.277925,0.9990717
8.279314,1.0015844
8.280703,0.9997865
8.282092,1.0007548
8.283481,1.0008251
8.284870,0.9992255
8.286259,0.9999321
8.287647,0.9993148
8.289036,0.9997708
8.290425,1.0006175
8.291814,1.0004609
8.293203,1.0002281
8.294592,1.0009114
8.295981,0.9997814
8.297370,0.9995210
8.298759,1.0023865
8.300148,1.0034117
8.301537,1.0010254
8.302925,1.0024152
8.304314,0.9992889
8.305703,1.0008502
8.307092,1.0006927
8.308481,1.0009966
8.309870,0.9995377
8.311259,0.9981598
8.312648,0.9977090
8.314037,1.0002403
8.315426,0.9989278
8.316815,0.9972948
8.318203,1.0000212
8.319592,1.0004160
8.320981,1.0009246
8.322370,0.9992920
8.323759,0.9976200
8.325148,1.0000258
8.326537,0.9999081
8.327926,0.9998213
8.329315,1.0009693
8.330704,1.0001894
8.332093,1.0010002
8.333481,0.9981653
8.334870,0.9979770
8.336259,1.0001511
8.337648,1.0021694
8.339037,1.0026292
8.340426,0.9989902
8.341815,0.9998019
8.343204,1.0005754
8.344593,0.9987200
8.345982,1.0004589
8.347370,1.0011726
8.348759,0.9994633
8.350148,0.9996468
8.351537,0.9978924
8.352926,1.0018490
8.354315,1.0013378
8.355704,1.0010343
8.357093,1.0018549
8.358482,1.0008248
8.359871,0.9989098
8.361260,1.0019906
8.362648,0.9962341
8.364037,0.9987049
8.365426,1.0015132
8.366815,0.9975875
8.368204,1.0004549
8.369593,0.9993409
8.370982,0.9999978
8.372371,1.0018922
8.373760,0.9999123
8.375149,0.9982302
8.376538,0.9996723
8.377926,0.9994846
8.379315,1.0007310
8.380704,0.9975914
8.382093,0.9996783
8.383482,1.0011883
8.384871,1.0000710
8.386260,0.9975636
8.387649,0.9978796
8.389038,0.9990838
8.390427,0.9984639
8.391816,1.0003315
8.393204,1.0015315
8.394593,1.0011982
8.395982,0.9995582
8.397371,1.0001133
8.398760,1.0001721
8.400149,1.0012362
8.401538,1.0003943
8.402927,1.0011425
8.404316,1.0002423
8.405705,1.0005670
8.407094,0.9975292
8.408482,1.0013169
8.409871,1.0029497
8.411260,1.0009246
8.412649,0.9993632
8.414038,0.9985148
8.415427,0.9993968
8.416816,1.0028255
8.418205,0.9991406
8.419594,0.9986642
8.420983,0.9959306
8.422372,0.9996008
8.423760,1.0028731
8.425149,1.0005424
8.426538,1.0009462
8.427927,1.0012872
8.429316,0.9994622
8.430705,0.9986199
8.432094,0.9986777
8.433483,1.0000467
8.434872,1.0015649
8.436261,0.9990479
8.437650,1.0003517
8.439038,1.0031003
8.440427,0.9977206
8.441816,0.9982313
8.443205,1.0025305
8.444594,1.0002908
8.445983,0.9978835
8.447372,1.0007400
8.448761,1.0012897
8.450150,0.9974213
8.451539,0.9990606
8.452928,0.9995674
8.454316,1.0011092
8.455705,1.0012201
8.457094,0.9997314
8.458483,1.0016789
8.459872,1.0008519
8.461261,0.9981978
8.462650,1.0005734
8.464039,0.9974241
8.465428,0.9990657
8.466817,0.9998261
8.468205,0.9984432
8.469594,0.9990804
8.470983,0.9979769
8.472372,0.9986290
8.473761,1.0009959
8.475150,0.9990841
8.476539,0.9995299
8.477928,1.0000369
8.479317,1.0001076
8.480706,0.9974103
8.482095,0.9996171
8.483483,0.9985445
8.484872,0.9974335
8.486261,1.0001428
8.487650,0.9999101
8.489039,0.9987639
8.490428,0.9990271
8.491817,0.9969855
8.493206,0.9997236
8.494595,0.9976788
8.495984,0.9985643
8.497373,0.9996431
8.498761,0.9999089
8.500150,0.9993447
8.501539,0.9999971
8.502928,0.9994407
8.504317,0.9997688
8.505706,1.0009716
8.507095,0.9983017
8.508484,0.9993169
8.509873,0.9991307
8.511262,1.0012097
8.512651,0.9997590
8.514039,1.0026018
8.515428,1.0006611
8.516817,0.9993759
8.518206,1.0025473
8.519595,0.9995405
8.520984,1.0037610
8.522373,1.0001731
8.523762,1.0018624
8.525151,1.0009752
8.526540,1.0027066
8.527929,1.0015150
8.529317,0.9997174
8.530706,1.0006636
8.532095,1.0011825
8.533484,1.0000109
8.534873,0.9995272
8.536262,1.0014438
8.537651,1.0001181
8.539040,0.9987613
8.540429,1.0000496
8.541818,1.0022374
8.543207,0.9990374
8.544595,1.0008169
8.545984,0.9993464
8.547373,0.9979337
8.548762,0.9988418
8.550151,0.9979469
8.551540,1.0005164
8.552929,0.9992807
8.554318,0.9991800
8.555707,0.9997270
8.557096,0.9996197
8.558485,1.0009110
8.559873,1.0010921
8.561262,0.9970995
8.562651,0.9998049
8.564040,1.0017671
8.565429,1.0001334
8.566818,0.9982245
8.568207,0.9985505
8.569596,0.9987237
8.570985,0.9993718
8.572374,0.9981151
8.573762,0.9979370
8.575151,1.0014124
8.576540,1.0005554
8.577929,0.9999778
8.579318,1.0011007
8.580707,1.0017423
8.582096,0.9981747
8.583485,1.0011170
8.584874,0.9992402
8.586263,0.9989441
8.587652,1.0018190
8.589040,0.9993519
8.590429,1.0015692
8.591818,1.0005598
8.593207,0.9974041
8.594596,1.0015066
8.595985,0.9982296
8.597374,0.9989576
8.598763,0.9995619
8.600152,1.0014139
8.601541,1.0022716
8.602930,1.0010243
8.604318,0.9970573
8.605707,1.0001563
8.607096,1.0005741
8.608485,1.0002042
8.609874,1.0014722
8.611263,0.9994119
8.612652,0.9994793
8.614041,1.0019399
8.615430,0.9980288
8.616819,1.0005923
8.618208,1.0002598
8.619596,0.9999054
8.620985,1.0000434
8.622374,0.9991446
8.623763,1.0003172
8.625152,1.0003841
8.626541,0.9977455
8.627930,0.9997735
8.629319,1.0028969
8.630708,0.9997754
8.632097,1.0007906
8.633486,0.9999319
8.634874,0.9998312
8.636263,1.0001523
8.637652,0.9975247
8.639041,1.0012644
8.640430,1.0011040
8.641819,0.9997280
8.643208,0.9984143
8.645986,0.9987078
8.647375,0.9992890
8.648764,1.0020460
8.650152,1.0007396
8.651541,1.0005058
8.652930,1.0011523
8.654319,0.9998114
8.655708,0.9995376
8.657097,1.0001003
8.658486,1.0018361
8.659875,0.9980481
8.661264,0.9997058
8.662653,0.9990929
8.664042,1.0023146
8.665430,0.9981231
8.666819,1.0016294
8.668208,1.0000009
8.669597,1.0014846
8.670986,0.9991024
8.672375,1.0023245
8.673764,1.0027562
8.675153,1.0003881
8.676542,1.0003752
8.677931,1.0007341
8.679319,0.9973451
8.680708,0.9996055
10.704349,0.9984659
10.705738,0.9997881
10.707127,0.9993621
10.708515,0.9991950
10.709904,1.0019088
10.711293,1.0010555
10.712682,1.0000566
10.714071,0.9994788
10.715460,0.9997715
10.716849,1.0006702
10.718238,1.0003575
10.719627,0.9990821
10.721016,1.0015869
10.722405,1.0007991
10.723793,1.0015045
10.725182,1.0004428
10.726571,1.0008999
10.727960,1.0006349
10.729349,0.9973360
10.730738,1.0019254
10.732127,1.0024257
10.733516,0.9975682
10.734905,0.9998125
10.736294,1.0006635
10.737683,0.9978670
10.739072,0.9986411
10.740460,0.9995419
10.741849,0.9978382
10.743238,0.9998686
10.744627,1.0010577
10.746016,1.0007097
10.747405,1.0009793
10.748794,0.9995850
10.750183,1.0012895
10.751572,0.9995604
10.752961,1.0016109
10.754350,0.9998720
10.755738,1.0021580
10.757127,1.0002117
10.758516,0.9991639
10.759905,1.0003074
10.761294,0.9988888
10.762683,0.9990949
10.764072,0.9995380
10.765461,0.9997663
10.766850,0.9999567
10.768239,1.0004225
10.769628,1.0008548
10.771016,1.0016471
10.772405,0.9985187
10.773794,1.0005907
10.775183,0.9993124
10.776572,1.0010292
10.777961,1.0000474
10.779350,0.9986969
10.780739,1.0010425
10.782128,0.9982430
10.783517,0.9996929
10.784906,0.9993472
10.786295,0.9999808
10.787683,0.9999619
10.789072,0.9999071
10.790461,1.0003020
10.791850,1.0014012
10.793239,1.0000917
10.794628,1.0009052
10.796017,0.9987796
10.797406,0.9993098
10.798795,0.9999277
10.800184,1.0005517
10.801573,1.0005786
10.802961,0.9987269
10.804350,0.9989584
10.805739,0.9988929
10.807128,1.0000469
10.808517,0.9979992
10.809906,0.9998603
10.811295,1.0019036
10.812684,0.9997201
10.814073,0.9985317
10.816851,1.0002279
10.818240,0.9999994
10.819628,1.0009469
10.821017,1.0015601
10.822406,0.9993866
10.823795,1.0001179
10.825184,0.9993700
10.826573,0.9992116
10.827962,0.9999463
10.829351,1.0000549
10.830740,0.9994007
10.832129,0.9992978
10.833518,0.9999780
10.834906,0.9995052
10.836295,0.9999126
10.837684,0.9982014
10.839073,1.0013487
10.840462,1.0000848
10.841851,1.0015854
10.843240,1.0002565
10.844629,0.9999919
10.846018,0.9979518
10.847407,1.0010727
10.848796,0.9996755
10.850185,0.9997686
10.851573,0.9993608
10.852962,1.0010765
10.854351,0.9980695
10.855740,1.0005924
10.857129,1.0018764
10.858518,1.0010146
10.859907,0.9975636
10.861296,0.9991557
10.862685,1.0023294
10.864074,0.9996456
10.865463,0.9984388
10.866851,1.0001856
10.868240,1.0005384
10.869629,1.0005548
10.871018,0.9997423
10.872407,1.0004363
10.873796,0.9993339
10.875185,0.9997634
10.876574,1.0002781
10.877963,0.9986451
10.879352,0.9988685
10.880741,0.9984830
10.882129,0.9992467
10.883518,1.0019713
10.884907,0.9999787
10.886296,1.0009983
10.887685,0.9996114
10.889074,1.0002290
10.890463,0.9983669
10.891852,1.0013213
10.893241,1.0006051
10.894630,1.0007229
10.896019,1.0016384
10.897408,0.9973915
10.898796,1.0032071
10.900185,0.9971924
10.901574,1.0004799
10.902963,0.9975446
10.904352,0.9986052
10.905741,1.0012696
10.907130,1.0009856
10.908519,0.9986836
10.909908,1.0012957
10.911297,0.9986734
10.912686,0.9994009
10.914074,0.9995494
10.915463,0.9997876
10.916852,1.0008300
10.918241,0.9987720
10.919630,1.0012758
10.921019,0.9997743
10.922408,1.0004458
10.923797,1.0014312
10.925186,0.9991435
10.926575,0.9994941
10.927964,1.0000841
10.929353,0.9993573
10.930741,1.0007769
10.932130,1.0001506
10.933519,0.9991174
10.934908,1.0003884
10.936297,1.0010183
10.937686,1.0002877
10.939075,0.9976194
10.940464,1.0016215
10.941853,0.9980489
10.943242,1.0012848
10.944631,0.9976480
10.946019,1.0008417
10.947408,0.9978913
10.948797,0.9995703
10.950186,1.0014712
10.951575,0.9998608
10.952964,1.0001296
10.954353,1.0005618
10.955742,0.9983421
10.957131,0.9999853
10.958520,1.0007909
10.959909,0.9989992
10.961298,0.9995140
10.962686,1.0003482
10.964075,1.0008587
10.965464,1.0011920
10.966853,1.0023200
10.968242,0.9998524
10.969631,1.0013439
10.971020,0.9981343
10.972409,0.9990277
10.973798,0.9987375
10.975187,1.0014502
10.976576,0.9999741
10.977964,1.0004453
10.979353,0.9998023
10.980742,0.9998597
10.982131,0.9987334
10.983520,1.0030982
10.984909,0.9989645
10.986298,1.0004539
10.987687,1.0007028
10.989076,1.0005186
10.990465,1.0006219
10.991854,1.0003211
10.993243,1.0001460
10.994631,1.0005874
10.996020,1.0013145
10.997409,0.9988922
10.998798,1.0007273
11.000187,0.9992568
11.001576,0.9994540
11.002965,1.0010950
11.004354,0.9993793
11.005743,0.9999435
11.007132,0.9995766
11.008521,1.0004868
11.009909,0.9990823
11.011298,0.9998606
11.012687,0.9996256
11.014076,1.0000372
11.015465,1.0018125
11.016854,0.9986319
11.018243,0.9990589
11.019632,1.0017572
11.021021,0.9979825
11.022410,0.9999902
11.023799,1.0013890
11.025187,1.0020875
11.026576,1.0000841
11.027965,0.9997987
11.029354,1.0011782
11.030743,0.9991289
11.032132,1.0012438
11.033521,1.0018735
11.034910,1.0021926
11.036299,0.9989443
11.037688,0.9997909
11.039077,1.0014438
11.040466,0.9982117
11.041854,1.0003815
11.043243,1.0004690
11.044632,0.9990096
11.046021,0.9995815
11.047410,0.9998461
11.048799,1.0015975
11.050188,1.0007386
11.051577,0.9985261
11.052966,1.0020930
11.054355,1.0012160
11.055744,0.9984972
11.057132,0.9999072
11.058521,0.9983963
11.059910,0.9979486
11.061299,1.0015738
11.062688,1.0011085
11.064077,1.0005014
11.065466,0.9974765
11.066855,0.9993749
11.068244,1.0004963
11.069633,1.0000478
11.071022,1.0015941
11.072411,0.9996146
11.073799,0.9995145
11.075188,1.0004061
11.076577,1.0015653
11.077966,0.9997959
11.079355,1.0001887
11.082133,1.0005823
11.083522,0.9968308
11.084911,1.0013599
11.086300,1.0027957
11.087689,1.0009955
11.089077,1.0007700
11.090466,0.9999495
11.091855,1.0004363
11.093244,1.0010099
11.094633,1.0018177
11.096022,1.0010080
11.097411,1.0011229
11.098800,1.0010094
11.100189,1.0025777
11.101578,0.9999050
11.102967,1.0013934
11.104356,1.0010513
11.105744,1.0012891
11.107133,1.0000913
11.108522,0.9980332
11.109911,0.9998661
11.111300,1.0021972
11.112689,1.0001836
11.114078,0.9984494
11.115467,0.9991555
11.116856,0.9998381
11.118245,1.0019937
11.119634,0.9987645
11.121022,0.9988392
11.122411,0.9989959
11.123800,1.0001376
11.125189,1.0014205
11.126578,1.0012298
11.127967,0.9991176
11.129356,1.0005861
11.130745,0.9993793
11.132134,1.0009700
11.133523,1.0013516
11.134912,1.0004685
11.136301,0.9994608
11.137689,0.9999275
11.139078,1.0022983
11.140467,1.0002075
11.141856,0.9999087
11.143245,1.0007159
11.144634,0.9991850
11.146023,0.9999069
11.147412,1.0004084
11.148801,1.0017100
11.150190,1.0012795
11.151579,1.0002223
11.152967,0.9997137
11.154356,0.9996247
11.155745,0.9987155
11.157134,1.0005988
11.158523,0.9993648
11.159912,1.0006629
11.161301,1.0003957
11.162690,1.0004484
11.164079,0.9968809
11.165468,1.0006567
11.166857,0.9999374
11.168246,0.9997147
11.169634,1.0006647
11.171023,0.9992256
11.172412,1.0006879
11.173801,1.0001396
11.175190,1.0014044
11.176579,1.0007450
11.177968,0.9985962
11.179357,1.0017652
11.180746,0.9995144
11.182135,0.9991301
11.183524,0.9993245
11.184912,0.9978520
11.186301,1.0019434
11.187690,0.9980284
11.189079,0.9986319
11.190468,1.0005050
11.191857,0.9981312
11.193246,0.9999897
11.194635,1.0009490
11.196024,1.0014170
11.197413,0.9997642
11.198802,1.0005334
11.200191,0.9992780
11.201579,1.0004029
11.202968,0.9981401
11.204357,1.0013217
11.205746,0.9998113
11.207135,0.9995469
11.208524,0.9998315
11.209913,0.9991228
11.211302,0.9994070
11.212691,0.9966878
11.214080,0.9997246
11.215469,0.9999142
11.216857,0.9973283
11.218246,0.9987923
11.219635,1.0009336
11.221024,0.9983409
11.222413,0.9983217
11.223802,0.9998388
11.225191,0.9995804
11.226580,0.9973587
11.227969,0.9989560
11.229358,0.9991632
11.230747,0.9982778
11.232136,1.0001572
11.233524,0.9984179
11.234913,0.9992256
11.236302,0.9974531
11.237691,0.9989863
11.239080,0.9997083
11.240469,0.9990895
11.241858,0.9986227
11.243247,0.9988824
11.244636,0.9973021
11.246025,1.0006644
11.247414,1.0011027
11.248802,0.9981100
11.250191,0.9992841
11.251580,1.0005291
11.252969,0.9973936
11.254358,0.9988415
11.255747,0.9996439
11.257136,0.9985783
11.258525,1.0007897
11.259914,0.9993248
11.261303,0.9984022
11.262692,0.9997500
11.264080,1.0009020
11.265469,1.0004547
11.266858,0.9999693
11.268247,1.0026841
11.269636,1.0013982
11.271025,0.9995685
11.272414,0.9992948
11.273803,1.0006034
11.275192,1.0011411
11.276581,0.9991678
11.277970,0.9993386
11.279359,0.9998351
11.280747,1.0008675
11.282136,1.0017083
11.283525,1.0027019
11.284914,1.0000907
11.286303,1.0005563
11.287692,0.9998637
11.289081,1.0014429
11.290470,1.0025297
11.291859,1.0004833
11.293248,1.0000159
11.294637,0.9996472
11.296025,0.9994546
11.297414,0.9989352
11.298803,1.0001050
11.300192,0.9996742
11.301581,0.9988146
11.302970,1.0000299
11.304359,1.0006522
11.305748,0.9998322
11.307137,0.9984064
11.308526,0.9992520
11.309915,1.0002983
11.311304,0.9985680
11.312692,0.9992223
11.314081,1.0002363
11.315470,1.0013160
11.316859,1.0009210
11.318248,1.0027077
11.319637,1.0001198
11.321026,0.9983580
11.322415,0.9984458
11.323804,1.0007579
11.325193,0.9996478
11.326582,0.9995273
11.327970,1.0003074
11.329359,1.0007587
11.330748,1.0009034
11.332137,1.0005227
11.333526,1.0028082
11.334915,1.0005603
11.336304,0.9984388
11.337693,1.0006675
11.339082,1.0009292
11.340471,0.9970610
11.341860,1.0029657
11.343249,1.0021881
11.344637,0.9979723
11.346026,1.0016483
11.347415,0.9997457
11.348804,1.0020366
11.350193,0.9982393
11.351582,0.9998990
11.352971,1.0007196
11.354360,0.9979243
11.355749,0.9977702
11.357138,1.0022139
11.358527,0.9983757
11.359915,1.0009627
11.361304,0.9989810
11.362693,0.9997739
11.364082,1.0016226
11.365471,1.0011550
11.366860,0.9993137
11.368249,0.9997963
11.369638,1.0005093
11.371027,0.9994558
11.372416,1.0004293
11.373805,0.9994565
11.375194,1.0011574
11.376582,1.0012534
11.377971,1.0010524
11.379360,0.9999159
11.380749,1.0002248
11.382138,0.9975372
11.383527,0.9984031
11.384916,0.9963969
11.386305,0.9984303
11.387694,1.0012736
11.389083,0.9994200
11.390472,0.9995820
11.391860,1.0024573
11.393249,0.9996002
11.394638,0.9999387
11.396027,1.0007669
11.397416,0.9981258
11.398805,0.9990000
11.400194,1.0016007
11.401583,1.0018467
11.402972,0.9999866
11.404361,1.0024726
11.405750,0.9986387
11.407139,0.9997615
11.408527,0.9987755
11.409916,1.0000727
11.411305,1.0007552
11.412694,0.9978827
11.414083,0.9988140
11.415472,1.0021553
11.416861,1.0003341
11.418250,1.0010637
11.419639,0.9996955
11.421028,1.0004283
11.422417,1.0002709
11.423805,1.0010658
11.425194,0.9998421
11.426583,1.0000468
11.427972,0.9999069
11.429361,0.9992056
11.430750,0.9961955
11.432139,1.0007824
11.433528,0.9989123
11.434917,0.9997966
11.436306,1.0001281
11.437695,0.9995542
11.439084,1.0008861
11.440472,1.0009395
11.441861,0.9990116
11.443250,1.0001212
11.444639,0.9987955
11.446028,1.0007806
11.447417,0.9997845
11.450195,1.0006355
11.451584,1.0009697
11.452973,1.0006388
11.454362,1.0000680
11.455750,1.0003589
11.457139,0.9985679
11.458528,1.0025150
11.459917,0.9992822
11.461306,0.9996880
11.462695,0.9986566
11.464084,1.0004816
11.465473,1.0000508
11.466862,0.9993617
11.468251,1.0006686
11.469640,0.9999873
11.471029,0.9998126
11.472417,1.0006762
11.473806,1.0003295
11.475195,1.0000110
11.476584,0.9993675
11.477973,0.9988816
11.479362,1.0007203
11.480751,0.9982923
11.482140,1.0024962
11.483529,1.0008991
11.484918,0.9992820
11.486307,0.9995249
11.487695,1.0010916
11.489084,0.9993621
11.490473,1.0001641
11.491862,0.9985087
11.493251,1.0004189
11.494640,0.9993177
11.496029,1.0007880
11.497418,0.9989052
11.498807,1.0023315
11.500196,0.9988689
11.501585,0.9996937
11.502973,0.9999716
11.504362,0.9985609
11.505751,1.0010752
11.507140,1.0008113
11.508529,1.0003882
11.509918,1.0010162
11.511307,1.0003283
11.512696,0.9993283
11.514085,1.0001632
11.515474,0.9999340
11.516863,0.9999599
11.518252,0.9986493
11.519640,0.9986613
11.521029,1.0004542
11.522418,1.0008366
11.523807,0.9961174
11.525196,1.0013950
11.526585,1.0014339
11.527974,1.0002152
11.529363,0.9987971
11.530752,1.0001859
11.532141,0.9991796
11.533530,1.0018272
11.534918,1.0004726
11.536307,1.0005257
11.537696,1.0000782
11.539085,0.9986652
11.540474,0.9975188
11.541863,1.0022826
11.543252,1.0012712
11.544641,0.9994321
11.546030,0.9989686
11.547419,1.0027061
11.548808,1.0018963
11.550197,0.9980836
11.551585,0.9987419
11.552974,0.9992804
11.554363,0.9983800
11.555752,1.0015328
11.557141,1.0008528
11.558530,0.9998112
11.559919,0.9978417
11.561308,1.0004959
11.562697,1.0004443
11.564086,1.0011689
11.565475,0.9997292
11.566863,1.0001000
11.568252,0.9998690
11.569641,1.0033888
11.571030,0.9980563
11.572419,1.0011165
11.573808,1.0011867
11.575197,0.9996970
11.576586,0.9995141
11.577975,0.9975938
11.579364,1.0004235
11.580753,1.0013495
11.582142,1.0020558
11.583530,1.0011537
11.584919,1.0007671
11.586308,0.9993736
11.587697,1.0009425
11.589086,1.0005114
11.590475,0.9998088
11.591864,0.9995410
11.593253,1.0003973
11.594642,1.0024331
11.596031,0.9996000
11.597420,0.9980165
11.598808,1.0012199
11.600197,0.9973970
11.601586,0.9995715
11.602975,0.9994857
11.604364,1.0007131
11.605753,0.9988757
11.607142,0.9981222
11.608531,1.0009755
11.609920,0.9993520
11.611309,1.0000756
11.612698,0.9987818
11.614087,0.9985518
11.615475,1.0004831
11.616864,1.0007096
11.618253,0.9993578
11.619642,1.0010811
11.621031,0.9981903
11.622420,0.9983311
11.623809,0.9995532
11.625198,1.0017825
11.626587,1.0011763
11.627976,0.9986731
11.629365,0.9990497
11.630753,1.0017303
11.632142,0.9989312
11.633531,1.0001874
11.634920,1.0011626
11.636309,0.9997472
11.637698,0.9985097
11.639087,1.0017656
11.640476,0.9992457
11.641865,1.0012335
11.643254,1.0010814
11.644643,1.0007881
11.646032,0.9983189
11.647420,0.9999004
11.648809,0.9989030
11.650198,1.0014718
11.651587,0.9994046
11.652976,1.0011838
11.654365,1.0009159
11.655754,1.0007159
11.657143,0.9998633
11.658532,1.0025023
11.659921,1.0003014
11.661310,1.0008548
11.662698,1.0003902
11.664087,0.9986818
11.665476,0.9989676
11.666865,0.9992545
11.668254,1.0028791
11.669643,0.9992109
11.671032,0.9983923
11.672421,0.9963220
11.673810,1.0012951
11.675199,0.9999607
11.676588,1.0012439
11.677977,1.0020003
11.679365,0.9986017
11.680754,1.0003336
11.682143,1.0008081
11.683532,0.9987848
11.684921,0.9981841
11.686310,0.9999833
11.687699,0.9989000
11.689088,0.9988175
11.690477,1.0006535
11.691866,1.0002067
11.693255,0.9991431
11.694643,1.0013985
11.696032,1.0002699
11.697421,1.0009619
11.698810,0.9983445
11.700199,0.9982101
11.701588,0.9983146
11.702977,0.9981130
11.704366,1.0017748
11.705755,1.0012124
11.707144,1.0007526
11.708533,1.0002210
11.709921,0.9979272
11.711310,0.9985292
11.712699,0.9998488
11.714088,1.0014756
11.715477,0.9994296
11.716866,1.0003359
11.718255,1.0001899
11.719644,1.0013327
11.721033,1.0030559
11.722422,0.9996205
11.723811,0.9998829
11.725200,1.0003500
11.726588,1.0006508
11.727977,1.0018518
11.729366,1.0009161
11.730755,1.0004493
11.732144,0.9988429
11.733533,1.0005126
11.734922,1.0003754
11.736311,0.9977795
11.737700,0.9980497
11.739089,1.0013323
11.740478,1.0002591
11.741866,0.9978141
11.743255,1.0001593
11.744644,0.9998740
11.746033,0.9966304
11.747422,0.9998609
11.748811,0.9980981
11.750200,1.0006299
11.751589,0.9986879
11.752978,1.0028786
11.754367,1.0009013
11.755756,0.9994907
11.757145,0.9995727
11.758533,1.0020561
11.759922,1.0011330
11.761311,1.0012857
11.762700,0.9987115
11.764089,1.0022643
11.765478,1.0013006
11.766867,0.9992680
11.768256,1.0024468
11.769645,0.9993031
11.771034,1.0009339
11.772423,1.0009639
11.773811,0.9981411
11.775200,1.0010833
11.776589,1.0020904
11.777978,0.9991087
11.779367,1.0018940
11.780756,1.0009852
11.782145,0.9982930
11.783534,0.9987019
11.784923,1.0005271
11.786312,1.0003799
11.787701,1.0000037
11.789090,1.0002321
11.790478,0.9996573
11.791867,1.0003286
11.793256,1.0014334
11.794645,1.0005124
11.796034,1.0008587
11.797423,1.0009760
11.798812,0.9982492
11.800201,1.0007739
11.801590,1.0013668
11.802979,0.9995916
11.804368,0.9991627
11.805756,1.0009508
11.807145,1.0000217
11.808534,0.9996154
11.809923,0.9999609
11.811312,1.0024482
11.812701,0.9997855
11.814090,0.9998918
11.815479,1.0014717
11.816868,1.0001587
11.818257,1.0000365
11.819646,0.9992900
11.821035,1.0004039
11.822423,0.9984319
11.823812,0.9998295
11.825201,0.9986321
11.826590,1.0007544
11.827979,0.9994699
11.829368,0.9973668
11.830757,0.9994168
11.832146,0.9971236
11.833535,1.0019008
11.834924,0.9991664
11.836313,1.0003271
11.837701,0.9999736
11.839090,0.9971080
11.840479,0.9995520
11.841868,1.0006153
11.843257,1.0011911
11.844646,1.0017604
11.846035,0.9988120
11.847424,1.0008445
11.848813,0.9990722
11.850202,0.9991520
11.851591,0.9988913
11.852979,1.0001991
11.854368,0.9993381
11.855757,0.9998164
11.857146,0.9988324
11.858535,1.0014628
11.859924,0.9983253
11.861313,1.0001954
11.862702,1.0004321
11.864091,0.9999546
11.865480,1.0015118
11.866869,1.0013446
11.868258,0.9995337
11.869646,0.9980841
11.871035,0.9988106
11.872424,1.0009871
11.873813,1.0024417
11.875202,1.0003682
11.876591,1.0011485
11.877980,0.9999917
11.879369,0.9989400
11.880758,0.9991844
11.882147,0.9996407
11.883536,0.9991980
11.884924,0.9966804
11.886313,1.0010285
11.887702,1.0015582
11.889091,0.9994340
11.890480,0.9984780
11.891869,0.9991233
11.893258,1.0000496
11.894647,0.9997493
11.896036,1.0005321
11.897425,0.9996166
11.898814,0.9988915
11.900203,1.0014079
11.901591,1.0000668
11.902980,0.9991196
11.904369,0.9989378
11.905758,0.9995076
11.907147,0.9977049
11.908536,0.9994096
11.909925,1.0025015
11.911314,0.9987118
11.912703,0.9981102
11.914092,0.9989746
11.915481,0.9987241
11.916869,1.0002407
11.918258,0.9983753
11.919647,0.9998840
11.921036,1.0001455
11.922425,0.9997798
11.923814,1.0002733
11.925203,0.9986575
11.926592,0.9998847
11.927981,1.0010974
11.929370,0.9995990
11.930759,0.9998351
11.932148,1.0022341
11.933536,0.9999971
11.934925,0.9995447
11.936314,1.0009091
11.937703,0.9984106
11.939092,0.9998648
11.940481,0.9996798
11.941870,0.9988639
11.943259,1.0001985
11.944648,0.9995425
11.946037,1.0002355
11.947426,1.0005682
11.948814,1.0022982
11.950203,0.9992037
11.951592,1.0021289
11.952981,0.9985245
11.954370,0.9999132
11.955759,1.0014217
11.957148,0.9993337
11.958537,1.0027556
11.959926,0.9994591
11.961315,0.9988471
11.962704,0.9994801
11.964092,0.9987476
11.965481,1.0023382
11.966870,0.9981635
11.968259,1.0011071
11.969648,0.9995748
11.971037,1.0001044
11.972426,1.0004253
11.973815,1.0019535
11.975204,1.0013109
11.976593,0.9988496
11.977982,0.9991207
11.979371,0.9994193
11.980759,0.9981194
11.982148,0.9974090
11.983537,0.9981212
11.984926,1.0000181
11.986315,0.9990884
11.987704,1.0001040
11.989093,0.9979347
11.990482,1.0004280
11.991871,0.9998466
11.993260,1.0001502
11.994649,0.9997294
11.996037,0.9974227
11.997426,1.0005905
11.998815,1.0013489
12.000204,1.0009448
12.001593,1.0002997
12.002982,0.9986790
12.004371,1.0006002
12.005760,0.9996456
12.007149,1.0016074
12.008538,0.9998866
12.009927,1.0007335
12.011316,0.9983183
12.012704,1.0017376
12.014093,0.9991275
12.015482,0.9989916
12.016871,1.0020683
12.018260,1.0002167
12.019649,0.9997281
12.021038,1.0001029
12.022427,0.9998644
12.023816,0.9986191
12.025205,1.0014502
12.026594,0.9987473
12.027982,0.9994862
12.029371,1.0000447
12.030760,1.0015050
12.032149,0.9981754
12.033538,1.0005437
12.034927,1.0004455
12.036316,1.0000832
12.037705,0.9991170
12.039094,0.9996099
12.040483,0.9982173
12.041872,0.9979233
12.043261,1.0001492
12.044649,1.0007931
12.046038,1.0022758
12.047427,1.0004129
12.048816,1.0035591
12.050205,0.9985397
12.051594,0.9993710
12.052983,0.9981858
12.054372,0.9999620
12.055761,1.0006247
12.057150,1.0019067
12.058539,1.0011648
12.059927,0.9987118
12.061316,0.9990858
12.062705,1.0000909
12.064094,1.0028138
12.065483,0.9984371
12.066872,0.9989254
12.068261,1.0012310
12.069650,0.9997238
12.071039,0.9998866
12.072428,0.9992791
12.073817,0.9987162
12.075205,1.0012253
12.076594,0.9987654
12.077983,1.0028326
12.079372,0.9992806
12.080761,0.9990469
12.082150,1.0007496
12.083539,1.0004532
12.084928,1.0027192
12.086317,0.9998153
12.087706,0.9985674
12.089095,1.0015210
12.090484,1.0007118
12.091872,1.0000967
12.093261,0.9983616
12.094650,1.0013223
12.096039,0.9993093
12.097428,0.9998431
12.098817,1.0022115
12.101595,1.0009758
12.102984,1.0020771
12.104373,1.0001682
12.105762,1.0005640
12.107150,0.9997520
12.108539,0.9993588
12.109928,1.0003039
12.111317,1.0027576
12.112706,1.0011475
12.114095,1.0011462
12.115484,0.9997426
12.116873,1.0005620
12.118262,0.9955758
12.119651,0.9998190
12.121040,0.9984171
12.122429,1.0007016
12.123817,0.9997419
12.125206,0.9991308
12.126595,1.0007519
12.127984,0.9999505
12.129373,0.9997365
12.130762,0.9995643
12.132151,0.9996927
12.133540,1.0005046
12.134929,1.0002212
12.136318,0.9997915
12.137707,1.0004698
12.139095,1.0003156
12.140484,0.9998393
12.141873,0.9994422
12.143262,1.0008261
12.144651,0.9987294
12.146040,0.9995267
12.147429,1.0022432
12.148818,0.9999405
12.150207,1.0005664
12.151596,0.9992274
12.152985,0.9992577
12.154373,0.9998251
12.155762,0.9980688
12.157151,0.9990681
12.158540,0.9984645
12.159929,1.0009290
12.161318,1.0013481
12.162707,1.0000100
12.164096,1.0003309
12.165485,0.9995209
12.168263,1.0019455
12.169652,1.0030057
12.171040,1.0011060
12.172429,0.9989622
12.173818,0.9996495
12.175207,1.0003039
12.176596,1.0015683
12.177985,0.9980889
12.179374,1.0001097
12.180763,1.0012820
12.182152,1.0000257
12.183541,1.0006702
12.184930,0.9976354
12.186318,0.9984165
12.187707,1.0018901
12.189096,0.9998664
12.190485,1.0007708
12.191874,1.0003062
12.193263,1.0000859
12.194652,1.0009554
12.196041,1.0006897
12.197430,0.9974522
12.198819,0.9984675
12.200208,1.0023210
12.201597,1.0005967
12.202985,1.0002199
12.204374,1.0010260
12.205763,1.0007980
12.207152,1.0013632
12.208541,0.9996362
12.209930,0.9991442
12.211319,0.9993793
12.212708,1.0002472
12.214097,1.0011810
12.215486,1.0012473
12.216875,1.0000094
12.218263,1.0012870
12.219652,0.9986653
12.221041,1.0009526
12.222430,1.0006942
12.223819,1.0005310
12.225208,1.0010782
12.226597,0.9999702
12.227986,0.9996556
12.229375,1.0008226
12.230764,0.9991111
12.232153,1.0002683
12.233541,1.0010045
12.234930,1.0000232
12.236319,1.0002294
12.237708,1.0016351
12.239097,0.9992506
12.240486,1.0000906
12.241875,1.0023730
12.243264,0.9992168
12.244653,1.0002826
12.246042,1.0000709
12.247431,0.9987214
12.248820,1.0014812
12.250208,0.9974082
12.251597,0.9999237
12.252986,1.0008998
12.254375,0.9997990
12.255764,0.9982406
12.257153,0.9994364
12.258542,1.0003192
12.259931,1.0003628
12.261320,1.0004888
12.262709,0.9998042
12.264098,0.9994940
12.265486,0.9976686
12.266875,0.9993476
12.268264,1.0036283
12.269653,1.0005786
12.271042,0.9993737
12.272431,0.9985328
12.273820,0.9981221
12.275209,0.9986794
12.276598,1.0005518
12.277987,1.0011538
12.279376,0.9983624
12.280764,1.0019215
12.282153,1.0009128
12.283542,0.9994976
12.284931,0.9988393
12.286320,0.9993732
12.287709,1.0009044
12.289098,1.0005781
12.290487,0.9999164
12.291876,0.9991844
12.293265,1.0008501
12.294654,0.9975459
12.296043,1.0009529
12.297431,1.0007680
12.298820,0.9996763
12.300209,0.9988377
12.301598,1.0012165
12.302987,1.0021093
12.304376,1.0019705
12.305765,0.9978020
12.307154,0.9978854
12.308543,0.9985393
12.309932,0.9976241
12.311321,1.0017859
12.312709,0.9975885
12.314098,1.0008598
12.315487,0.9992728
12.316876,1.0003694
12.318265,0.9999398
12.319654,0.9988597
12.321043,1.0001609
12.322432,1.0000588
12.323821,0.9992456
12.325210,1.0035750
12.326599,1.0002137
12.327988,1.0020742
12.329376,0.9981255
12.330765,1.0005609
12.332154,1.0002119
12.333543,0.9983557
12.334932,0.9995583
12.336321,1.0016616
12.337710,0.9994843
12.339099,1.0000006
12.340488,0.9999342
12.341877,1.0018142
12.343266,1.0008526
12.344654,0.9982945
12.346043,1.0002295
12.347432,1.0008057
12.348821,0.9990574
12.350210,1.0002711
12.351599,0.9999492
12.352988,1.0006878
12.354377,0.9974741
12.355766,1.0000913
12.357155,1.0001641
12.358544,0.9981960
12.359932,1.0004188
12.361321,0.9994705
12.362710,1.0022266
12.364099,1.0015891
12.365488,1.0005633
12.366877,0.9996307
12.368266,0.9990227
12.369655,0.9994721
12.371044,1.0004965
12.372433,1.0002134
12.373822,1.0029980
12.375211,1.0015774
12.376599,1.0007513
12.377988,1.0002174
12.379377,0.9974252
12.380766,1.0004374
12.382155,1.0036904
12.383544,1.0004588
12.384933,0.9991409
12.386322,0.9992991
12.387711,0.9987110
12.389100,1.0015096
12.390489,1.0007812
12.391877,0.9985816
12.393266,0.9976271
12.394655,0.9985784
12.396044,1.0007597
12.397433,1.0004446
12.398822,0.9977749
12.400211,0.9998746
12.401600,1.0013950
12.402989,0.9980507
12.404378,0.9997465
12.405767,0.9991689
12.407155,0.9994923
12.408544,0.9995445
12.409933,0.9998980
12.411322,1.0000021
12.412711,1.0002742
12.414100,0.9998894
12.415489,1.0005654
12.416878,0.9996092
12.418267,1.0018191
12.419656,1.0006675
12.421045,1.0007663
12.422434,0.9990666
12.423822,1.0020458
12.425211,0.9992515
12.426600,0.9987633
12.427989,0.9978903
12.429378,1.0004548
12.430767,1.0010202
12.432156,1.0006084
12.433545,0.9999041
12.434934,1.0004657
12.436323,1.0001431
12.437712,0.9993829
12.439100,0.9997453
12.440489,0.9990487
12.441878,0.9982681
12.443267,1.0005664
12.444656,1.0004301
12.446045,1.0000386
12.447434,0.9994877
12.448823,1.0006478
12.450212,1.0006476
12.451601,1.0007526
12.452990,0.9989591
12.454379,0.9993724
12.455767,0.9995861
12.457156,1.0012302
12.458545,0.9976319
12.459934,0.9996630
12.461323,1.0000300
12.462712,0.9998059
12.464101,0.9986058
12.465490,1.0004095
12.466879,0.9986776
12.468268,0.9994241
12.469657,1.0003813
12.471045,0.9998970
12.472434,0.9991868
12.473823,0.9978064
12.475212,0.9977366
12.476601,0.9990202
12.477990,1.0014688
12.479379,1.0018120
12.480768,0.9998512
12.482157,0.9983577
12.483546,1.0007934
12.484935,0.9995903
12.486323,0.9982561
12.487712,0.9991646
12.489101,0.9977974
12.490490,0.9994483
12.491879,1.0018406
12.493268,0.9964880
12.494657,1.0016312
12.496046,0.9998830
12.497435,0.9991050
12.498824,1.0010410
12.500213,1.0010480
12.501602,0.9982040
12.502990,1.0013364
12.504379,0.9997463
12.505768,1.0014352
12.507157,0.9989028
12.508546,1.0028290
12.509935,0.9997072
12.511324,1.0009342
12.512713,1.0003956
12.514102,1.0017095
12.515491,0.9992730
12.516880,0.9988811
12.518268,0.9983941
12.519657,1.0005139
12.521046,0.9980500
12.522435,1.0008683
12.523824,0.9987007
12.525213,0.9992674
12.526602,1.0007610
12.527991,0.9988013
12.529380,1.0029950
12.530769,0.9985892
12.532158,1.0002806
12.533546,1.0001032
12.534935,1.0005080
12.536324,0.9996290
12.537713,1.0001586
12.539102,1.0009893
12.540491,0.9999476
12.541880,1.0008155
12.543269,0.9999276
12.544658,1.0002133
12.546047,0.9989384
12.547436,0.9997907
12.548825,0.9994618
12.550213,1.0012337
12.551602,1.0005268
12.552991,0.9994309
12.554380,0.9999984
12.555769,1.0020869
12.557158,1.0014946
12.558547,0.9997072
12.559936,1.0001459
12.561325,1.0001891
12.562714,0.9995351
12.564103,0.9999015
12.565491,0.9980082
12.566880,0.9992778
12.568269,1.0021824
12.569658,0.9988417
12.571047,0.9996550
12.572436,0.9999330
12.573825,1.0016894
12.575214,0.9997136
12.576603,0.9989105
12.577992,0.9991838
12.579381,1.0015130
12.580769,1.0004856
12.582158,1.0000109
12.583547,0.9980800
12.584936,0.9987832
12.586325,1.0023784
12.587714,0.9998190
12.589103,0.9979419
12.591881,1.0007372
12.593270,0.9994167
12.594659,0.9994033
12.596048,1.0029425
12.597436,0.9989759
12.598825,1.0007184
12.600214,0.9991183
12.601603,0.9979505
12.602992,0.9999545
12.604381,0.9991149
12.605770,1.0003562
12.607159,1.0007747
12.608548,0.9991583
12.609937,1.0000600
12.611326,1.0023837
12.612714,1.0008994
12.614103,0.9998024
12.615492,0.9996645
12.616881,1.0001225
12.618270,1.0005005
12.619659,1.0004325
12.621048,0.9987895
12.622437,1.0016404
12.623826,0.9987804
12.625215,0.9998972
12.626604,0.9986601
12.627992,1.0005746
12.629381,0.9987222
12.630770,1.0008185
12.632159,0.9998794
12.633548,1.0029553
12.634937,1.0003905
12.636326,0.9997753
12.637715,1.0003534
12.639104,0.9990942
12.640493,1.0011683
12.641882,1.0003681
12.643271,1.0001866
12.644659,1.0000749
12.646048,1.0004916
12.647437,0.9992738
12.648826,1.0015313
12.650215,0.9981654
12.651604,0.9994697
12.652993,1.0011264
12.654382,0.9993917
12.655771,1.0008109
12.657160,1.0008768
12.658549,0.9999206
12.659937,1.0010257
12.661326,1.0005610
12.662715,0.9994660
12.664104,0.9989896
12.665493,0.9984085
12.666882,0.9995904
12.668271,0.9984939
12.669660,0.9992403
12.671049,1.0010294
12.672438,0.9998513
12.673827,1.0001443
12.675215,0.9982975
12.676604,0.9999898
12.677993,0.9991565
12.679382,1.0008607
12.680771,0.9983497
12.682160,0.9990170
12.683549,0.9996544
12.684938,1.0023224
12.686327,0.9992630
12.687716,0.9996485
12.689105,1.0022452
12.690494,1.0002926
12.691882,0.9994194
12.693271,1.0000934
12.694660,1.0003912
12.696049,0.9990952
12.697438,1.0032159
12.698827,0.9995198
12.700216,0.9984558
12.701605,1.0020008
12.702994,0.9987816
12.704383,0.9980942
12.705772,0.9986959
12.707160,0.9993044
12.708549,1.0025820
12.709938,1.0027890
12.711327,1.0014149
12.712716,1.0019477
12.714105,0.9994229
12.715494,1.0000505
12.716883,1.0004547
12.718272,1.0003279
12.719661,0.9986508
12.721050,0.9996171
12.722438,0.9989801
12.723827,1.0002051
12.725216,0.9988533
12.726605,0.9997541
12.727994,1.0018862
12.729383,0.9994439
12.730772,0.9990866
12.732161,1.0017073
12.733550,0.9988846
12.734939,0.9956946
12.737717,0.9983200
12.739105,0.9997852
12.740494,0.9984963
12.741883,1.0022216
12.743272,0.9997003
12.744661,0.9992347
12.746050,1.0008824
12.748828,1.0007213
12.750217,1.0002256
12.751606,0.9994920
12.752995,1.0001173
12.754383,0.9999223
12.755772,0.9980671
12.757161,0.9977124
12.758550,1.0034830
12.759939,1.0013000
12.761328,0.9999256
12.762717,0.9991435
12.764106,1.0011569
12.765495,0.9998795
12.766884,1.0006065
12.768273,1.0001586
12.769661,1.0001662
12.780773,0.9993372
12.782162,0.9990449
12.783551,0.9993518
12.784940,1.0001436
12.786328,0.9961702
12.787717,1.0009377
12.789106,1.0009216
12.790495,0.9989718
12.791884,1.0003858
12.793273,0.9997000
12.794662,0.9996379
12.796051,0.9980834
12.797440,1.0004084
12.798829,1.0019333
12.800218,1.0023957
12.801606,1.0011134
12.802995,0.9998962
12.804384,0.9975396
12.805773,0.9986917
12.807162,1.0004427
12.808551,1.0023808
12.809940,1.0020499
12.811329,0.9991676
12.812718,1.0002871
12.814107,1.0008315
12.815496,0.9995022
12.816884,0.9995586
12.818273,1.0001552
12.819662,0.9985602
12.821051,0.9993463
12.822440,1.0017364
12.823829,1.0002088
12.825218,0.9971388
12.826607,1.0002179
12.827996,1.0003037
12.829385,1.0003054
12.830774,0.9986811
12.832162,0.9998625
12.833551,1.0004300
12.834940,1.0006048
12.836329,1.0005606
12.837718,1.0028259
12.839107,1.0009569
12.840496,1.0010614
12.841885,0.9994390
12.843274,0.9991252
12.844663,1.0010645
12.846052,0.9990220
12.847441,1.0019638
12.848829,0.9984666
12.850218,0.9999165
12.851607,0.9995344
12.852996,0.9982967
12.854385,0.9996853
12.855774,1.0018425
12.857163,0.9983096
12.858552,1.0012005
12.859941,1.0007166
12.861330,1.0000585
12.862719,1.0008922
12.864107,1.0016372
12.865496,0.9996357
12.866885,1.0027204
12.868274,1.0031437
12.869663,0.9980725
12.871052,0.9993520
12.872441,0.9995278
12.873830,0.9990246
12.875219,0.9986907
12.876608,0.9986394
12.877997,1.0004683
12.879385,0.9997454
12.880774,1.0005420
12.882163,1.0000576
12.883552,0.9997800
12.884941,1.0009688
12.886330,1.0012129
12.887719,1.0004773
12.889108,1.0000717
12.890497,0.9999931
12.891886,0.9992259
12.893275,1.0008765
12.894664,0.9996758
12.896052,1.0019879
12.897441,0.9996195
12.898830,1.0010231
12.900219,0.9995557
12.901608,0.9992894
12.902997,1.0016853
12.904386,0.9990206
12.905775,0.9994325
12.907164,1.0018013
12.908553,1.0005611
12.909942,0.9994272
12.911330,1.0000536
12.912719,1.0004082
12.914108,1.0002630
12.915497,0.9994524
12.916886,0.9982329
12.918275,1.0009588
12.919664,0.9985662
12.921053,0.9987797
12.922442,0.9996909
12.923831,1.0008005
12.925220,0.9997904
12.926608,1.0001382
12.927997,1.0020494
12.929386,0.9991354
12.930775,1.0010881
12.932164,1.0010754
12.933553,0.9988875
12.934942,1.0005230
12.936331,1.0006358
12.937720,0.9980155
12.939109,0.9981471
12.940498,1.0001298
12.941886,0.9989062
12.943275,1.0022846
12.944664,0.9959466
12.946053,1.0002075
12.947442,0.9999334
12.948831,0.9992131
12.950220,0.9988277
12.951609,0.9988583
12.952998,1.0005056
12.954387,1.0007630
12.955776,1.0004759
12.957165,1.0000766
12.958553,0.9997735
12.959942,1.0000081
12.961331,1.0005835
12.962720,1.0020174
12.964109,1.0013450
12.965498,0.9997854
12.966887,0.9984975
12.968276,1.0001469
12.969665,1.0009059
12.971054,0.9986644
12.972443,0.9979329
12.973831,0.9991675
12.975220,0.9999053
12.976609,1.0002044
12.977998,1.0006176
12.979387,0.9989967
12.980776,1.0000692
12.982165,0.9994391
12.983554,1.0016564
12.984943,0.9981635
12.986332,0.9992211
12.987721,1.0005651
12.989109,0.9987130
12.990498,0.9985777
12.991887,0.9999300
12.993276,0.9987413
12.994665,0.9967671
12.996054,1.0009345
12.997443,0.9994710
12.998832,0.9997854
13.000221,1.0022418
13.001610,1.0023920
13.002999,0.9994408
13.004388,0.9977354
13.005776,0.9995172
13.007165,1.0010981
13.008554,1.0013939
13.009943,0.9992308
13.011332,0.9980972
13.012721,1.0012367
13.014110,0.9984160
13.015499,0.9998029
13.016888,0.9994183
13.018277,0.9983651
13.019666,1.0002991
13.021054,0.9998264
13.022443,1.0001978
13.023832,0.9981351
13.025221,1.0001233
13.026610,1.0005401
13.027999,1.0002873
13.030777,0.9989781
13.032166,0.9992830
13.033555,0.9996060
13.034944,0.9993015
13.036332,1.0005519
13.037721,0.9989025
13.039110,1.0010590
13.040499,0.9985345
13.041888,0.9990835
13.043277,1.0010681
13.044666,1.0000818
13.046055,1.0015403
13.047444,1.0005864
13.048833,1.0002133
13.050222,0.9987401
13.051610,0.9999326
13.052999,0.9987328
13.054388,0.9991676
13.055777,1.0009200
13.057166,1.0019312
13.058555,0.9984885
13.059944,1.0003061
13.061333,0.9984801
13.062722,0.9999590
13.064111,0.9986603
13.065500,1.0002778
13.066889,1.0016140
13.068277,1.0006880
13.069666,1.0001131
13.071055,1.0008327
13.072444,1.0010689
13.073833,1.0004972
13.075222,0.9994461
13.076611,1.0010701
13.078000,0.9996806
13.079389,0.9988205
13.080778,0.9993476
13.082167,1.0000541
13.083555,0.9989568
13.084944,0.9998461
13.086333,0.9992663
13.087722,1.0011978
13.089111,1.0024718
13.090500,1.0007097
13.091889,1.0004842
13.093278,1.0005967
13.094667,1.0035855
13.096056,0.9982086
13.097445,0.9999847
13.098833,0.9998007
13.100222,1.0011462
13.101611,1.0014577
13.103000,1.0004083
13.104389,0.9992907
13.105778,0.9991612
13.107167,0.9990691
13.108556,1.0001696
13.109945,0.9965210
13.111334,1.0017993
13.112723,0.9981595
13.114111,0.9986888
13.115500,0.9996297
13.116889,1.0001051
13.118278,1.0013103
13.119667,0.9999136
13.121056,0.9978651
13.122445,0.9980666
13.123834,0.9990133
13.125223,0.9973605
13.126612,1.0010217
13.128001,1.0001888
13.129390,1.0010540
13.130778,1.0009620
13.132167,1.0011531
13.133556,1.0001254
13.134945,1.0002371
13.136334,1.0001831
13.137723,1.0004728
13.139112,1.0000269
13.140501,1.0019001
13.141890,0.9993234
13.143279,1.0001333
13.144668,1.0012567
13.146056,0.9999866
13.147445,1.0009770
13.148834,1.0003321
13.150223,0.9996083
13.151612,1.0013872
13.153001,0.9998001
13.154390,0.9992249
13.155779,0.9994408
13.157168,1.0025964
13.158557,0.9988721
13.159946,1.0005895
13.161334,0.9987244
13.162723,0.9978575
13.164112,0.9987737
13.165501,0.9994246
13.166890,1.0010623
13.168279,1.0004765
13.169668,1.0008533
13.171057,1.0000678
13.172446,0.9983636
13.173835,1.0005317
13.175224,1.0010783
13.176613,1.0004379
13.178001,0.9989768
13.179390,1.0002405
13.180779,1.0015066
13.182168,1.0020161
13.183557,1.0005954
13.184946,1.0002869
13.186335,0.9996647
13.187724,0.9996929
13.189113,1.0000434
13.190502,0.9981055
13.191891,1.0002574
13.193279,1.0003381
13.194668,0.9999718
13.196057,1.0012853
13.197446,0.9998666
13.198835,0.9982460
13.200224,0.9991843
13.201613,0.9992378
13.203002,0.9996510
13.204391,1.0008710
13.205780,0.9995060
13.207169,0.9996402
13.208557,0.9998437
13.209946,1.0012078
13.211335,1.0011362
13.212724,1.0012396
13.214113,0.9996233
13.215502,1.0014983
13.216891,1.0013767
13.218280,0.9997360
13.219669,0.9996587
13.221058,0.9977618
13.222447,1.0028311
13.223835,1.0008127
13.225224,0.9987564
13.226613,0.9985832
13.228002,1.0011569
13.229391,1.0018891
13.230780,0.9991320
13.232169,1.0011443
13.233558,1.0001671
13.234947,1.0012834
13.236336,0.9981519
13.237725,1.0011778
13.239113,0.9974044
13.240502,0.9986285
13.241891,1.0013191
13.243280,0.9996857
13.244669,1.0021170
13.246058,1.0007113
13.247447,1.0000963
13.248836,0.9994112
13.250225,1.0011701
13.251614,1.0005860
13.253003,1.0000233
13.254392,1.0012762
13.255780,0.9992019
13.257169,0.9992398
13.258558,1.0001340
13.259947,0.9990745
13.261336,0.9976970
13.262725,0.9999991
13.264114,1.0000885
13.265503,0.9981900
13.266892,0.9993984
13.268281,0.9980600
13.269670,1.0002013
13.271058,1.0012656
13.272447,0.9993486
13.273836,0.9985926
13.275225,1.0008477
13.276614,1.0000263
13.278003,0.9981686
13.279392,0.9995968
13.280781,0.9989560
13.282170,0.9998820
13.283559,0.9982840
13.284948,1.0000002
13.286336,1.0009303
13.287725,0.9995230
13.289114,1.0002154
13.290503,1.0007733
13.291892,1.0031416
13.293281,1.0010458
13.294670,0.9986518
13.296059,0.9991724
13.297448,0.9990818
13.298837,0.9993432
13.300226,1.0012141
13.301614,0.9999651
13.303003,0.9986393
13.304392,1.0018855
13.305781,0.9991040
13.307170,1.0001061
13.308559,0.9999343
13.309948,0.9997610
13.311337,0.9990808
13.312726,0.9987654
13.314115,1.0007339
13.315504,0.9992460
13.316893,1.0008607
13.318281,0.9995829
13.319670,1.0008386
13.321059,0.9991745
13.322448,1.0020845
13.323837,0.9984508
13.325226,0.9995431
13.326615,1.0005729
13.328004,0.9975946
13.329393,1.0003651
13.330782,0.9986359
13.332171,1.0002585
13.333559,0.9991940
13.334948,0.9987684
13.336337,1.0003411
13.337726,0.9996386
13.339115,0.9987311
13.340504,1.0005081
13.341893,1.0004202
13.343282,1.0010044
13.344671,0.9979974
13.346060,1.0009894
13.347449,1.0008697
13.348837,0.9994943
13.350226,0.9996054
13.351615,0.9993316
13.353004,0.9988444
13.354393,1.0000466
13.355782,1.0015513
13.357171,1.0005930
13.358560,1.0023648
13.359949,1.0002475
13.361338,0.9978698
13.362727,0.9990941
13.364115,0.9998100
13.365504,0.9982785
13.366893,0.9983750
13.368282,0.9991242
13.369671,1.0001746
13.371060,0.9971586
13.372449,1.0002750
13.373838,1.0014097
13.375227,0.9994618
13.376616,1.0018834
13.378005,0.9988543
13.379394,1.0005849
13.380782,1.0008663
13.382171,1.0004276
13.383560,1.0012395
13.384949,1.0004141
13.386338,1.0020475
13.387727,0.9988172
13.389116,1.0013095
13.390505,1.0005230
13.391894,0.9988252
13.393283,0.9997560
13.394672,1.0000330
13.396060,0.9993856
13.397449,1.0000536
13.398838,0.9990322
13.400227,0.9982948
13.401616,1.0002571
13.403005,1.0008319
13.404394,0.9973368
13.405783,1.0009368
13.407172,0.9994514
13.408561,0.9993711
13.409950,1.0027213
13.411338,1.0002177
13.412727,1.0009921
13.414116,0.9999168
13.415505,1.0012777
13.416894,0.9987355
13.418283,0.9981060
13.419672,0.9993022
13.421061,1.0015595
13.422450,1.0000976
13.423839,0.9987073
13.425228,1.0000008
13.426616,1.0003844
13.428005,1.0005633
13.429394,1.0009628
13.430783,1.0005655
13.432172,1.0025870
13.433561,1.0007126
13.434950,0.9994459
13.436339,0.9990935
13.437728,1.0004730
13.439117,1.0009738
13.440506,0.9994013
13.441894,1.0018349
13.443283,0.9999776
13.444672,1.0009353
13.446061,1.0002905
13.447450,1.0032540
13.448839,1.0004748
13.450228,1.0005683
13.451617,0.9988364
13.453006,1.0014312
13.454395,1.0013586
13.455784,1.0005468
13.457173,0.9997206
13.458561,0.9994614
13.459950,0.9988962
13.461339,1.0001658
13.462728,0.9987770
13.464117,0.9993301
13.465506,1.0020399
13.466895,1.0005600
13.468284,0.9976311
13.469673,0.9989864
13.471062,0.9998293
13.472451,0.9996544
13.473839,1.0021037
13.475228,1.0021871
13.476617,0.9999984
13.478006,0.9996666
13.479395,1.0012679
13.480784,1.0009832
13.482173,0.9973414
13.483562,0.9989800
13.484951,0.9983027
13.486340,1.0015245
13.487729,0.9988222
13.489117,0.9980158
13.490506,0.9991001
13.491895,0.9986906
13.493284,0.9981007
13.494673,0.9990395
13.496062,1.0021216
13.497451,1.0001761
13.498840,1.0010781
13.500229,1.0004324
13.501618,0.9987045
13.503007,0.9991308
13.504395,0.9998733
13.505784,1.0002591
13.507173,1.0019852
13.508562,1.0016629
13.509951,0.9990405
13.511340,1.0016183
13.512729,1.0010124
13.514118,1.0013777
13.515507,0.9995286
13.516896,1.0020321
13.518285,1.0002816
13.519673,1.0007520
13.521062,0.9988881
13.522451,0.9974340
13.523840,0.9977222
13.525229,1.0000834
13.526618,1.0008453
13.528007,1.0007277
13.529396,0.9988446
13.530785,1.0002114
13.532174,0.9990607
13.533563,0.9994670
13.534952,0.9996676
13.536340,0.9978316
13.537729,0.9996492
13.539118,1.0011524
13.540507,1.0016463
13.541896,1.0008645
13.543285,1.0003243
13.544674,0.9999920
13.546063,1.0008133
13.547452,1.0014668
13.548841,1.0003883
13.550230,0.9996529
13.551618,1.0000687
13.553007,0.9998484
13.554396,0.9997999
13.555785,1.0007135
13.557174,0.9991853
13.558563,1.0008652
13.559952,0.9991695
13.561341,1.0003644
13.562730,0.9994238
13.564119,1.0022120
13.565508,1.0024826
13.566896,1.0001143
13.568285,0.9997854
13.569674,0.9986964
13.571063,0.9975468
13.572452,0.9982235
13.573841,1.0012218
13.575230,1.0008785
13.576619,0.9967588
13.578008,0.9986948
13.579397,1.0003559
13.580786,0.9990605
13.582174,0.9993965
13.583563,1.0004487
13.584952,1.0005470
13.586341,1.0007095
13.587730,0.9956443
13.589119,1.0015350
13.590508,1.0004582
13.591897,0.9990632
13.593286,1.0000669
13.594675,0.9995043
13.596064,0.9983797
13.597452,1.0018210
13.598841,1.0001207
13.600230,1.0031221
13.601619,1.0011125
13.603008,1.0006444
13.604397,0.9998644
13.605786,0.9985202
13.607175,1.0015042
13.608564,0.9994762
13.609953,0.9996633
13.611342,0.9985672
13.612731,1.0000941
13.614119,0.9996155
13.615508,0.9996913
13.616897,1.0002356
13.618286,1.0002877
13.619675,0.9996895
13.621064,1.0007802
13.622453,1.0004569
13.623842,0.9994788
13.625231,0.9994500
13.626620,0.9993258
13.628009,0.9993514
13.629397,0.9997411
13.630786,0.9992376
13.632175,1.0009905
13.633564,1.0019634
13.634953,0.9996976
13.636342,0.9987280
13.637731,1.0009614
13.639120,0.9981162
13.640509,1.0014338
13.641898,0.9996942
13.643287,0.9985687
13.644675,1.0002108
13.646064,1.0014519
13.647453,1.0011128
13.648842,0.9981532
13.650231,1.0005720
13.651620,1.0013279
13.653009,0.9996673
13.654398,1.0014627
13.655787,0.9976068
13.657176,1.0003693
13.658565,0.9984616
13.659953,0.9999423
13.661342,1.0010410
13.662731,1.0007834
13.664120,0.9994173
13.665509,0.9995158
13.666898,1.0002564
13.668287,0.9989433
13.669676,1.0003927
13.671065,0.9996537
13.672454,0.9990003
13.673843,1.0002325
13.675231,1.0002052
13.676620,1.0005096
13.678009,0.9979524
13.679398,1.0002997
13.680787,0.9990964
13.682176,1.0010639
13.683565,0.9990654
13.684954,0.9990288
13.686343,1.0015176
13.687732,1.0003246
13.689121,0.9997615
13.690509,1.0000743
13.691898,1.0002090
13.693287,1.0034748
13.694676,1.0025687
13.696065,0.9993449
13.697454,0.9981466
13.698843,1.0016512
13.700232,0.9984354
13.701621,1.0012359
13.703010,1.0001001
13.704399,0.9972333
13.705788,1.0014914
13.707176,1.0012538
13.708565,1.0006996
13.709954,0.9993217
13.711343,1.0007932
13.712732,0.9991150
13.714121,0.9995422
13.715510,1.0024801
13.716899,0.9989556
13.718288,0.9996386
13.719677,0.9990937
13.721066,0.9986601
13.722454,1.0004020
13.723843,1.0024766
13.725232,0.9996588
13.726621,1.0002729
13.728010,0.9982291
13.729399,0.9999458
13.730788,0.9991403
13.732177,0.9964657
13.733566,0.9986509
13.734955,1.0003082
13.736344,1.0008487
13.737732,1.0003834
13.739121,0.9994521
13.740510,0.9984841
13.741899,0.9993031
13.743288,0.9977050
13.744677,0.9987617
13.746066,1.0001553
13.747455,0.9992303
13.748844,0.9979725
13.750233,0.9991895
13.751622,0.9998103
13.753010,0.9964813
13.754399,1.0007478
13.755788,1.0006688
13.757177,1.0011405
13.758566,0.9984216
13.759955,0.9981002
13.761344,0.9998562
13.762733,1.0017198
13.764122,1.0004789
13.765511,1.0000619
13.766900,1.0008821
13.768288,1.0012870
13.769677,0.9999300
13.771066,1.0016394
13.772455,1.0018524
13.773844,1.0013901
13.775233,0.9975160
13.776622,1.0007027
13.778011,1.0013364
13.779400,0.9996660
13.780789,1.0001920
13.782178,1.0017126
13.783566,0.9992343
13.784955,1.0006100
13.786344,1.0011951
13.787733,1.0013521
13.789122,0.9999674
13.790511,1.0017318
13.791900,1.0012394
13.793289,1.0012682
13.794678,0.9997842
13.796067,1.0003156
13.797456,0.9999619
13.798845,0.9992762
13.800233,1.0004610
13.801622,1.0014024
13.803011,0.9995970
13.804400,1.0013288
13.805789,1.0019224
13.807178,0.9989519
13.808567,0.9986827
13.809956,1.0019167
13.811345,1.0005240
13.812734,0.9987086
13.814123,0.9998065
13.815511,0.9990490
13.816900,1.0000397
13.818289,0.9990954
13.819678,0.9999093
13.821067,1.0013801
13.822456,0.9987514
13.823845,1.0016762
13.825234,1.0005678
13.826623,1.0004728
13.828012,1.0043451
13.829401,0.9996545
13.830789,0.9987219
13.832178,1.0023037
13.833567,1.0002178
13.834956,1.0013512
13.836345,0.9994846
13.837734,0.9989150
13.839123,0.9992140
13.840512,1.0014737
13.841901,1.0014299
13.843290,1.0010661
13.844679,1.0025776
13.846067,0.9993961
13.847456,0.9990857
13.848845,0.9999666
13.850234,0.9987587
13.851623,0.9993191
13.853012,1.0002414
13.854401,0.9997124
13.855790,0.9999745
13.857179,0.9986153
13.858568,0.9972163
13.859957,1.0008910
13.861345,0.9980746
13.862734,0.9996679
13.864123,0.9990347
13.865512,1.0016074
13.866901,1.0005299
13.868290,1.0025495
13.869679,1.0009789
13.871068,0.9981340
13.872457,0.9983855
13.873846,1.0006776
13.875235,0.9991350
13.876623,1.0011958
13.878012,0.9994731
13.879401,1.0003475
13.880790,1.0011476
13.882179,1.0003399
13.883568,1.0005712
13.884957,1.0030156
13.886346,0.9996949
13.887735,0.9993822
13.889124,1.0008379
13.890513,1.0009433
13.891902,0.9977628
13.893290,0.9998141
13.894679,0.9986633
13.896068,0.9991096
13.897457,1.0004578
13.898846,1.0000207
13.900235,0.9999325
13.901624,1.0000500
13.903013,1.0017501
13.904402,0.9994897
13.905791,0.9994313
13.907180,1.0007401
13.908568,0.9995686
13.909957,1.0018577
13.911346,1.0003219
13.912735,0.9991114
13.914124,1.0004202
13.915513,0.9987790
13.916902,1.0003909
13.918291,1.0006441
13.919680,1.0011630
13.921069,0.9975569
13.922458,1.0013357
13.923846,1.0005475
13.925235,1.0006885
13.926624,1.0020613
13.928013,0.9989442
13.929402,0.9999933
13.930791,0.9999548
13.932180,1.0008767
13.933569,0.9994255
13.934958,1.0014482
13.936347,0.9973299
13.937736,0.9976978
13.939124,0.9993384
13.940513,1.0009288
13.941902,1.0000832
13.943291,1.0011416
13.944680,1.0012008
13.946069,0.9996802
13.947458,0.9981989
13.948847,1.0005489
13.950236,0.9995390
13.951625,0.9995109
13.953014,1.0001373
13.954402,1.0018337
13.955791,0.9990923
13.957180,0.9994197
13.958569,1.0004147
13.959958,0.9995753
13.961347,1.0003072
13.962736,0.9990448
13.964125,1.0012682
13.965514,0.9998071
13.966903,0.9990680
13.968292,1.0012407
13.969680,1.0003716
13.971069,0.9990562
13.972458,1.0010613
13.973847,1.0000336
13.975236,0.9991975
13.976625,1.0011082
13.978014,1.0005229
13.979403,0.9971316
13.980792,0.9994487
13.982181,1.0000412
13.983570,1.0007021
13.984958,0.9998972
13.986347,1.0036144
13.987736,1.0017688
13.989125,0.9979268
13.990514,0.9995454
13.991903,1.0008239
13.993292,1.0008400
13.994681,0.9999877
13.996070,1.0012932
13.998848,1.0015860
14.000236,0.9991919
14.001625,0.9994398
14.003014,0.9989089
14.004403,1.0014245
14.005792,1.0013164
14.007181,0.9988223
14.008570,0.9989069
14.009959,1.0014597
14.011348,0.9993349
14.012737,0.9997576
14.014126,1.0002342
14.015515,0.9999840
14.016903,0.9971992
14.018292,1.0002965
14.019681,1.0007584
14.021070,1.0004290
14.022459,0.9990091
14.023848,0.9989702
14.025237,0.9989778
14.026626,1.0003829
14.028015,1.0004077
14.029404,1.0000760
14.030793,0.9982647
14.032181,1.0001649
14.033570,1.0006634
14.034959,0.9990754
14.036348,1.0003759
14.037737,1.0001848
14.039126,0.9985371
14.040515,1.0017898
14.041904,0.9987011
14.043293,1.0010518
14.044682,1.0000376
14.046071,1.0005287
14.047459,0.9994427
14.048848,1.0022002
14.050237,0.9992547
14.051626,0.9988276
14.053015,1.0014575
14.054404,0.9981966
14.055793,1.0011708
14.057182,0.9996788
14.058571,0.9983863
14.059960,0.9979665
14.061349,0.9989995
14.062737,0.9995466
14.064126,0.9983426
14.065515,0.9999290
14.066904,1.0003898
14.068293,0.9999647
14.069682,1.0009235
14.071071,0.9996788
14.072460,0.9990672
14.073849,0.9974693
14.075238,1.0002845
14.076627,0.9983303
14.078015,0.9980078
14.079404,1.0006824
14.080793,0.9995246
14.082182,0.9998998
14.083571,0.9997700
14.084960,1.0004423
14.086349,0.9996648
14.087738,1.0017497
14.089127,0.9984132
14.090516,1.0000960
14.091905,0.9991267
14.093293,1.0011582
14.094682,1.0008674
14.096071,1.0002945
14.097460,1.0008093
14.098849,0.9991221
14.100238,1.0015749
14.101627,0.9988036
14.103016,0.9999653
14.104405,0.9987782
14.105794,0.9988076
14.107183,0.9990221
14.108571,1.0015417
14.109960,0.9998098
14.111349,0.9997798
14.112738,0.9998996
14.114127,1.0001084
14.115516,1.0006831
14.116905,0.9990759
14.118294,0.9984523
14.119683,0.9987439
14.121072,0.9981039
14.122461,1.0000738
14.123849,1.0013211
14.125238,1.0001236
14.126627,0.9983818
14.128016,1.0019829
14.129405,0.9986238
14.130794,1.0011425
14.132183,1.0013672
14.133572,1.0024612
14.134961,1.0038356
14.136350,0.9993063
14.137739,0.9990242
14.139127,1.0001861
14.140516,0.9992410
14.141905,1.0018029
14.143294,1.0004739
14.144683,0.9989028
14.146072,0.9983971
14.147461,1.0006999
14.148850,0.9978745
14.150239,0.9993516
14.151628,0.9996702
14.153017,1.0007382
14.154406,0.9987515
14.155794,0.9980917
14.157183,1.0012166
14.158572,0.9986484
14.159961,1.0025421
14.161350,0.9987608
14.162739,1.0011936
14.164128,1.0002354
14.165517,0.9999818
14.166906,1.0024635
14.168295,1.0010889
14.169684,0.9989351
14.171072,1.0003664
14.172461,1.0011863
14.173850,0.9976794
14.175239,0.9984743
14.176628,1.0022484
14.178017,0.9998903
14.179406,0.9997051
14.180795,0.9990078
14.182184,1.0003542
14.183573,1.0018075
14.184962,0.9988550
14.186350,0.9992409
14.187739,0.9997748
14.189128,1.0008039
14.190517,1.0022523
14.191906,0.9988951
14.193295,0.9991445
14.194684,1.0016144
14.196073,1.0011308
14.197462,1.0004944
14.198851,0.9996947
14.200240,1.0032162
14.201628,0.9997137
14.203017,0.9979372
14.204406,0.9982149
14.205795,0.9997488
14.207184,0.9975995
14.208573,0.9992000
14.209962,0.9985013
14.211351,0.9991563
14.212740,0.9976422
14.214129,1.0005606
14.215518,0.9998064
14.216906,0.9990002
14.218295,0.9973974
14.219684,0.9991635
14.221073,1.0023393
14.222462,0.9987705
14.223851,0.9990107
14.225240,0.9988120
14.226629,1.0012636
14.228018,1.0002332
14.229407,1.0003773
14.230796,1.0002672
14.232184,1.0001159
14.233573,0.9989867
14.234962,1.0003475
14.236351,1.0008036
14.237740,1.0013692
14.239129,0.9997574
14.240518,1.0005833
14.241907,0.9997267
14.243296,0.9995518
14.244685,1.0000255
14.246074,0.9998449
14.247462,1.0000369
14.248851,0.9986978
14.250240,0.9986208
14.251629,0.9993750
14.253018,0.9988752
14.254407,1.0015356
14.255796,1.0000433
14.257185,0.9982774
14.258574,0.9981577
14.259963,1.0005093
14.261352,1.0011445
14.262740,1.0006306
14.264129,1.0003034
14.265518,1.0039427
14.266907,1.0041940
14.268296,1.0032224
14.269685,1.0005126
14.271074,0.9980578
14.272463,0.9999084
14.273852,1.0025548
14.275241,0.9995126
14.276630,0.9998244
14.278018,0.9986450
14.279407,1.0004916
14.280796,0.9995450
14.282185,1.0002094
14.283574,1.0012392
14.284963,0.9983008
14.286352,0.9989949
14.287741,0.9984862
14.289130,1.0001362
14.290519,1.0016547
14.291908,1.0013772
14.293296,1.0023106
14.294685,1.0014856
14.296074,1.0001363
14.297463,1.0007611
14.298852,0.9999564
14.300241,1.0012033
14.301630,1.0031343
14.303019,1.0013848
14.304408,1.0008528
14.305797,0.9982883
14.307186,1.0017055
14.308575,0.9994650
14.309963,1.0021140
14.311352,0.9997143
14.312741,1.0001404
14.314130,1.0023302
14.315519,1.0021349
14.316908,1.0007261
14.318297,1.0012570
14.319686,1.0015679
14.321075,1.0013611
14.322464,1.0021778
14.323853,1.0006843
14.325241,1.0001059
14.326630,1.0000056
14.328019,1.0009441
14.329408,0.9995796
14.330797,1.0003559
14.332186,1.0007797
14.333575,0.9992560
14.334964,1.0002843
14.336353,1.0009657
14.337742,1.0014292
14.339131,0.9990927
14.340519,0.9988978
14.341908,0.9988992
14.343297,0.9978948
14.344686,1.0002600
14.346075,1.0024600
14.347464,1.0028584
14.348853,1.0015223
14.350242,1.0001958
14.351631,0.9990643
14.353020,1.0000118
14.354409,1.0007720
14.355797,1.0009141
14.357186,0.9987971
14.358575,1.0000081
14.359964,0.9981422
14.361353,1.0000829
14.362742,0.9993201
14.364131,0.9993695
14.365520,0.9989602
14.366909,0.9993989
14.368298,1.0006535
14.369687,1.0011915
14.371075,0.9985366
14.372464,0.9997552
14.373853,1.0005826
14.375242,0.9997262
14.376631,1.0014403
14.378020,0.9980765
14.379409,0.9994251
14.380798,1.0021456
14.382187,0.9986153
14.383576,1.0010685
14.384965,1.0000563
14.386353,0.9992055
14.387742,0.9997987
14.389131,0.9988030
14.390520,0.9994041
14.391909,1.0018350
14.393298,0.9999805
14.394687,1.0009505
14.396076,1.0000224
14.397465,0.9995116
14.398854,0.9982574
14.400243,0.9994256
14.401631,1.0021222
14.403020,1.0025613
14.404409,1.0013007
14.405798,1.0002167
14.407187,1.0002027
14.408576,0.9993944
14.409965,1.0011047
14.411354,1.0007162
14.412743,0.9974922
14.414132,1.0014356
14.415521,1.0009673
14.416909,0.9981882
14.418298,0.9985281
14.419687,0.9995627
14.421076,1.0008026
14.422465,1.0032170
14.423854,0.9964315
14.425243,1.0010007
14.426632,0.9997871
14.428021,0.9999878
14.429410,1.0003177
14.430799,1.0010093
14.432187,1.0010372
14.433576,1.0004147
14.434965,0.9981289
14.436354,0.9993098
14.437743,0.9987471
14.439132,1.0010930
14.440521,1.0019234
14.441910,0.9968516
14.443299,1.0015200
14.444688,0.9999554
14.446077,0.9987637
14.447465,0.9976356
14.448854,1.0027676
14.450243,0.9991853
14.451632,0.9995276
14.453021,0.9999321
14.454410,1.0006887
14.455799,1.0009726
14.457188,1.0013439
14.458577,0.9994622
14.459966,1.0017729
14.461355,1.0009192
14.462743,0.9997102
14.464132,1.0010127
14.465521,1.0001059
14.466910,0.9991969
14.468299,0.9999290
14.469688,0.9980854
14.471077,0.9994447
14.472466,1.0020548
14.473855,0.9991787
14.475244,1.0007886
14.476633,1.0003818
14.478021,0.9983171
14.479410,1.0008235
14.480799,0.9991185
14.482188,0.9989883
14.483577,1.0007714
14.484966,0.9989891
14.486355,0.9994134
14.487744,1.0007566
14.489133,1.0018388
14.490522,1.0015111
14.491911,0.9997165
14.493299,0.9992221
14.494688,1.0009154
14.496077,0.9979593
14.497466,0.9977356
14.498855,0.9994830
14.500244,0.9974946
14.501633,1.0008668
14.503022,0.9996337
14.504411,1.0012312
14.505800,0.9999095
14.507189,1.0015747
14.508577,1.0025263
14.509966,1.0007458
14.511355,0.9997134
14.512744,0.9984915
14.514133,0.9993474
14.515522,1.0002831
14.516911,1.0009526
14.518300,1.0007972
14.519689,1.0004522
14.521078,1.0002985
14.522467,0.9984405
14.523855,1.0005605
14.525244,0.9990326
14.526633,0.9987592
14.528022,0.9994104
14.529411,0.9984622
14.530800,0.9992185
14.532189,0.9984397
14.533578,0.9988470
14.534967,1.0028095
14.536356,1.0008297
14.537745,0.9986279
14.539133,1.0001451
14.540522,0.9997841
14.541911,0.9989135
14.543300,0.9997121
14.544689,0.9997197
14.546078,0.9994435
14.547467,1.0012295
14.548856,1.0001653
14.550245,0.9987629
14.551634,1.0011021
14.553023,0.9991957
14.554411,1.0001373
14.555800,1.0002849
14.557189,1.0006352
14.558578,1.0014886
14.559967,1.0006205
14.561356,1.0024063
14.562745,1.0010498
14.564134,1.0016381
14.565523,0.9995702
14.566912,0.9986813
14.568301,0.9997243
14.569690,0.9971004
14.571078,0.9972542
14.572467,0.9990478
14.573856,0.9994323
14.575245,0.9970520
14.576634,0.9988231
14.578023,0.9999239
14.579412,0.9987194
14.580801,0.9994314
14.582190,0.9999793
14.583579,0.9998950
14.584968,0.9992310
14.586356,0.9978543
14.587745,1.0002962
14.589134,0.9997717
14.590523,0.9969353
14.591912,0.9982868
14.593301,0.9972965
14.594690,1.0004780
14.596079,0.9975575
14.597468,0.9976787
14.598857,0.9988937
14.600246,0.9985681
14.601634,0.9972542
14.603023,0.9977787
14.604412,1.0004294
14.605801,0.9997691
14.607190,0.9996894
14.608579,0.9995596
14.609968,0.9994354
14.611357,0.9968713
14.612746,0.9984655
14.614135,1.0007076
14.615524,0.9994532
14.616912,0.9974094
14.618301,0.9983363
14.619690,0.9988777
14.621079,0.9994693
14.622468,0.9997794
14.623857,0.9987714
14.625246,1.0011816
14.626635,1.0003680
14.628024,0.9999543
14.629413,0.9983989
14.630802,1.0007226
14.632190,1.0005188
14.633579,1.0003010
14.634968,1.0008042
14.636357,1.0005588
14.637746,0.9990025
14.639135,1.0025307
14.640524,0.9977543
14.641913,0.9985739
14.643302,1.0012073
14.644691,1.0016831
14.646080,1.0006205
14.647468,1.0009908
14.648857,0.9998740
14.650246,1.0006945
14.651635,1.0006325
14.653024,0.9997857
14.654413,1.0004638
14.655802,0.9993508
14.657191,1.0004047
14.658580,1.0018037
14.659969,0.9993168
14.661358,1.0000099
14.662746,1.0004151
14.664135,1.0033049
14.665524,0.9990941
14.666913,1.0001560
14.668302,1.0000491
14.669691,1.0000503
14.671080,1.0005961
14.672469,0.9999528
14.673858,1.0001447
14.675247,0.9989092
14.676636,0.9996155
14.679413,0.9995936
14.680802,1.0034116
14.682191,1.0005188
14.683580,1.0003501
14.684969,1.0017376
14.686358,0.9993560
14.687747,0.9998336
14.689136,1.0011163
14.690525,1.0007741
14.691914,0.9999733
14.693302,1.0014417
14.694691,0.9992096
14.696080,0.9978220
14.697469,1.0023330
14.698858,0.9997235
14.700247,1.0010439
14.701636,1.0010843
14.703025,1.0017821
14.704414,0.9998381
14.707192,0.9992335
14.708580,0.9993850
14.709969,0.9993942
14.711358,0.9982242
14.712747,1.0014514
14.714136,0.9986637
14.716914,0.9991505
14.718303,0.9994082
14.722470,0.9989629
14.723858,0.9989763
14.725247,1.0001222
14.726636,1.0010179
14.728025,1.0002279
14.729414,1.0018956
14.732192,1.0000566
14.733581,0.9981535
14.734970,1.0025132
14.736359,1.0019125
14.737748,1.0008138
14.739136,1.0032773
14.740525,1.0003786
14.741914,1.0038281
14.743303,1.0003100
14.744692,1.0001342
14.746081,1.0036011
14.747470,0.9996887
14.750248,0.9991246
14.751637,1.0001308
14.754414,0.9994031
14.755803,1.0005846
14.757192,1.0012537
14.758581,1.0030476
14.759970,1.0001884
14.761359,0.9989219
14.762748,0.9990823
14.764137,1.0018401
14.765526,0.9990563
14.766915,0.9997659
14.768304,1.0014783
14.769692,0.9991613
14.780804,1.0009761
14.782193,1.0006866
14.783582,0.9980613
14.784970,0.9997347
14.786359,1.0026222
14.787748,1.0001607
14.789137,1.0011431
14.790526,1.0015331
14.791915,0.9987744
14.793304,1.0034420
14.794693,0.9978331
14.796082,1.0000927
14.797471,1.0002613
14.798860,1.0011664
14.800248,0.9995733
14.801637,0.9991660
14.803026,1.0014715
14.804415,1.0000676
14.805804,0.9999968
14.807193,0.9991842
14.808582,0.9998441
14.809971,0.9993152
14.811360,0.9998926
14.812749,1.0005492
14.814138,1.0007924
14.815526,0.9992216
14.816915,0.9998886
14.818304,0.9995906
14.819693,1.0016615
14.821082,1.0002996
14.822471,1.0010372
14.823860,1.0013432
14.825249,1.0010676
14.826638,1.0021904
14.828027,1.0002115
14.829416,0.9998840
14.830804,1.0008714
14.832193,1.0011179
14.833582,0.9992135
14.834971,1.0007010
14.836360,1.0015014
14.837749,0.9998469
14.839138,0.9999643
14.840527,1.0023173
14.841916,1.0015459
14.843305,0.9995000
14.844694,0.9989069
14.846082,0.9987874
14.847471,1.0000351
14.848860,1.0015271
14.850249,0.9999362
14.851638,1.0030898
14.853027,1.0014997
14.854416,0.9970394
14.855805,0.9950867
14.857194,0.9986598
14.858583,0.9987201
14.859972,0.9972859
14.861360,1.0000000
14.862749,0.9976964
14.864138,0.9969246
14.865527,0.9967053
14.866916,0.9964610
14.868305,0.9990327
14.869694,0.9978504
14.871083,0.9958286
14.872472,0.9952953
14.873861,0.9942884
14.875250,0.9964922
14.876638,0.9958465
14.878027,0.9968872
14.879416,0.9975963
14.880805,0.9994600
14.882194,0.9972077
14.883583,0.9983248
14.884972,0.9974938
14.886361,0.9960689
14.887750,0.9975201
14.889139,0.9986387
14.890528,0.9967452
14.891916,0.9965731
14.893305,0.9990042
14.894694,0.9971600
14.896083,0.9982212
14.897472,0.9980424
14.898861,0.9952421
14.900250,0.9963831
14.901639,0.9956128
14.903028,0.9972226
14.904417,0.9980631
14.905806,0.9957283
14.907194,0.9962669
14.908583,0.9982811
14.909972,0.9961506
14.911361,0.9957310
14.912750,0.9992113
14.914139,0.9987497
14.915528,0.9981145
14.916917,1.0000345
14.918306,1.0003007
14.919695,1.0015534
14.921084,1.0018583
14.922472,1.0024491
14.923861,1.0029183
14.925250,1.0000097
14.926639,1.0002667
14.928028,1.0005399
14.929417,1.0023314
14.930806,1.0014693
14.932195,1.0007847
14.933584,1.0019257
14.934973,1.0017943
14.936362,1.0003105
14.937750,1.0013479
14.939139,1.0013633
14.940528,1.0024512
14.941917,1.0021308
14.943306,1.0010754
14.944695,1.0005125
14.946084,1.0002114
14.947473,1.0011700
14.948862,1.0002822
14.950251,1.0012485
14.951640,1.0029312
14.953028,1.0022091
14.954417,1.0015149
14.955806,1.0016912
14.957195,0.9990131
14.958584,1.0003612
14.959973,1.0009929
14.961362,1.0014801
14.962751,0.9986846
14.964140,1.0019141
14.965529,1.0005772
14.966918,1.0016269
14.968306,1.0004729
14.969695,1.0005179
14.971084,1.0012597
14.972473,0.9998034
14.973862,1.0037010
14.975251,1.0019773
14.976640,1.0019690
14.978029,1.0009582
14.979418,1.0002395
14.980807,0.9983775
14.982196,1.0002815
14.983584,0.9996586
14.984973,1.0013726
14.986362,1.0025729
14.987751,0.9999954
14.989140,1.0027366
14.990529,1.0023047
14.991918,0.9998191
14.993307,1.0001126
14.994696,1.0010765
14.996085,1.0003160
14.997474,1.0013590
14.998862,0.9993759
15.000251,0.9988415
15.001640,1.0018400
15.003029,1.0009073
15.004418,1.0007339
15.005807,0.9985660
15.007196,1.0004833
15.008585,1.0032709
15.009974,1.0014866
15.011363,1.0007270
15.012752,1.0006441
15.014140,1.0009934
15.015529,0.9983213
15.016918,1.0031469
15.018307,0.9994451
15.019696,1.0002267
15.021085,1.0001762
15.022474,1.0004133
15.023863,0.9998246
15.025252,1.0008127
15.026641,1.0014022
15.028030,0.9999229
15.029418,0.9997920
15.030807,1.0019264
15.032196,1.0012594
15.033585,1.0017666
15.034974,0.9990267
15.036363,0.9988489
15.037752,1.0006504
15.039141,1.0002836
15.040530,0.9999935
15.041919,1.0005762
15.043308,1.0011064
15.044696,1.0007296
15.046085,1.0014260
15.047474,1.0002457
15.048863,0.9993859
15.050252,1.0000262
15.051641,1.0001258
15.053030,1.0013324
15.054419,1.0011257
15.055808,0.9996148
15.057197,0.9996908
15.058586,1.0000985
15.059974,1.0026771
15.061363,1.0012102
15.062752,1.0007913
15.064141,1.0019149
15.065530,1.0006871
15.066919,1.0028428
15.068308,1.0010822
15.069697,1.0000294
15.071086,1.0014308
15.072475,1.0008031
15.073864,1.0001656
15.075252,1.0001660
15.076641,1.0007243
15.078030,0.9992959
15.079419,0.9988055
15.080808,0.9997935
15.082197,0.9996818
15.083586,0.9989140
15.084975,0.9963601
15.086364,0.9997254
15.087753,0.9947958
15.089142,0.9988057
15.090530,0.9978377
15.091919,0.9983086
15.093308,0.9978152
15.094697,0.9985126
15.096086,0.9953381
15.097475,0.9982852
15.098864,0.9998456
15.100253,0.9953637
15.101642,0.9972840
15.103031,0.9966556
15.104420,0.9982567
15.105808,0.9971185
15.107197,0.9977270
15.108586,0.9988216
15.109975,0.9987070
15.111364,0.9984246
15.112753,0.9965143
15.114142,0.9967820
15.115531,0.9978761
15.116920,0.9988166
15.118309,0.9972695
15.119698,0.9970877
15.121086,0.9974391
15.122475,0.9985838
15.123864,0.9967222
15.125253,0.9964110
15.126642,0.9983861
15.128031,0.9966167
15.129420,0.9984317
15.130809,0.9986508
15.132198,0.9971437
15.133587,0.9956935
15.134976,0.9966210
15.136364,0.9969296
15.137753,0.9961328
15.139142,0.9971550
15.140531,0.9981164
15.141920,0.9955998
15.143309,0.9977851
15.144698,0.9969745
15.146087,0.9992190
15.147476,0.9983177
15.148865,0.9992885
15.150253,0.9958940
15.151642,0.9975445
15.153031,0.9965397
15.154420,0.9992366
15.155809,0.9970915
15.157198,0.9978604
15.158587,0.9960492
15.159976,0.9976273
15.161365,0.9997753
15.162754,1.0000333
15.164143,0.9993642
15.165531,1.0009393
15.166920,1.0015700
15.168309,0.9997238
15.169698,0.9993606
15.171087,1.0020605
15.172476,1.0009657
15.173865,0.9997800
15.175254,1.0006455
15.176643,0.9990288
15.178032,1.0008954
15.179421,1.0005074
15.180809,1.0018193
15.182198,1.0011433
15.183587,0.9972941
15.184976,1.0004067
15.186365,0.9978250
15.187754,1.0001772
15.189143,1.0011916
15.190532,0.9996357
15.191921,1.0019935
15.193310,1.0015834
15.194699,1.0008613
15.196087,0.9998203
15.197476,0.9993128
15.198865,1.0002018
15.200254,1.0009232
15.201643,1.0008279
15.203032,1.0001857
15.204421,1.0007860
15.205810,0.9996500
15.207199,1.0024583
15.208588,1.0020460
15.209977,0.9971846
15.211365,1.0022515
15.212754,0.9986866
15.214143,1.0005623
15.215532,0.9991542
15.216921,1.0007759
15.218310,1.0003515
15.219699,1.0014441
15.221088,0.9997614
15.222477,1.0002906
15.223866,0.9989975
15.225255,1.0005290
15.226643,1.0007116
15.228032,1.0000006
15.229421,0.9987071
15.230810,1.0012292
15.232199,0.9990835
15.233588,1.0021865
15.234977,0.9998662
15.236366,0.9988986
15.237755,0.9990558
15.239144,0.9991215
15.240533,0.9988175
15.241921,0.9990000
15.243310,1.0006981
15.244699,1.0014890
15.246088,0.9999687
15.247477,0.9999104
15.248866,0.9996379
15.250255,0.9996438
15.251644,1.0000861
15.253033,1.0016277
15.254422,1.0008884
15.255811,0.9989624
15.257199,0.9993510
15.258588,0.9993549
15.259977,1.0012436
15.261366,0.9972165
15.262755,0.9998242
15.264144,1.0023969
15.265533,1.0017161
15.266922,0.9983553
15.268311,1.0015754
15.269700,0.9998656
15.271089,0.9996171
15.272477,0.9999144
15.273866,1.0022421
15.275255,1.0000724
15.276644,1.0012700
15.278033,1.0006802
15.279422,0.9996905
15.280811,0.9987968
15.282200,0.9978703
15.283589,0.9987542
15.284978,1.0008714
15.286367,1.0007746
15.287755,1.0003807
15.289144,1.0009638
15.290533,1.0007776
15.291922,1.0013025
15.293311,1.0000706
15.294700,1.0008911
15.296089,1.0005233
15.297478,1.0010168
15.298867,1.0019200
15.300256,1.0025087
15.301645,0.9999347
15.303033,1.0008074
15.304422,0.9999258
15.305811,1.0007475
15.307200,1.0001362
15.308589,0.9968809
15.309978,1.0022737
15.311367,0.9995326
15.312756,1.0004493
15.314145,1.0000731
15.315534,1.0007804
15.316923,1.0007693
15.318311,0.9985316
15.319700,1.0004340
15.321089,1.0008100
15.322478,0.9995379
15.323867,0.9987401
15.325256,0.9990841
15.326645,0.9997258
15.328034,0.9992199
15.329423,0.9994336
15.330812,1.0027194
15.332201,1.0018482
15.333589,1.0027026
15.334978,1.0005527
15.336367,1.0001141
15.337756,1.0014996
15.339145,1.0008095
15.340534,1.0001223
15.341923,1.0003654
15.343312,0.9987195
15.344701,0.9993429
15.346090,1.0006174
15.347479,0.9991236
15.348867,1.0013849
15.350256,1.0008099
15.351645,0.9980222
15.353034,1.0012008
15.354423,0.9990639
15.355812,0.9983442
15.357201,1.0004905
15.358590,0.9983855
15.359979,1.0005205
15.361368,0.9980729
15.362757,1.0001962
15.364145,0.9988761
15.365534,1.0019357
15.366923,1.0003108
15.368312,1.0027840
15.369701,1.0003850
15.371090,1.0007337
15.372479,1.0005472
15.373868,0.9978609
15.375257,0.9999028
15.376646,1.0007413
15.378035,0.9981771
15.379423,0.9991377
15.380812,1.0015378
15.382201,1.0011095
15.383590,1.0005686
15.384979,1.0021235
15.386368,1.0027989
15.387757,1.0005468
15.389146,0.9987693
15.390535,1.0001120
15.391924,1.0021510
15.393313,1.0002862
15.394701,0.9988849
15.396090,1.0005339
15.397479,0.9988592
15.398868,0.9998841
15.400257,1.0028336
15.401646,1.0014972
15.403035,0.9984751
15.404424,0.9991107
15.405813,1.0015428
15.407202,1.0007918
15.408590,0.9957465
15.409979,1.0008814
15.411368,1.0002594
15.412757,1.0017145
15.414146,0.9997071
15.415535,0.9991437
15.416924,1.0001535
15.418313,0.9991431
15.419702,1.0019406
15.421091,0.9996592
15.422480,0.9976462
15.423868,0.9991524
15.425257,1.0005669
15.426646,1.0004388
15.428035,0.9984108
15.429424,1.0029817
15.430813,0.9979821
15.432202,1.0009047
15.433591,1.0023805
15.434980,1.0005301
15.436369,0.9988348
15.437758,0.9985811
15.439146,0.9991478
15.440535,1.0009356
15.441924,0.9997376
15.443313,0.9988609
15.444702,0.9995350
15.446091,0.9990885
15.447480,1.0003997
15.448869,0.9980011
15.450258,0.9993986
15.451647,1.0020742
15.453036,0.9991476
15.454424,1.0005294
15.455813,0.9991536
15.457202,0.9983543
15.458591,1.0011224
15.459980,0.9990688
15.461369,0.9999064
15.462758,1.0029914
15.464147,0.9984207
15.465536,0.9992724
15.466925,1.0002007
15.468314,1.0032009
15.469702,0.9998180
15.471091,1.0003960
15.472480,0.9987776
15.473869,1.0012103
15.475258,1.0017372
15.476647,1.0023423
15.478036,1.0002673
15.479425,1.0010522
15.480814,1.0015229
15.482203,1.0015060
15.483592,0.9985265
15.484980,1.0003595
15.486369,0.9964706
15.487758,0.9989376
15.489147,1.0004318
15.490536,0.9995828
15.491925,1.0009508
15.493314,1.0023011
15.494703,1.0009945
15.496092,1.0010527
15.497481,1.0007960
15.498870,0.9985433
15.500258,0.9976161
15.501647,1.0006571
15.503036,1.0002353
15.504425,0.9993840
15.505814,0.9992153
15.507203,1.0010880
15.508592,1.0023177
15.509981,0.9987335
15.511370,1.0019046
15.512759,1.0003609
15.514148,1.0009679
15.515536,1.0011050
15.516925,1.0001049
15.518314,0.9999881
15.519703,1.0000397
15.521092,0.9992188
15.522481,1.0005962
15.523870,0.9986472
15.525259,0.9993680
15.526648,1.0010740
15.528037,0.9986973
15.529426,0.9989590
15.530814,0.9998503
15.532203,1.0013599
15.533592,0.9986178
15.534981,0.9987221
15.536370,0.9997235
15.537759,0.9998108
15.539148,0.9995523
15.540537,1.0016603
15.541926,1.0017827
15.543315,1.0000925
15.544704,1.0019605
15.546092,1.0016854
15.547481,0.9995797
15.548870,1.0006435
15.550259,1.0009917
15.551648,1.0002871
15.553037,1.0005851
15.554426,0.9999345
15.555815,0.9980703
15.557204,1.0010382
15.558593,0.9997821
15.559982,0.9966928
15.561370,0.9994759
15.562759,1.0018869
15.564148,0.9990593
15.565537,1.0010049
15.566926,0.9990623
15.568315,0.9994242
15.569704,1.0005531
15.571093,0.9978295
15.572482,1.0019770
15.573871,0.9994203
15.575259,1.0004064
15.576648,0.9981209
15.578037,0.9996067
15.579426,0.9976709
15.580815,1.0011531
15.582204,1.0001929
15.583593,0.9992664
15.584982,0.9999442
15.586371,0.9997367
15.587760,0.9994350
15.589149,1.0005301
15.590537,0.9984688
15.591926,1.0004750
15.593315,1.0001329
15.594704,0.9996486
15.596093,0.9988060
15.597482,0.9995290
15.598871,1.0011686
15.600260,1.0006269
15.601649,1.0009872
15.603038,1.0001117
15.604427,0.9970787
15.605815,1.0013102
15.607204,0.9991069
15.608593,0.9991542
15.609982,1.0013163
15.611371,0.9991324
15.612760,0.9997077
15.614149,0.9994562
15.615538,0.9989108
15.616927,1.0004910
15.618316,0.9983303
15.619705,0.9987627
15.621093,0.9999433
15.622482,0.9995129
15.623871,1.0008518
15.625260,0.9985274
15.626649,0.9996743
15.628038,0.9997326
15.629427,1.0007943
15.630816,1.0017422
15.632205,0.9990672
15.633594,1.0001324
15.634983,1.0013537
15.636371,1.0004519
15.637760,0.9997122
15.639149,1.0011916
15.640538,0.9999562
15.641927,0.9989701
15.643316,0.9986811
15.644705,0.9974983
15.646094,0.9985024
15.647483,0.9985174
15.648872,0.9993200
15.650261,1.0031917
15.651649,1.0012282
15.653038,0.9997533
15.654427,1.0013136
15.655816,0.9990922
15.657205,1.0014292
15.658594,1.0018674
15.659983,0.9999089
15.661372,1.0006305
15.662761,0.9999443
15.664150,1.0000450
15.665539,0.9996364
15.666927,1.0007720
15.668316,0.9995399
15.669705,0.9987846
15.671094,1.0012195
15.672483,0.9979395
15.673872,0.9997706
15.675261,1.0005068
15.676650,0.9997463
15.678039,0.9997621
15.679428,0.9997568
15.680817,0.9979775
15.682205,0.9994869
15.683594,1.0006866
15.684983,0.9997722
15.686372,0.9989395
15.687761,0.9992388
15.689150,0.9998810
15.690539,0.9975154
15.691928,0.9990438
15.693317,1.0011343
15.694706,1.0004984
15.696094,0.9978381
15.697483,0.9998437
15.698872,1.0012522
15.700261,0.9998336
15.701650,0.9980995
15.703039,0.9975677
15.704428,1.0039149
15.705817,1.0003378
15.707206,0.9996822
15.708595,1.0002681
15.709984,1.0002264
15.712761,0.9995647
15.714150,0.9996288
15.715539,1.0017645
15.716928,0.9994388
15.718317,0.9969796
15.719706,1.0002121
15.721095,0.9988411
15.722484,0.9976006
15.723873,0.9996538
15.725262,0.9998720
15.726650,0.9996153
15.728039,1.0001435
15.729428,0.9983221
15.730817,0.9986562
15.732206,0.9998395
15.733595,0.9997104
15.734984,1.0007179
15.736373,1.0016941
15.737762,1.0025763
15.739151,1.0010311
15.740540,1.0001803
15.741928,0.9996049
15.743317,0.9982412
15.744706,1.0008241
15.746095,1.0011479
15.747484,1.0005978
15.748873,1.0021828
15.750262,1.0000148
15.751651,1.0007301
15.753040,1.0003081
15.754429,1.0006155
15.755818,1.0007908
15.757206,0.9992708
15.758595,0.9998392
15.759984,0.9992663
15.761373,0.9999755
15.762762,1.0005900
15.764151,0.9983747
15.765540,1.0003428
15.766929,0.9995253
15.768318,1.0012459
15.769707,1.0006498
15.771096,1.0005304
15.772484,1.0024569
15.773873,1.0010742
15.775262,1.0024262
15.776651,1.0019858
15.778040,1.0001865
15.779429,1.0001789
15.780818,1.0011750
15.782207,1.0024660
15.783596,0.9997988
15.786374,1.0013417
15.787762,1.0006222
15.789151,1.0008961
15.790540,1.0011372
15.791929,0.9981241
15.793318,0.9986685
15.794707,1.0021937
15.796096,0.9999031
15.797485,1.0013904
15.798874,1.0024497
15.800263,0.9989189
15.801652,1.0021976
15.803040,0.9997687
15.804429,1.0008094
15.805818,0.9998294
15.807207,0.9981370
15.808596,0.9994782
15.809985,0.9983230
15.811374,1.0019210
15.812763,1.0009705
15.814152,1.0003751
15.815541,1.0010711
15.816929,0.9998159
15.818318,0.9987135
15.819707,1.0000831
15.821096,1.0007574
15.822485,0.9982753
15.823874,0.9998703
15.825263,1.0015954
15.826652,0.9995281
15.828041,0.9994567
15.829430,1.0000201
15.830819,0.9978195
15.832207,1.0006236
15.833596,0.9985654
15.834985,0.9995100
15.836374,0.9991222
15.837763,1.0005095
15.839152,0.9999411
15.840541,0.9997225
15.841930,0.9978681
15.843319,1.0004253
15.844708,1.0000636
15.846097,0.9994240
15.847485,0.9988489
15.848874,1.0014500
15.850263,1.0028281
15.851652,0.9996298
15.853041,1.0005049
15.854430,0.9975219
15.855819,1.0018724
15.857208,1.0003751
15.858597,1.0004752
15.859986,0.9998514
15.861375,1.0002678
15.862763,1.0006765
15.864152,0.9952550
15.865541,1.0014716
15.866930,1.0012809
15.868319,0.9993914
15.869708,1.0007091
15.871097,1.0025531
15.872486,0.9990021
15.873875,0.9993722
15.875264,1.0002412
15.876653,0.9992728
15.878041,0.9985947
15.879430,0.9999918
15.880819,1.0003835
15.882208,1.0001145
15.883597,1.0010256
15.884986,0.9997718
15.886375,0.9990622
15.887764,0.9995517
15.889153,0.9983387
15.890542,0.9984267
15.891931,1.0029288
15.893319,1.0009249
15.894708,0.9980841
15.896097,0.9994768
15.897486,0.9994141
15.898875,0.9976059
15.900264,1.0001711
15.901653,1.0005158
15.903042,1.0010048
15.904431,1.0004099
15.905820,0.9987297
15.907209,1.0010014
15.908597,0.9972696
15.909986,1.0003884
15.911375,0.9999688
15.912764,0.9996091
15.914153,1.0008303
15.915542,0.9977097
15.916931,1.0005496
15.918320,1.0006116
15.919709,0.9981085
15.921098,0.9989991
15.922486,1.0014393
15.923875,1.0023100
15.925264,0.9979477
15.926653,1.0005047
15.928042,1.0001830
15.929431,0.9997992
15.930820,1.0002789
15.932209,0.9989810
15.933598,0.9996386
15.934987,0.9995472
15.936376,1.0004475
15.937764,1.0013253
15.939153,1.0000284
15.941931,0.9993131
15.943320,0.9983327
15.944709,0.9989071
15.946098,1.0020410
15.947487,1.0004924
15.948876,0.9991074
15.950265,1.0005371
15.951654,1.0008449
15.953042,0.9990788
15.954431,0.9992914
15.955820,1.0008521
15.957209,1.0006221
15.958598,1.0016532
15.959987,0.9999140
15.961376,1.0031143
15.962765,0.9986878
15.964154,1.0021340
15.965543,1.0004549
15.966932,1.0001045
15.968320,1.0007399
15.969709,0.9988645
15.971098,0.9975744
15.972487,0.9999390
15.973876,1.0013500
15.975265,1.0023693
15.976654,0.9998645
15.978043,0.9998801
15.979432,0.9979117
15.980821,1.0004742
15.982210,1.0028194
15.983598,1.0010799
15.984987,0.9974580
15.986376,0.9986154
15.987765,0.9990909
15.989154,0.9966896
15.990543,0.9989279
15.991932,1.0013092
15.993321,0.9989798
15.994710,0.9991564
15.996099,1.0012578
15.997488,0.9985628
15.998876,0.9975180
16.000265,1.0019398
16.001654,0.9999796
16.003043,1.0001255
16.004432,0.9996513
16.005821,0.9996888
16.007210,1.0004222
16.008599,1.0003800
16.009988,0.9995562
16.011377,0.9984070
16.012765,0.9997159
16.014154,1.0007655
16.015543,0.9986034
16.016932,0.9993350
16.018321,0.9999828
16.019710,0.9986492
16.021099,0.9998916
16.022488,1.0030507
16.023877,0.9997716
16.025266,1.0023177
16.026655,0.9981697
16.028043,1.0005416
16.029432,0.9982849
16.030821,1.0016332
16.032210,1.0014224
16.033599,0.9993981
16.034988,0.9995158
16.036377,0.9981591
16.037766,0.9980942
16.039155,1.0015993
16.040544,1.0013311
16.043321,0.9989369
16.044710,1.0021804
16.046099,0.9991121
16.047488,1.0000875
16.048877,0.9994551
16.050266,1.0015133
16.051655,0.9965265
16.053044,1.0002374
16.054433,1.0013455
16.055822,1.0006541
16.057211,1.0024543
16.058599,0.9986719
16.059988,1.0002545
16.061377,0.9994819
16.062766,1.0016965
16.065544,0.9995290
16.066933,0.9988578
16.068322,1.0001600
16.069711,1.0010615
16.071100,1.0007096
16.072489,1.0005099
16.073877,1.0011467
16.075266,1.0002652
16.076655,1.0000449
16.078044,0.9978505
16.079433,1.0007972
16.080822,0.9986473
16.082211,1.0030328
16.083600,1.0015298
16.084989,0.9987085
16.086378,0.9973728
16.087767,0.9993095
16.089155,1.0002910
16.090544,0.9986024
16.091933,1.0010820
16.093322,0.9986422
16.094711,1.0004544
16.096100,1.0008643
16.097489,1.0000634
16.098878,0.9998207
16.100267,0.9984003
16.101656,0.9995697
16.103044,1.0007479
16.104433,1.0010939
16.105822,1.0010837
16.107211,1.0001184
16.108600,1.0004051
16.109989,1.0010118
16.111378,1.0000276
16.112767,1.0005452
16.114156,1.0004594
16.115545,1.0013409
16.116934,1.0015081
16.118322,1.0007219
16.119711,0.9993829
16.121100,0.9994052
16.122489,0.9984160
16.123878,0.9987833
16.125267,1.0000749
16.126656,1.0020494
16.128045,1.0001936
16.129434,1.0007535
16.130823,0.9991680
16.132212,1.0019369
16.133600,0.9986350
16.134989,0.9996299
16.136378,1.0005343
16.137767,0.9985466
16.139156,0.9987829
16.140545,0.9987138
16.141934,0.9987365
16.143323,0.9991184
16.144712,0.9993856
16.146101,1.0000356
16.147490,0.9995400
16.148878,0.9996708
16.150267,0.9998252
16.151656,1.0002735
16.153045,1.0012873
16.154434,0.9981433
16.155823,1.0005916
16.157212,0.9993442
16.158601,1.0021999
16.159990,1.0004876
16.161379,1.0007382
16.162768,1.0005592
16.164156,1.0008310
16.165545,0.9998552
16.166934,1.0004232
16.168323,0.9996809
16.169712,1.0001834
16.171101,1.0005155
16.172490,0.9986341
16.173879,0.9999674
16.175268,1.0007415
16.176657,0.9987839
16.178045,0.9999995
16.179434,1.0002455
16.180823,0.9991504
16.182212,0.9985208
16.183601,0.9989811
16.184990,0.9993534
16.186379,1.0009507
16.187768,0.9996885
16.189157,0.9994221
16.190546,0.9993322
16.191935,0.9973082
16.193323,0.9998527
16.194712,0.9981522
16.196101,1.0008877
16.197490,1.0019303
16.198879,0.9990082
16.200268,0.9970481
16.201657,0.9993310
16.203046,1.0003088
16.204435,0.9988037
16.205824,1.0003900
16.207213,0.9979651
16.208601,1.0003496
16.209990,1.0016335
16.211379,0.9980533
16.212768,1.0014370
16.214157,1.0012630
16.215546,0.9999246
16.216935,0.9975840
16.218324,0.9996685
16.219713,0.9984822
16.221102,0.9997296
16.222491,1.0001727
16.223879,1.0000003
16.225268,1.0007667
16.226657,1.0005224
16.228046,1.0000879
16.229435,1.0008928
16.230824,1.0000617
16.232213,0.9994668
16.233602,1.0003888
16.234991,1.0009823
16.236380,1.0036701
16.237769,1.0004684
16.239157,1.0012184
16.240546,0.9974261
16.241935,0.9990421
16.243324,0.9999440
16.244713,1.0027153
16.246102,1.0001357
16.247491,0.9990611
16.248880,1.0004531
16.250269,0.9977727
16.251658,1.0006313
16.253047,1.0016039
16.254435,1.0006245
16.255824,1.0001251
16.257213,1.0009265
16.258602,1.0005571
16.259991,0.9988719
16.261380,0.9978736
16.262769,0.9990124
16.264158,1.0011255
16.265547,1.0002797
16.266936,1.0000704
16.268324,1.0014911
16.269713,0.9998330
16.271102,1.0001440
16.272491,0.9988062
16.273880,1.0000515
16.275269,0.9998859
16.276658,1.0014321
16.278047,0.9992084
16.279436,0.9989395
16.280825,0.9975916
16.282214,1.0007716
16.283602,0.9992781
16.284991,0.9991005
16.286380,1.0005459
16.287769,1.0000614
16.289158,1.0005969
16.290547,0.9977033
16.291936,1.0003851
16.293325,0.9988764
16.294714,1.0018044
16.296103,0.9999211
16.297492,1.0008993
16.298880,0.9994471
16.300269,1.0005342
16.301658,1.0019251
16.303047,1.0007808
16.304436,1.0005693
16.305825,0.9990873
16.307214,1.0002354
16.308603,1.0001325
16.309992,0.9989982
16.312770,0.9986358
16.314158,1.0010759
16.315547,0.9991521
16.316936,1.0015089
16.318325,0.9996849
16.319714,1.0014607
16.321103,1.0002380
16.322492,0.9990742
16.323881,0.9977078
16.325270,1.0014931
16.326659,0.9994363
16.328047,1.0015475
16.329436,0.9998196
16.330825,0.9997158
16.332214,0.9994088
16.333603,1.0017325
16.334992,1.0000732
16.336381,1.0008488
16.337770,0.9984247
16.339159,1.0020449
16.340548,0.9990222
16.341937,1.0003203
16.343325,0.9990297
16.344714,0.9993673
16.346103,1.0015892
16.347492,1.0020441
16.348881,1.0003307
16.350270,1.0004190
16.351659,0.9993502
16.353048,0.9976483
16.354437,1.0014594
16.355826,1.0012045
16.357215,0.9990588
16.358603,1.0002855
16.359992,1.0003744
16.361381,1.0017881
16.362770,0.9993455
16.364159,1.0007070
16.365548,1.0017971
16.366937,0.9992372
16.368326,0.9976305
16.369715,1.0024345
16.371104,0.9977625
16.372493,0.9984269
16.373881,1.0001664
16.375270,0.9997949
16.376659,1.0018689
16.378048,0.9997408
16.379437,0.9988765
16.380826,0.9994167
16.382215,0.9970461
16.383604,1.0005198
16.384993,0.9993186
16.386382,0.9995879
16.387771,1.0018356
16.390548,1.0021246
16.391937,1.0004174
16.393326,1.0018808
16.394715,1.0007721
16.396104,0.9991343
16.397493,0.9998949
16.398882,0.9992936
16.400271,1.0006280
16.401660,0.9997235
16.403048,0.9974621
16.404437,1.0013194
16.405826,0.9994169
16.407215,0.9986992
16.408604,0.9982661
16.409993,0.9979373
16.411382,1.0011113
16.412771,1.0010911
16.414160,1.0025797
16.415549,0.9998104
16.416938,0.9994290
16.418326,1.0001016
16.419715,1.0015144
16.421104,0.9998370
16.422493,0.9981430
16.423882,1.0010752
16.425271,1.0005087
16.426660,1.0015352
16.428049,1.0007019
16.429438,1.0001779
16.430827,0.9996906
16.432216,1.0004100
16.433604,1.0007449
16.434993,0.9984067
16.436382,1.0020821
16.437771,0.9982943
16.439160,0.9994072
16.440549,0.9992162
16.441938,1.0011336
16.443327,1.0020970
16.444716,0.9995538
16.446105,1.0005749
16.447494,1.0002758
16.448882,1.0014436
16.450271,0.9983850
16.451660,0.9993493
16.453049,1.0009223
16.454438,0.9995083
16.455827,1.0008428
16.457216,0.9994787
16.458605,1.0004917
16.459994,0.9981701
16.461383,0.9982147
16.462771,0.9989864
16.464160,1.0014858
16.465549,1.0005925
16.466938,0.9984368
16.468327,1.0005180
16.469716,0.9997683
16.471105,1.0011786
16.473883,0.9985712
16.475272,0.9978024
16.476661,1.0000597
16.478049,0.9992537
16.479438,1.0009615
16.480827,1.0010200
16.482216,1.0005265
16.483605,1.0006442
16.484994,0.9998901
16.486383,0.9988324
16.487772,1.0001647
16.489161,1.0028629
16.490550,0.9998985
16.491939,1.0018512
16.493327,0.9985962
16.494716,1.0004530
16.496105,1.0015650
16.497494,1.0018961
16.498883,1.0027827
16.500272,0.9996139
16.501661,1.0002397
16.503050,0.9991924
16.504439,0.9985179
16.505828,1.0003679
16.507217,1.0017511
16.508605,0.9986739
16.509994,0.9982120
16.511383,0.9998059
16.512772,0.9968287
16.514161,1.0015947
16.515550,1.0008717
16.516939,1.0010772
16.518328,1.0016434
16.519717,0.9988845
16.521106,0.9965784
16.522495,0.9984433
16.523883,1.0010678
16.525272,1.0002966
16.526661,0.9994982
16.528050,0.9994367
16.529439,0.9992596
16.530828,1.0008807
16.532217,1.0010007
16.533606,0.9999326
16.534995,0.9986802
16.536384,1.0021014
16.537772,0.9997209
16.539161,0.9989228
16.540550,1.0004189
16.541939,0.9990169
16.543328,1.0007060
16.544717,0.9995868
16.546106,0.9997667
16.547495,0.9996390
16.548884,0.9999952
16.550273,1.0000617
16.551662,0.9990076
16.553050,0.9994381
16.554439,1.0002119
16.555828,0.9983037
16.557217,1.0017200
16.558606,0.9998517
16.559995,0.9990335
16.561384,1.0010476
16.562773,1.0006605
16.564162,0.9995401
16.565551,0.9982966
16.566940,0.9972693
16.568328,0.9991758
16.569717,0.9980801
16.571106,0.9992359
16.572495,0.9967171
16.573884,1.0017250
16.575273,1.0014057
16.576662,1.0006061
16.578051,0.9990300
16.579440,0.9981224
16.580829,1.0005488
16.582218,1.0014199
16.583606,0.9988330
16.584995,0.9984819
16.586384,1.0018048
16.587773,1.0005865
16.589162,0.9984012
16.590551,0.9993783
16.591940,0.9983791
16.593329,0.9997950
16.594718,0.9994141
16.596107,1.0000060
16.597495,0.9997672
16.598884,1.0005610
16.600273,1.0010685
16.601662,1.0023172
16.603051,1.0008429
16.604440,0.9972182
16.605829,1.0001692
16.607218,1.0001905
16.608607,0.9999179
16.609996,1.0015385
16.611385,0.9992355
16.612773,1.0013679
16.614162,1.0005050
16.615551,0.9998238
16.616940,0.9999138
16.618329,1.0001610
16.619718,0.9992331
16.621107,1.0018695
16.622496,0.9980244
16.623885,0.9995321
16.625274,1.0034593
16.626663,1.0002736
16.628051,0.9993581
16.629440,0.9981317
16.630829,0.9995123
16.632218,0.9987330
16.633607,1.0019724
16.634996,0.9988491
16.636385,0.9959652
16.637774,0.9984598
16.639163,1.0016820
16.640552,1.0001233
16.641941,1.0007072
16.643329,1.0000321
16.644718,1.0018953
16.646107,1.0010662
16.647496,1.0002059
16.648885,1.0004753
16.650274,0.9990974
16.651663,0.9985472
16.653052,1.0002259
16.654441,0.9987433
16.655830,0.9991508
16.657218,0.9989731
16.658607,0.9970109
16.659996,0.9997837
16.661385,0.9983168
16.662774,0.9987460
16.664163,1.0024482
16.665552,0.9992476
16.666941,0.9997861
16.668330,0.9995367
16.669719,1.0016026
16.671108,1.0010661
16.672496,0.9988490
16.673885,0.9979970
16.675274,1.0003070
16.676663,1.0009275
16.678052,0.9990273
16.679441,0.9989697
16.680830,0.9996673
16.682219,1.0005199
16.683608,1.0002060
16.684997,1.0013590
16.686386,1.0008090
16.687774,1.0007420
16.689163,1.0010414
16.690552,1.0019376
16.691941,0.9997131
16.693330,0.9999895
16.694719,1.0009802
16.696108,0.9988292
16.697497,0.9999139
16.698886,1.0011124
16.700275,0.9991274
16.701664,0.9981461
16.703052,1.0008469
16.704441,1.0007161
16.705830,1.0008923
16.707219,1.0017033
16.708608,1.0004484
16.709997,1.0013521
16.711386,1.0001245
16.712775,0.9963571
16.714164,0.9996531
16.715553,0.9994898
16.716941,1.0004813
16.718330,1.0011871
16.719719,1.0011717
16.721108,1.0005664
16.722497,1.0003786
16.723886,0.9999654
16.725275,0.9983705
16.726664,1.0003714
16.728053,1.0012665
16.729442,0.9990502
16.730831,1.0010931
16.732219,1.0010448
16.733608,1.0005397
16.734997,1.0000609
16.736386,0.9991796
16.737775,1.0003895
16.739164,1.0010779
16.740553,1.0005120
16.741942,1.0011437
16.746109,0.9990198
16.748886,1.0013016
16.750275,0.9975576
16.751664,1.0000797
16.753053,1.0001836
16.754442,0.9999434
16.755831,1.0009044
16.757220,1.0002503
16.758609,1.0005923
16.759998,0.9985799
16.761386,1.0002406
16.762775,0.9999288
16.764164,1.0003895
16.765553,1.0000353
16.766942,0.9996057
16.769720,1.0018055
16.780831,1.0009946
16.782220,0.9985734
16.783609,1.0005030
16.784998,0.9991768
16.786387,1.0003797
16.787776,1.0020914
16.789165,0.9990924
16.790554,0.9998617
16.791942,1.0001382
16.793331,1.0016071
16.794720,1.0012706
16.796109,1.0003976
16.797498,1.0014563
16.798887,0.9996762
16.800276,1.0020920
16.801665,1.0000047
16.803054,1.0012741
16.804443,1.0000851
16.805832,0.9993680
16.807220,0.9991967
16.808609,1.0001960
16.809998,1.0015532
16.811387,1.0008164
16.812776,0.9991576
16.814165,1.0016165
16.815554,0.9980549
16.816943,1.0006520
16.818332,1.0005478
16.819721,0.9989454
16.821109,0.9979600
16.822498,0.9978773
16.823887,1.0004686
16.825276,1.0007787
16.826665,0.9989918
16.828054,1.0002804
16.829443,0.9988739
16.830832,1.0008667
16.832221,0.9994250
16.833610,1.0000496
16.834999,1.0000462
16.836387,0.9992044
16.837776,0.9994866
16.839165,0.9987703
16.840554,0.9999691
16.841943,0.9987072
16.843332,1.0008123
16.844721,1.0008025
16.846110,0.9987852
16.847499,0.9989380
16.848888,0.9983712
16.850277,1.0003227
16.851665,0.9977628
16.853054,1.0015036
16.854443,1.0010893
16.855832,1.0005069
16.857221,1.0011070
16.858610,1.0013853
16.859999,0.9993644
16.861388,0.9989179
16.862777,0.9991020
16.864166,1.0008935
16.865554,0.9974978
16.866943,0.9985229
16.868332,1.0012834
16.869721,1.0002303
16.871110,0.9996168
16.872499,1.0000315
16.873888,1.0004942
16.875277,1.0006586
16.876666,0.9995579
16.878055,0.9990847
16.879444,1.0030783
16.880832,0.9996380
16.882221,1.0005012
16.883610,1.0015714
16.884999,1.0021083
16.886388,1.0008865
16.887777,1.0002540
16.889166,1.0014417
16.890555,0.9982461
16.891944,0.9997814
16.893333,1.0003055
16.894722,1.0012343
16.896110,0.9993668
16.897499,0.9989649
16.898888,1.0022758
16.900277,0.9987264
16.901666,0.9972388
16.903055,1.0024304
16.904444,0.9991247
16.905833,0.9988641
16.907222,1.0001453
16.908611,1.0029707
16.910000,1.0010218
16.911388,0.9994704
16.912777,1.0002469
16.914166,1.0019755
16.915555,1.0000112
16.916944,1.0001162
16.918333,0.9999043
16.919722,1.0004462
16.921111,1.0015897
16.922500,1.0004798
16.923889,1.0008081
16.925277,0.9995212
16.926666,1.0000980
16.928055,0.9992125
16.929444,1.0013915
16.930833,0.9997192
16.932222,0.9992825
16.933611,1.0008218
16.935000,0.9978230
16.936389,0.9976401
16.937778,1.0011644
16.939167,1.0002978
16.940555,0.9996174
16.941944,1.0016842
16.943333,0.9992137
16.944722,1.0011360
16.946111,0.9980711
16.947500,0.9992210
16.948889,0.9991699
16.950278,0.9987806
16.951667,0.9990920
16.953056,1.0016539
16.954445,1.0001157
16.955833,1.0014769
16.957222,0.9995966
16.958611,0.9982946
16.960000,1.0007736
16.961389,0.9994887
16.962778,0.9984182
16.964167,1.0011640
16.965556,0.9992360
16.966945,0.9996246
16.968334,0.9987254
16.969722,0.9986080
16.971111,1.0003623
16.972500,1.0007951
16.973889,1.0004581
16.975278,1.0017394
16.976667,0.9969991
16.978056,1.0009863
16.979445,0.9995309
16.980834,0.9992767
16.982223,1.0011807
16.983612,1.0002838
16.985000,1.0008076
16.986389,0.9987419
16.987778,0.9982753
16.989167,1.0000703
16.990556,1.0007994
16.991945,1.0006395
16.993334,1.0006454
16.994723,0.9992876
16.996112,1.0007195
16.997501,1.0023507
16.998890,0.9990716
17.000278,0.9993731
17.001667,0.9993537
17.003056,0.9995618
17.004445,1.0010581
17.005834,1.0012695
17.007223,0.9981208
17.008612,0.9975884
17.010001,0.9992222
17.011390,1.0004092
17.012779,1.0006438
17.014168,1.0006693
17.015556,0.9989022
17.016945,1.0000235
17.018334,0.9984412
17.019723,0.9991376
17.021112,1.0004790
17.022501,1.0003941
17.023890,1.0014184
17.025279,0.9991922
17.026668,1.0011449
17.028057,0.9996303
17.029445,1.0008142
17.030834,1.0001395
17.032223,1.0020141
17.033612,1.0013201
17.035001,1.0019631
17.036390,1.0003058
17.037779,0.9966595
17.039168,0.9965987
17.040557,1.0016604
17.041946,0.9997089
17.043335,1.0014137
17.044723,0.9976427
17.046112,1.0011780
17.047501,0.9999133
17.048890,1.0007206
17.050279,1.0010082
17.051668,1.0006948
17.053057,0.9984841
17.054446,1.0013060
17.055835,1.0008046
17.057224,1.0011570
17.058613,0.9987742
17.060001,1.0017970
17.061390,1.0000589
17.062779,0.9985329
17.064168,0.9997211
17.065557,1.0010691
17.066946,0.9992349
17.068335,0.9996759
17.069724,1.0000466
17.071113,0.9983443
17.072502,0.9984527
17.073890,0.9997813
17.075279,1.0004578
17.076668,0.9995279
17.078057,1.0009541
17.079446,1.0001205
17.080835,0.9989172
17.082224,0.9973284
17.083613,0.9984955
17.085002,1.0002502
17.086391,1.0023480
17.087780,0.9982741
17.089168,1.0032657
17.090557,0.9994563
17.091946,1.0002565
17.093335,0.9963955
17.094724,1.0012339
17.096113,1.0012810
17.097502,0.9998413
17.098891,0.9996775
17.100280,1.0001929
17.101669,1.0010002
17.103058,0.9994016
17.104446,1.0001827
17.105835,1.0015762
17.107224,0.9994327
17.108613,1.0006692
17.110002,0.9992239
17.111391,0.9978267
17.112780,1.0000721
17.114169,0.9996433
17.115558,0.9997262
17.116947,0.9978462
17.118335,0.9997027
17.119724,1.0014350
17.121113,0.9969815
17.122502,0.9992847
17.123891,0.9988885
17.125280,0.9987937
17.126669,1.0002641
17.128058,1.0002032
17.129447,0.9976307
17.130836,0.9992082
17.132225,1.0002880
17.133613,1.0005442
17.135002,0.9976794
17.136391,1.0009708
17.137780,1.0006438
17.139169,0.9980954
17.140558,0.9989714
17.141947,0.9991106
17.143336,0.9989084
17.144725,0.9986170
17.146114,0.9989260
17.147503,1.0027166
17.148891,1.0011448
17.150280,0.9986067
17.151669,1.0011500
17.153058,0.9998890
17.154447,1.0002156
17.155836,1.0024061
17.157225,1.0019567
17.158614,0.9983361
17.160003,0.9981173
17.161392,0.9991861
17.162780,1.0010463
17.164169,0.9996676
17.165558,1.0009128
17.166947,1.0003687
17.168336,1.0011536
17.169725,1.0011395
17.171114,1.0007641
17.172503,1.0016028
17.173892,1.0003816
17.175281,1.0018708
17.176670,0.9990893
17.178058,0.9993218
17.179447,0.9992883
17.180836,1.0003268
17.182225,0.9989487
17.183614,0.9993703
17.185003,1.0005640
17.186392,0.9988403
17.187781,0.9992791
17.189170,1.0013096
17.190559,1.0005434
17.191948,1.0009045
17.193336,1.0020681
17.194725,1.0029663
17.196114,1.0001249
17.197503,0.9979472
17.198892,0.9997391
17.200281,0.9977621
17.201670,1.0000238
17.203059,1.0000502
17.204448,1.0000353
17.205837,1.0015706
17.207225,0.9999484
17.208614,0.9982919
17.210003,1.0027359
17.211392,1.0003236
17.212781,0.9990480
17.214170,0.9995650
17.215559,1.0001914
17.216948,1.0027600
17.218337,1.0020454
17.219726,1.0022987
17.221115,0.9989586
17.222503,1.0017576
17.223892,0.9994656
17.225281,0.9997614
17.226670,1.0013195
17.228059,0.9979768
17.229448,0.9984598
17.230837,1.0028186
17.232226,0.9989837
17.233615,1.0010139
17.235004,0.9988429
17.236393,1.0009032
17.237781,1.0021732
17.239170,0.9986348
17.240559,0.9980392
17.241948,1.0001143
17.243337,0.9994019
17.244726,0.9984752
17.246115,1.0017399
17.247504,1.0006170
17.248893,0.9992195
17.250282,1.0013325
17.251670,0.9988969
17.253059,0.9962969
17.254448,1.0010432
17.255837,1.0012820
17.257226,1.0016735
17.258615,1.0014166
17.260004,1.0002197
17.261393,1.0017709
17.262782,0.9995965
17.264171,1.0022527
17.265560,0.9987938
17.266948,0.9991958
17.268337,0.9994005
17.269726,0.9978792
17.272504,0.9980615
17.273893,1.0013022
17.275282,1.0004414
17.276671,0.9983374
17.278060,1.0021318
17.279449,1.0009442
17.280838,0.9972372
17.282226,1.0003149
17.283615,0.9981669
17.285004,0.9998404
17.286393,0.9994066
17.287782,1.0004698
17.289171,0.9987580
17.290560,0.9988687
17.291949,1.0016635
17.293338,0.9993012
17.294727,0.9984362
17.296115,0.9994891
17.297504,1.0002213
17.298893,0.9979803
17.300282,0.9987640
17.301671,1.0013158
17.303060,1.0018599
17.304449,0.9998998
17.305838,0.9987466
17.307227,1.0004927
17.308616,0.9991417
17.310005,1.0012071
17.311393,0.9998903
17.312782,1.0009929
17.314171,1.0013834
17.315560,1.0016929
17.316949,0.9998871
17.318338,0.9993860
17.319727,1.0014586
17.321116,0.9982526
17.322505,0.9998987
17.323894,1.0012248
17.325283,0.9997885
17.326671,1.0011327
17.328060,0.9996732
17.329449,1.0014140
17.330838,1.0007638
17.332227,1.0006103
17.333616,1.0006135
17.335005,1.0033472
17.336394,1.0005207
17.337783,0.9998962
17.339172,1.0003285
17.340560,0.9996448
17.341949,0.9995810
17.343338,1.0004916
17.344727,1.0006003
17.346116,0.9995270
17.347505,0.9996784
17.348894,0.9986429
17.350283,0.9988203
17.351672,1.0007334
17.353061,0.9994681
17.354450,0.9995687
17.355838,0.9998897
17.357227,0.9985293
17.358616,0.9991798
17.360005,0.9996447
17.361394,0.9986006
17.362783,1.0013558
17.364172,0.9964068
17.365561,1.0016468
17.366950,0.9981461
17.368339,1.0001229
17.369728,0.9996983
17.371116,1.0009667
17.372505,1.0003080
17.373894,0.9990039
17.375283,0.9987551
17.376672,0.9988776
17.378061,1.0005580
17.379450,1.0020524
17.380839,0.9993984
17.382228,0.9976912
17.383617,1.0011851
17.385005,1.0018936
17.386394,1.0005771
17.387783,0.9995400
17.389172,0.9997677
17.390561,0.9996395
17.391950,1.0006411
17.393339,0.9990524
17.394728,1.0008932
17.396117,0.9990582
17.397506,1.0005381
17.398895,1.0018094
17.400283,0.9998277
17.401672,1.0002260
17.403061,1.0006727
17.404450,0.9998619
17.405839,0.9993831
17.407228,1.0004260
17.408617,1.0006142
17.410006,0.9983828
17.411395,1.0007212
17.412784,1.0010769
17.414172,0.9990462
17.415561,1.0017452
17.416950,0.9986261
17.418339,0.9997350
17.419728,0.9991329
17.421117,0.9982343
17.422506,0.9974686
17.423895,1.0012210
17.425284,0.9980839
17.426673,0.9993796
17.428062,0.9996630
17.429450,0.9997663
17.430839,1.0023674
17.432228,1.0005481
17.433617,1.0003224
17.435006,0.9996037
17.436395,1.0005966
17.437784,1.0002385
17.439173,1.0006358
17.440562,1.0017654
17.441951,1.0015386
17.443340,1.0004530
17.444728,0.9987883
17.446117,1.0002478
17.447506,0.9993090
17.448895,0.9994523
17.450284,1.0017936
17.451673,0.9977376
17.453062,0.9991976
17.454451,0.9996847
17.455840,1.0011591
17.457229,0.9991189
17.458617,1.0007451
17.460006,0.9994751
17.461395,1.0000050
17.462784,0.9986301
17.464173,0.9986088
17.465562,1.0001254
17.466951,1.0001261
17.468340,1.0000561
17.469729,1.0001202
17.471118,0.9997236
17.472507,0.9976896
17.473895,0.9998361
17.475284,1.0001434
17.476673,0.9983959
17.478062,0.9999649
17.479451,0.9976946
17.480840,1.0009771
17.482229,0.9977586
17.483618,0.9994264
17.485007,1.0011619
17.486396,0.9999226
17.487785,0.9994807
17.489173,0.9997942
17.490562,1.0007222
17.491951,0.9992819
17.493340,1.0008257
17.494729,0.9989588
17.496118,0.9978214
17.497507,0.9988806
17.498896,0.9999947
17.500285,1.0007363
17.501674,0.9966606
17.503062,0.9987898
17.504451,1.0001836
17.505840,1.0006976
17.507229,1.0016368
17.508618,1.0012312
17.510007,0.9986063
17.511396,1.0000607
17.512785,1.0021126
17.514174,0.9999048
17.515563,1.0016079
17.516952,1.0005214
17.518340,1.0004118
17.519729,0.9992996
17.521118,1.0000918
17.522507,0.9996370
17.523896,1.0005632
17.525285,0.9998027
17.526674,0.9990794
17.528063,1.0001412
17.529452,0.9994153
17.530841,0.9993502
17.532229,0.9987156
17.533618,1.0010163
17.535007,1.0007751
17.536396,1.0026315
17.537785,0.9988867
17.539174,1.0007135
17.540563,0.9987522
17.541952,1.0013072
17.543341,0.9973316
17.544730,1.0008581
17.546119,0.9993165
17.547507,0.9991823
17.548896,1.0020420
17.550285,1.0007054
17.551674,1.0004695
17.553063,1.0003704
17.554452,1.0000520
17.555841,1.0021391
17.557230,1.0010330
17.558619,0.9989332
17.560008,0.9993304
17.561397,0.9995082
17.562785,1.0005248
17.564174,0.9990773
17.565563,0.9988720
17.566952,0.9998820
17.568341,1.0016796
17.569730,1.0004801
17.571119,1.0007240
17.572508,0.9996211
17.573897,0.9995633
17.575286,1.0012925
17.576674,1.0002156
17.578063,0.9990406
17.579452,1.0027996
17.580841,1.0014252
17.582230,0.9999406
17.583619,0.9982889
17.585008,1.0004638
17.586397,1.0004458
17.587786,1.0002276
17.589175,0.9991139
17.590564,0.9976252
17.591952,0.9995132
17.593341,0.9986225
17.594730,0.9982920
17.596119,1.0021230
17.597508,1.0019412
17.598897,1.0007546
17.600286,1.0012749
17.601675,1.0013299
17.603064,0.9996631
17.604453,1.0011330
17.605842,1.0009485
17.607230,1.0017990
17.608619,1.0009851
17.610008,0.9998098
17.611397,1.0004294
17.612786,1.0008792
17.614175,1.0024452
17.615564,0.9989696
17.616953,0.9989899
17.618342,1.0009055
17.619731,0.9983248
17.621119,1.0032923
17.622508,1.0014081
17.623897,0.9995931
17.625286,1.0003236
17.626675,1.0001699
17.628064,1.0012432
17.629453,0.9992894
17.630842,0.9997309
17.632231,0.9995511
17.633620,1.0016776
17.635009,1.0010852
17.636397,0.9996721
17.637786,0.9991087
17.639175,0.9982468
17.640564,1.0017270
17.641953,1.0012607
17.643342,1.0003193
17.644731,1.0006455
17.646120,0.9991313
17.647509,1.0000433
17.648898,0.9972028
17.650286,1.0012932
17.651675,1.0024275
17.653064,1.0005324
17.654453,0.9995268
17.655842,0.9982520
17.657231,1.0007063
17.658620,0.9996297
17.660009,1.0007352
17.661398,0.9993950
17.662787,0.9973735
17.664176,0.9997264
17.665564,1.0014197
17.666953,0.9997795
17.668342,1.0005785
17.669731,0.9999749
17.671120,0.9970835
17.672509,0.9979079
17.673898,1.0012279
17.675287,1.0020664
17.676676,0.9998807
17.678065,0.9992963
17.679454,1.0000778
17.680842,1.0012202
17.683620,0.9984934
17.685009,0.9990401
17.686398,0.9988360
17.687787,0.9982207
17.689176,0.9993115
17.690565,0.9988914
17.691954,1.0009230
17.693343,1.0001501
17.694731,1.0009445
17.696120,1.0002220
17.697509,0.9993242
17.698898,0.9987410
17.700287,1.0019856
17.701676,1.0003747
17.703065,1.0006961
17.704454,0.9973191
17.705843,1.0000864
17.707232,0.9985383
17.708621,1.0026286
17.710009,0.9992343
17.711398,0.9984937
17.712787,1.0009692
17.714176,0.9968379
17.715565,1.0001774
17.716954,0.9992591
17.718343,1.0001575
17.719732,0.9999680
17.721121,0.9983025
17.722510,0.9989221
17.723898,0.9976107
17.725287,0.9996873
17.726676,0.9984468
17.728065,1.0010678
17.729454,0.9997960
17.730843,1.0022496
17.732232,1.0005801
17.733621,1.0033185
17.735010,1.0005988
17.736399,1.0000597
17.737788,1.0010213
17.739176,1.0013765
17.740565,1.0004505
17.741954,0.9994488
17.743343,0.9993587
17.744732,1.0007911
17.746121,0.9994541
17.747510,1.0001775
17.748899,1.0011839
17.750288,0.9998090
17.751677,1.0003772
17.753066,1.0009736
17.754454,1.0017086
17.755843,1.0009475
17.757232,0.9986899
17.758621,1.0000995
17.760010,1.0006611
17.761399,1.0005843
17.762788,1.0002737
17.764177,1.0015195
17.765566,1.0003146
17.766955,1.0013240
17.768343,0.9992783
17.769732,0.9989619
17.771121,1.0018035
17.772510,1.0006097
17.773899,1.0010854
17.775288,0.9993445
17.776677,1.0003007
17.778066,1.0007547
17.779455,0.9989781
17.780844,0.9981032
17.782233,0.9994816
17.783621,0.9999499
17.785010,0.9992835
17.786399,0.9980411
17.787788,0.9976395
17.789177,1.0003832
17.790566,0.9980539
17.791955,1.0018196
17.793344,0.9968437
17.794733,1.0015648
17.796122,1.0006141
17.797510,0.9979744
17.798899,1.0017376
17.800288,1.0008617
17.801677,0.9998539
17.803066,0.9995183
17.804455,0.9976876
17.805844,0.9998073
17.807233,0.9995913
17.808622,0.9995581
17.810011,1.0026373
17.811400,1.0008785
17.812788,1.0003131
17.814177,1.0005473
17.815566,0.9993704
17.816955,1.0007873
17.818344,1.0029770
17.819733,0.9997286
17.822511,1.0004341
17.823900,1.0018561
17.825289,1.0014387
17.826677,1.0007651
17.828066,1.0002903
17.829455,0.9999611
17.830844,1.0020698
17.832233,0.9995443
17.833622,0.9986106
17.835011,0.9993950
17.836400,1.0002807
17.837789,1.0034069
17.839178,1.0018181
17.840567,1.0002317
17.841955,1.0020271
17.844733,0.9997008
17.846122,1.0007839
17.847511,0.9989983
17.848900,0.9975686
17.850289,0.9995113
17.851678,0.9990066
17.853067,1.0007330
17.854456,1.0008189
17.855845,1.0005935
17.857233,1.0001583
17.858622,1.0005594
17.860011,1.0003497
17.861400,1.0019247
17.862789,1.0017369
17.864178,1.0004868
17.865567,0.9997728
17.866956,1.0009747
17.868345,1.0007481
17.869734,1.0025784
17.871122,1.0000660
17.872511,0.9989613
17.873900,1.0007206
17.875289,0.9979999
17.876678,1.0014155
17.878067,1.0000197
17.879456,1.0002660
17.880845,0.9981919
17.882234,0.9988200
17.883623,1.0017034
17.885012,1.0000117
17.886400,1.0002441
17.887789,0.9977085
17.889178,0.9997928
17.890567,0.9994420
17.891956,1.0004541
17.893345,0.9985456
17.894734,0.9984184
17.896123,1.0007393
17.897512,1.0013343
17.898901,1.0008776
17.900289,1.0021180
17.901678,0.9998656
17.903067,1.0014516
17.904456,0.9986109
17.905845,1.0001391
17.907234,1.0014870
17.908623,0.9990144
17.910012,0.9983940
17.911401,0.9983869
17.912790,0.9981740
17.914179,1.0002609
17.915567,0.9998557
17.916956,1.0003507
17.918345,0.9998561
17.919734,0.9977255
17.921123,0.9987727
17.922512,1.0017292
17.923901,0.9985551
17.925290,1.0011861
17.926679,0.9982810
17.928068,1.0000967
17.929456,0.9987984
17.930845,1.0005217
17.932234,0.9981217
17.933623,0.9994101
17.935012,0.9990752
17.936401,1.0003126
17.937790,0.9996615
17.939179,0.9985157
17.940568,1.0021958
17.941957,0.9988889
17.943346,0.9978568
17.944734,0.9979204
17.946123,0.9979536
17.947512,0.9978120
17.948901,0.9990946
17.950290,0.9976955
17.951679,0.9989096
17.953068,0.9986793
17.954457,0.9998164
17.955846,1.0002572
17.957235,0.9975635
17.958624,0.9995369
17.960012,0.9992177
17.961401,0.9995286
17.962790,0.9981047
17.964179,1.0010927
17.965568,1.0014004
17.966957,0.9970409
17.968346,0.9986990
17.969735,0.9992559
17.971124,1.0003118
17.972513,0.9989456
17.973901,0.9964097
17.975290,1.0001506
17.976679,1.0004323
17.978068,0.9989048
17.979457,0.9985684
17.980846,0.9995338
17.982235,0.9998346
17.983624,1.0031222
17.985013,1.0008024
17.986402,0.9963839
17.987791,1.0006386
17.989179,0.9994001
17.990568,0.9992148
17.991957,0.9993481
17.993346,1.0013196
17.994735,1.0000425
17.996124,0.9976916
17.997513,1.0006019
17.998902,1.0003360
18.000291,0.9972248
18.001680,1.0004558
18.003068,1.0001637
18.004457,0.9988774
18.007235,0.9977485
18.008624,1.0002381
18.010013,1.0013250
18.011402,1.0020029
18.012791,0.9997121
18.014180,1.0004565
18.015569,0.9987470
18.016958,1.0003231
18.018346,1.0003545
18.019735,1.0016387
18.021124,0.9988249
18.022513,1.0000789
18.023902,0.9995072
18.025291,0.9999491
18.026680,1.0012453
18.028069,1.0010467
18.029458,0.9995466
18.030847,1.0003231
18.032235,1.0005732
18.033624,0.9997109
18.035013,0.9998622
18.036402,1.0009699
18.037791,1.0007974
18.039180,0.9996522
18.040569,0.9983750
18.041958,0.9996854
18.043347,0.9994578
18.044736,1.0020434
18.046125,1.0011144
18.047513,1.0002363
18.048902,1.0005750
18.050291,1.0001703
18.051680,0.9996295
18.053069,0.9994576
18.054458,1.0018471
18.055847,1.0002042
18.057236,0.9997334
18.058625,0.9997200
18.060014,1.0006731
18.061402,0.9999699
18.062791,0.9993209
18.064180,1.0001270
18.065569,1.0019868
18.066958,1.0009346
18.068347,1.0015696
18.069736,0.9997844
18.071125,0.9984959
18.072514,1.0018258
18.073903,0.9988574
18.075292,1.0004695
18.076680,1.0017891
18.078069,1.0003243
18.079458,1.0005129
18.080847,1.0003975
18.082236,1.0011260
18.083625,1.0008149
18.085014,0.9987851
18.086403,0.9981121
18.087792,1.0003014
18.089181,0.9992561
18.090570,1.0010068
18.091958,0.9999911
18.093347,1.0001844
18.094736,0.9998835
18.096125,0.9994068
18.097514,1.0011726
18.098903,1.0002377
18.100292,1.0012244
18.101681,0.9992065
18.103070,0.9977641
18.104459,0.9989468
18.105847,0.9985428
18.107236,1.0027424
18.108625,1.0025760
18.110014,1.0003617
18.111403,1.0017407
18.112792,1.0017992
18.114181,0.9998734
18.115570,0.9991394
18.116959,1.0017045
18.118348,1.0008477
18.119737,1.0010865
18.121125,1.0002130
18.122514,1.0008239
18.123903,1.0003597
18.125292,1.0009032
18.126681,1.0000412
18.128070,1.0009113
18.129459,1.0006902
18.130848,1.0024411
18.132237,0.9991738
18.133626,1.0018636
18.135014,0.9993201
18.136403,0.9983606
18.137792,0.9997390
18.139181,1.0003635
18.140570,0.9993842
18.141959,0.9997932
18.143348,1.0005020
18.144737,1.0003158
18.146126,1.0006132
18.147515,1.0001615
18.148904,1.0018249
18.150292,1.0011608
18.151681,0.9991373
18.153070,0.9996015
18.154459,1.0001004
18.155848,1.0000990
18.157237,0.9991962
18.158626,1.0002619
18.160015,0.9985816
18.161404,0.9992192
18.162793,1.0003816
18.164181,0.9996233
18.165570,0.9994185
18.166959,1.0009727
18.168348,0.9981986
18.169737,0.9982715
18.171126,0.9980345
18.172515,0.9998760
18.173904,0.9994297
18.175293,0.9997848
18.176682,1.0020956
18.178071,1.0002009
18.179459,0.9988773
18.180848,0.9994272
18.182237,0.9982584
18.183626,1.0008180
18.185015,0.9972083
18.186404,1.0025577
18.187793,1.0006313
18.189182,0.9984885
18.190571,0.9993235
18.191960,0.9983569
18.193348,1.0004137
18.194737,1.0001110
18.196126,1.0016416
18.197515,1.0009262
18.198904,0.9987774
18.200293,0.9992952
18.201682,1.0002659
18.203071,0.9996396
18.204460,0.9994810
18.205849,1.0002981
18.207238,0.9997102
18.208626,1.0000139
18.210015,0.9999782
18.211404,1.0003124
18.212793,0.9993152
18.214182,0.9992126
18.215571,1.0002412
18.216960,1.0008210
18.218349,1.0014681
18.219738,1.0011601
18.221127,1.0032527
18.222515,1.0019126
18.223904,0.9999864
18.225293,0.9985500
18.226682,1.0000857
18.228071,1.0009279
18.229460,1.0013917
18.230849,0.9986708
18.232238,0.9991528
18.233627,1.0004781
18.235016,1.0000271
18.236405,1.0018442
18.237793,0.9998779
18.239182,0.9996573
18.240571,0.9988398
18.241960,1.0016679
18.243349,0.9985775
18.244738,1.0003248
18.246127,1.0015693
18.247516,1.0002772
18.248905,0.9989038
18.250294,1.0001390
18.251682,1.0005999
18.253071,0.9988680
18.254460,1.0002915
18.255849,1.0007501
18.257238,0.9996303
18.258627,1.0003351
18.260016,0.9992612
18.261405,1.0017765
18.262794,1.0005885
18.264183,0.9988555
18.265572,0.9983956
18.266960,0.9999527
18.268349,1.0002377
18.269738,1.0014852
18.271127,0.9993803
18.272516,1.0001469
18.273905,1.0001664
18.275294,0.9996381
18.276683,0.9977061
18.278072,0.9983772
18.279461,0.9996696
18.280849,0.9985056
18.282238,0.9996096
18.283627,1.0021168
18.285016,0.9986741
18.286405,1.0019468
18.287794,0.9989920
18.289183,1.0021465
18.290572,1.0004029
18.291961,0.9986097
18.293350,0.9996116
18.294739,0.9996812
18.296127,1.0002781
18.297516,1.0009084
18.298905,0.9981979
18.300294,1.0009599
18.303072,0.9993291
18.304461,0.9972856
18.305850,0.9966125
18.307239,1.0002577
18.308628,1.0008860
18.310016,0.9999905
18.311405,1.0016133
18.312794,0.9993168
18.314183,1.0026286
18.315572,0.9986500
18.316961,1.0024156
18.318350,1.0008703
18.319739,1.0009657
18.321128,1.0001992
18.322517,0.9985036
18.323906,1.0009906
18.325294,0.9999935
18.326683,1.0004313
18.328072,0.9999979
18.329461,1.0020514
18.330850,1.0005042
18.332239,1.0002845
18.333628,0.9993173
18.335017,1.0008145
18.336406,1.0009064
18.337795,0.9990162
18.339183,0.9997452
18.340572,1.0006332
18.341961,0.9999207
18.343350,0.9984994
18.344739,1.0021122
18.346128,1.0008002
18.347517,0.9986303
18.348906,0.9981882
18.350295,0.9979016
18.351684,1.0011604
18.353073,0.9987886
18.354461,0.9998817
18.355850,1.0019123
18.357239,1.0013608
18.358628,1.0004284
18.360017,1.0014066
18.361406,1.0007984
18.362795,1.0024982
18.364184,1.0015413
18.365573,1.0003742
18.366962,1.0024537
18.368350,1.0001968
18.369739,0.9989829
18.371128,0.9990520
18.372517,1.0005787
18.373906,0.9991686
18.375295,0.9993730
18.376684,1.0007845
18.378073,0.9995431
18.379462,0.9998967
18.380851,0.9996784
18.382240,0.9989040
18.383628,1.0011435
18.385017,1.0000968
18.386406,1.0013615
18.387795,0.9998981
18.389184,1.0000030
18.390573,0.9999857
18.391962,1.0019697
18.393351,1.0008948
18.394740,0.9986678
18.396129,1.0000105
18.397517,1.0022354
18.398906,1.0007948
18.400295,1.0003343
18.401684,0.9995080
18.403073,1.0009655
18.404462,0.9996469
18.405851,0.9996909
18.407240,1.0001093
18.408629,1.0024365
18.410018,0.9984150
18.411407,1.0000200
18.412795,0.9993251
18.414184,1.0015485
18.415573,1.0010754
18.416962,1.0013804
18.418351,0.9998718
18.419740,1.0015094
18.421129,1.0011348
18.422518,0.9970955
18.423907,0.9973301
18.425296,1.0014396
18.426684,1.0005727
18.428073,1.0009399
18.429462,0.9982281
18.430851,1.0021338
18.432240,1.0007864
18.433629,1.0008110
18.435018,0.9977600
18.436407,1.0000204
18.437796,0.9991930
18.439185,0.9991874
18.440574,1.0005272
18.441962,0.9999667
18.443351,1.0016191
18.444740,0.9993936
18.446129,0.9990456
18.447518,0.9992265
18.448907,0.9995991
18.450296,1.0006201
18.451685,1.0013312
18.453074,1.0019111
18.454463,0.9978831
18.455851,1.0017846
18.457240,0.9988864
18.458629,1.0020994
18.460018,1.0001751
18.461407,0.9986496
18.462796,1.0023192
18.464185,0.9972369
18.465574,0.9998472
18.466963,0.9990064
18.468352,1.0005208
18.469741,1.0002878
18.471129,1.0003280
18.472518,0.9993700
18.473907,0.9992211
18.475296,1.0004151
18.476685,1.0016389
18.478074,1.0017982
18.479463,0.9979470
18.480852,0.9993550
18.482241,0.9972552
18.483630,1.0002536
18.485018,1.0007967
18.486407,1.0006182
18.487796,1.0003241
18.489185,0.9997492
18.490574,0.9973914
18.491963,0.9964707
18.493352,1.0016130
18.494741,0.9998500
18.496130,0.9967215
18.497519,1.0020036
18.498908,0.9993483
18.500296,0.9988204
18.501685,0.9974406
18.503074,1.0019490
18.504463,1.0017022
18.505852,0.9980980
18.507241,0.9984452
18.508630,0.9997981
18.510019,0.9976626
18.511408,1.0008043
18.512797,0.9981413
18.514185,0.9975973
18.515574,1.0004520
18.516963,0.9992741
18.518352,0.9996729
18.519741,1.0017491
18.521130,0.9994811
18.522519,0.9988947
18.523908,1.0001018
18.525297,0.9995237
18.526686,1.0021280
18.528075,0.9992713
18.529463,1.0015034
18.530852,0.9991625
18.532241,1.0022492
18.533630,0.9998603
18.535019,0.9985573
18.536408,1.0006332
18.537797,1.0013837
18.539186,0.9977973
18.540575,0.9983987
18.541964,1.0019765
18.543352,0.9997066
18.544741,1.0025532
18.546130,0.9994863
18.547519,1.0009162
18.548908,0.9991602
18.550297,0.9992317
18.551686,1.0012149
18.553075,0.9986899
18.554464,0.9994835
18.555853,1.0005807
18.557242,0.9995450
18.558630,0.9998576
18.560019,0.9973642
18.561408,1.0002552
18.562797,1.0001777
18.564186,1.0010580
18.565575,1.0011976
18.566964,1.0020882
18.568353,0.9988335
18.569742,0.9993870
18.571131,0.9993766
18.572519,1.0027342
18.573908,0.9999645
18.575297,1.0006692
18.576686,1.0005122
18.578075,0.9999660
18.579464,0.9998750
18.580853,0.9998331
18.582242,1.0010380
18.583631,0.9999086
18.585020,1.0011132
18.586409,0.9994382
18.587797,0.9970144
18.589186,1.0010774
18.590575,0.9996839
18.591964,1.0017325
18.593353,0.9987003
18.594742,1.0013795
18.596131,0.9984181
18.597520,0.9996143
18.598909,0.9987294
18.600298,0.9994197
18.601686,0.9970601
18.603075,1.0007025
18.604464,0.9997087
18.605853,0.9995594
18.607242,1.0029776
18.608631,1.0007262
18.610020,0.9987878
18.611409,0.9981759
18.612798,0.9985247
18.614187,1.0013905
18.615576,1.0007212
18.616964,1.0007208
18.618353,1.0003077
18.619742,1.0001657
18.621131,1.0009210
18.622520,0.9969169
18.623909,1.0000328
18.625298,1.0003173
18.626687,1.0024687
18.628076,0.9989093
18.629465,0.9995715
18.630853,0.9986238
18.632242,0.9983069
18.635020,1.0011183
18.636409,0.9996170
18.637798,1.0013657
18.639187,0.9994922
18.640576,0.9995337
18.641965,1.0016628
18.643354,0.9986794
18.644743,1.0003442
18.646131,0.9996123
18.647520,0.9988607
18.648909,1.0004760
18.650298,0.9980468
18.651687,0.9991731
18.654465,1.0002300
18.655854,1.0021435
18.657243,1.0003995
18.658632,1.0003395
18.660020,0.9988121
18.661409,1.0025942
18.662798,0.9990585
18.664187,0.9981624
18.665576,1.0019698
18.668354,0.9995406
18.669743,0.9992738
18.671132,0.9988582
18.672521,0.9998855
18.673910,1.0012522
18.675298,1.0003407
18.676687,0.9982614
18.678076,1.0000671
18.679465,0.9997129
18.680854,0.9995657
18.682243,0.9994028
18.685021,0.9997070
18.686410,0.9986313
18.690576,0.9996819
18.691965,1.0005909
18.693354,1.0012533
18.694743,0.9994573
18.696132,0.9977899
18.697521,0.9994390
18.698910,0.9993105
18.700299,1.0020815
18.701688,1.0010041
18.703076,0.9994550
18.704465,0.9989415
18.705854,0.9992570
18.707243,1.0008905
18.708632,0.9997059
18.710021,1.0008182
18.711410,1.0005087
18.714188,1.0025053
18.715577,0.9998785
18.716966,0.9998662
18.718354,0.9992669
18.719743,1.0012449
18.721132,0.9994255
18.722521,1.0002405
18.723910,0.9997424
18.725299,0.9989726
18.726688,0.9983302
18.728077,1.0000069
18.729466,1.0020635
18.730855,0.9992962
18.732243,0.9984748
18.733632,0.9997597
18.735021,1.0002072
18.736410,0.9995078
18.737799,1.0022149
18.739188,1.0004059
18.740577,0.9979679
18.741966,0.9997707
18.743355,1.0005183
18.744744,0.9991045
18.746133,0.9985829
18.747521,0.9992354
18.748910,1.0006880
18.750299,1.0012206
18.751688,1.0014850
18.753077,1.0002455
18.754466,0.9974991
18.755855,1.0003962
18.757244,1.0003248
18.758633,1.0011808
18.760022,0.9990588
18.761410,1.0036156
18.762799,0.9991076
18.764188,1.0027406
18.765577,1.0008573
18.766966,0.9991670
18.768355,1.0020827
18.769744,0.9987661
18.780855,0.9997024
18.782244,1.0008201
18.783633,0.9996593
18.785022,0.9995805
18.786411,1.0012922
18.787800,1.0023560
18.789189,0.9997789
18.790577,1.0007722
18.791966,0.9993949
18.793355,1.0011896
18.794744,1.0008440
18.796133,1.0008032
18.797522,1.0011061
18.798911,1.0007227
18.800300,1.0003198
18.801689,0.9994404
18.803078,1.0010378
18.804467,1.0007019
18.805855,0.9993477
18.807244,1.0009143
18.808633,1.0009492
18.810022,1.0003479
18.811411,0.9992352
18.812800,0.9989351
18.814189,0.9998175
18.815578,0.9984801
18.816967,0.9980150
18.818356,1.0009615
18.819744,0.9989502
18.821133,0.9972620
18.822522,1.0000121
18.823911,0.9987314
18.825300,1.0005686
18.826689,1.0014611
18.828078,1.0001666
18.829467,1.0010072
18.830856,0.9999797
18.832245,1.0014498
18.833633,0.9998382
18.835022,1.0013776
18.836411,0.9991820
18.837800,1.0009169
18.839189,1.0000074
18.840578,0.9991419
18.841967,1.0003850
18.843356,0.9985063
18.844745,1.0005820
18.846134,0.9988518
18.847523,0.9998429
18.848911,0.9996832
18.850300,0.9989633
18.851689,0.9998816
18.853078,0.9997772
18.854467,0.9981178
18.855856,0.9998424
18.857245,0.9985144
18.858634,0.9987959
18.860023,1.0019604
18.861412,1.0004190
18.862800,0.9980823
18.864189,0.9995286
18.865578,0.9983094
18.866967,0.9994909
18.868356,1.0013544
18.869745,1.0001415
18.871134,0.9989492
18.872523,1.0027301
18.873912,0.9985399
18.875301,1.0012078
18.876690,0.9999672
18.878078,1.0010758
18.879467,0.9986953
18.880856,1.0003650
18.882245,0.9991643
18.883634,1.0008450
18.885023,1.0012411
18.886412,1.0002706
18.887801,0.9997988
18.889190,0.9983535
18.890579,1.0011801
18.891967,0.9999398
18.893356,0.9989580
18.894745,0.9994178
18.896134,1.0025905
18.897523,0.9990964
18.898912,0.9978407
18.900301,0.9999595
18.901690,0.9982335
18.903079,0.9989997
18.904468,1.0016317
18.905857,0.9988038
18.907245,0.9999555
18.908634,0.9995912
18.910023,1.0003681
18.911412,1.0001846
18.912801,1.0000653
18.914190,0.9981338
18.915579,0.9986480
18.916968,1.0023587
18.918357,0.9991236
18.919746,1.0003303
18.921134,1.0013499
18.922523,1.0012238
18.923912,1.0010178
18.925301,0.9995643
18.926690,0.9996581
18.928079,0.9982380
18.929468,0.9972670
18.930857,1.0003293
18.932246,0.9986331
18.933635,0.9995787
18.935023,1.0013624
18.936412,0.9989381
18.937801,1.0004465
18.939190,0.9989430
18.940579,0.9978435
18.941968,0.9997957
18.943357,1.0018441
18.944746,1.0022374
18.946135,0.9997196
18.947524,0.9985088
18.948913,1.0040143
18.950301,0.9995546
18.951690,0.9989266
18.953079,1.0000758
18.954468,1.0027217
18.955857,1.0006386
18.957246,0.9989995
18.958635,0.9991260
18.960024,0.9996037
18.961413,1.0016887
18.962802,1.0015202
18.964190,1.0004558
18.965579,1.0002314
18.966968,0.9996928
18.968357,1.0015882
18.969746,0.9991264
18.971135,1.0024489
18.972524,1.0011560
18.973913,1.0001883
18.975302,0.9981498
18.976691,0.9993347
18.978080,0.9994800
18.979468,0.9983944
18.980857,0.9985115
18.982246,0.9997273
18.983635,1.0009154
18.985024,1.0026068
18.986413,1.0007002
18.987802,0.9998937
18.989191,1.0007435
18.990580,1.0003923
18.991969,1.0012843
18.993357,0.9988617
18.994746,0.9979584
18.996135,1.0006649
18.997524,0.9990684
18.998913,1.0007050
19.000302,0.9996968
19.001691,1.0000715
19.003080,1.0002555
19.004469,0.9963626
19.005858,0.9992999
19.007247,1.0008941
19.008635,0.9996165
19.010024,1.0002464
19.011413,0.9994401
19.012802,0.9988204
19.014191,1.0004689
19.015580,0.9992934
19.016969,1.0026415
19.018358,0.9983446
19.019747,0.9997741
19.021136,1.0013106
19.022524,0.9993145
19.023913,1.0011228
19.025302,0.9992933
19.026691,1.0016570
19.028080,1.0000861
19.029469,1.0020000
19.030858,1.0013452
19.032247,1.0000084
19.033636,0.9994403
19.035025,0.9979446
19.036413,0.9995558
19.037802,1.0009088
19.039191,0.9991140
19.040580,1.0001225
19.041969,1.0019158
19.043358,0.9999901
19.044747,0.9993025
19.046136,0.9996849
19.047525,1.0013601
19.048914,0.9985069
19.050303,0.9986491
19.051691,1.0008520
19.053080,0.9986936
19.054469,1.0016370
19.055858,1.0004288
19.057247,1.0014149
19.058636,0.9996547
19.060025,0.9998237
19.061414,1.0010019
19.062803,0.9986907
19.064192,1.0007301
19.065580,1.0009769
19.066969,1.0012098
19.068358,1.0018402
19.069747,1.0020173
19.071136,1.0003277
19.072525,0.9979206
19.073914,1.0031015
19.075303,0.9995662
19.076692,1.0003835
19.078081,1.0004090
19.079470,0.9995584
19.080858,0.9995906
19.082247,0.9991531
19.083636,1.0019084
19.085025,1.0007148
19.086414,1.0009353
19.087803,0.9983510
19.089192,0.9978493
19.090581,0.9996860
19.091970,0.9998869
19.093359,0.9996113
19.094747,1.0007254
19.096136,1.0015802
19.097525,1.0012742
19.098914,0.9982353
19.100303,1.0001150
19.101692,1.0027324
19.103081,1.0024644
19.104470,0.9993920
19.105859,1.0008812
19.107248,1.0013037
19.108636,1.0010794
19.110025,1.0016275
19.111414,0.9994838
19.112803,0.9992164
19.114192,0.9990869
19.115581,0.9992564
19.116970,0.9980977
19.118359,1.0006263
19.119748,1.0002892
19.121137,1.0011831
19.122526,1.0003485
19.123914,1.0009974
19.125303,0.9979365
19.126692,1.0017790
19.128081,1.0005671
19.129470,0.9980570
19.130859,0.9984938
19.132248,1.0006832
19.133637,1.0014842
19.135026,0.9992145
19.136415,1.0009108
19.137803,0.9990954
19.139192,0.9986571
19.140581,0.9985798
19.141970,0.9979530
19.143359,0.9980783
19.144748,1.0019700
19.146137,1.0008228
19.147526,0.9994206
19.148915,0.9988905
19.150304,1.0004415
19.151693,1.0021184
19.153081,0.9992255
19.154470,1.0012195
19.155859,0.9997442
19.157248,1.0001148
19.158637,1.0014479
19.160026,0.9995342
19.161415,0.9992664
19.162804,0.9982159
19.164193,0.9988379
19.165582,0.9997959
19.166970,0.9983937
19.168359,0.9981006
19.169748,1.0013648
19.171137,1.0015450
19.172526,1.0002451
19.173915,0.9995616
19.175304,1.0016669
19.176693,0.9986983
19.178082,1.0011914
19.179471,1.0013989
19.180859,0.9990020
19.182248,1.0008643
19.183637,0.9987283
19.185026,1.0000727
19.186415,1.0000835
19.187804,0.9984079
19.189193,1.0018601
19.190582,0.9989869
19.191971,1.0001570
19.193360,1.0018987
19.194749,0.9994257
19.196137,0.9986714
19.197526,0.9994867
19.198915,1.0011687
19.200304,0.9983512
19.201693,0.9995189
19.203082,0.9985310
19.205860,1.0000075
19.207249,0.9984756
19.208638,1.0010518
19.210026,0.9993123
19.211415,1.0006514
19.212804,0.9997453
19.214193,0.9989498
19.215582,0.9983914
19.216971,1.0007022
19.218360,1.0007192
19.219749,0.9986214
19.221138,0.9986450
19.222527,1.0020386
19.223915,0.9990375
19.225304,0.9995862
19.226693,0.9987736
19.228082,1.0012106
19.229471,0.9995096
19.230860,0.9999979
19.232249,1.0010448
19.233638,0.9980902
19.235027,0.9994650
19.236416,1.0012573
19.237805,0.9999476
19.239193,1.0005662
19.240582,0.9995487
19.241971,1.0006856
19.243360,1.0010242
19.244749,0.9979537
19.246138,0.9992129
19.247527,1.0013034
19.248916,1.0006541
19.250305,1.0003180
19.251694,0.9978452
19.253082,0.9995469
19.254471,1.0002340
19.255860,0.9993214
19.257249,1.0027346
19.258638,1.0000439
19.260027,0.9997611
19.261416,1.0025637
19.262805,0.9985246
19.264194,1.0005146
19.265583,1.0003291
19.266972,0.9994016
19.268360,1.0018564
19.269749,1.0034151
19.271138,1.0014913
19.272527,1.0008764
19.273916,1.0001084
19.275305,1.0017302
19.276694,0.9966213
19.278083,1.0005049
19.279472,1.0005194
19.280861,0.9978650
19.282249,0.9993493
19.283638,1.0008121
19.285027,0.9998013
19.286416,0.9980456
19.287805,0.9993052
19.289194,0.9998077
19.290583,1.0013314
19.291972,1.0004652
19.293361,1.0013185
19.294750,0.9992512
19.296138,0.9984800
19.297527,0.9977356
19.298916,1.0001111
19.300305,0.9999028
19.301694,1.0012611
19.303083,1.0000926
19.304472,1.0013240
19.305861,1.0016314
19.307250,1.0018725
19.308639,1.0020948
19.310028,1.0002575
19.311416,1.0013110
19.312805,0.9982665
19.314194,0.9990071
19.315583,0.9989134
19.316972,1.0005498
19.318361,1.0015155
19.319750,1.0000514
19.321139,0.9984386
19.322528,1.0001914
19.323917,1.0008631
19.325305,0.9991745
19.326694,0.9979616
19.328083,0.9988265
19.329472,1.0008036
19.330861,1.0016364
19.332250,0.9981594
19.333639,1.0000387
19.335028,1.0031030
19.336417,1.0008832
19.337806,0.9987806
19.339194,0.9984864
19.340583,1.0003025
19.341972,1.0002089
19.343361,1.0002359
19.344750,0.9995390
19.346139,0.9996150
19.347528,0.9998487
19.348917,0.9993141
19.350306,0.9987573
19.351695,1.0002050
19.353084,1.0009408
19.354472,1.0001500
19.355861,1.0011234
19.357250,1.0002768
19.358639,1.0007670
19.360028,0.9996491
19.361417,1.0002562
19.362806,0.9989468
19.364195,0.9984091
19.365584,1.0005583
19.366973,0.9995583
19.368361,0.9979217
19.369750,1.0010521
19.371139,0.9989061
19.372528,0.9988685
19.373917,0.9989171
19.375306,1.0003332
19.376695,1.0002856
19.378084,0.9994659
19.379473,0.9986383
19.380862,1.0005785
19.382251,0.9984269
19.383639,0.9994435
19.385028,1.0001631
19.386417,1.0012823
19.387806,0.9984890
19.389195,0.9979163
19.390584,0.9981433
19.391973,0.9996325
19.393362,1.0018520
19.394751,1.0037063
19.396140,1.0003344
19.397528,1.0013444
19.398917,1.0009045
19.400306,0.9980961
19.401695,1.0010235
19.403084,0.9995013
19.404473,0.9991754
19.405862,1.0024992
19.407251,1.0005019
19.408640,1.0012279
19.410029,1.0005040
19.411417,0.9992488
19.412806,1.0000218
19.414195,1.0027888
19.415584,1.0000477
19.416973,1.0000949
19.418362,1.0026386
19.419751,1.0010859
19.421140,0.9995422
19.422529,0.9986888
19.423918,1.0005160
19.425307,1.0010935
19.426695,1.0003824
19.428084,0.9977373
19.429473,0.9982308
19.430862,0.9995766
19.432251,1.0015086
19.433640,0.9986378
19.435029,0.9995664
19.436418,1.0011487
19.437807,1.0014482
19.439196,1.0004606
19.440584,0.9987341
19.441973,0.9984839
19.443362,0.9996329
19.444751,1.0000115
19.446140,1.0014330
19.447529,1.0008659
19.448918,0.9987275
19.450307,0.9991366
19.451696,1.0013869
19.453085,0.9981947
19.454473,0.9994888
19.455862,0.9980746
19.457251,0.9997622
19.458640,1.0026837
19.460029,0.9997187
19.461418,1.0008909
19.462807,0.9999283
19.464196,1.0009147
19.465585,1.0018790
19.466974,1.0010946
19.468363,1.0010323
19.469751,0.9998376
19.471140,0.9993683
19.472529,0.9987042
19.473918,0.9984535
19.475307,0.9984056
19.476696,1.0009498
19.478085,0.9989984
19.479474,0.9995292
19.480863,0.9985977
19.482252,0.9992752
19.483640,1.0010292
19.485029,0.9986277
19.486418,1.0005262
19.487807,0.9984349
19.489196,0.9966749
19.490585,1.0003266
19.491974,1.0015953
19.493363,1.0008841
19.494752,0.9988739
19.496141,0.9999563
19.497529,1.0008312
19.498918,0.9989565
19.500307,1.0001881
19.501696,0.9987722
19.503085,1.0004032
19.504474,0.9981007
19.505863,0.9968213
19.507252,0.9994808
19.508641,1.0013214
19.510030,1.0015435
19.511419,0.9986741
19.512807,1.0016403
19.514196,1.0018951
19.515585,0.9999911
19.516974,0.9972794
19.518363,0.9993846
19.519752,0.9985576
19.521141,1.0014454
19.522530,0.9977478
19.523919,0.9993061
19.525308,1.0013668
19.526696,0.9990446
19.528085,0.9991275
19.529474,1.0004563
19.530863,0.9990967
19.532252,0.9997746
19.533641,0.9991590
19.535030,0.9993613
19.536419,0.9996556
19.537808,0.9995803
19.539197,0.9974493
19.540585,1.0007556
19.541974,0.9998754
19.543363,0.9978145
19.544752,0.9979300
19.546141,0.9999666
19.547530,1.0009222
19.548919,1.0035012
19.550308,1.0005451
19.551697,1.0002284
19.553086,1.0001420
19.554475,0.9995332
19.555863,0.9998459
19.557252,1.0002701
19.558641,1.0013515
19.560030,1.0018427
19.561419,1.0010149
19.562808,1.0031913
19.564197,1.0002061
19.565586,0.9993284
19.566975,0.9988840
19.568364,1.0010316
19.569752,1.0007487
19.571141,1.0024708
19.572530,0.9985075
19.573919,0.9999569
19.575308,1.0006745
19.576697,0.9987756
19.578086,1.0015639
19.579475,0.9982461
19.580864,1.0004728
19.582253,1.0005704
19.583641,1.0011812
19.585030,0.9985105
19.586419,1.0001646
19.587808,0.9974270
19.589197,1.0000279
19.590586,0.9994791
19.591975,0.9986028
19.593364,1.0011486
19.594753,0.9999151
19.596142,1.0008230
19.597531,0.9992004
19.598919,1.0008624
19.600308,0.9992657
19.601697,0.9998751
19.603086,0.9998000
19.604475,1.0000900
19.605864,0.9991091
19.608642,1.0011161
19.610031,0.9999596
19.611420,0.9989706
19.612808,1.0018108
19.614197,0.9991855
19.615586,0.9994809
19.616975,0.9989523
19.618364,1.0006351
19.619753,0.9991097
19.621142,0.9984578
19.622531,1.0025920
19.623920,0.9993450
19.625309,1.0020646
19.626697,0.9985796
19.628086,1.0007093
19.629475,1.0013733
19.630864,0.9999677
19.632253,1.0015971
19.633642,1.0015230
19.635031,1.0007975
19.636420,1.0004245
19.637809,0.9999533
19.639198,0.9999742
19.640587,1.0005350
19.641975,0.9998994
19.643364,0.9997954
19.644753,0.9971044
19.646142,1.0016127
19.647531,0.9986969
19.648920,0.9994080
19.650309,0.9979785
19.651698,0.9993694
19.653087,1.0003147
19.654476,0.9993748
19.655864,0.9987676
19.657253,0.9997237
19.658642,0.9994577
19.660031,1.0001514
19.661420,1.0013536
19.662809,0.9990029
19.664198,0.9986319
19.665587,1.0008101
19.666976,1.0016431
19.668365,0.9973388
19.669753,1.0006597
19.671142,1.0016141
19.672531,1.0010731
19.673920,0.9984345
19.675309,1.0000550
19.676698,0.9994008
19.678087,0.9990738
19.679476,1.0031925
19.680865,0.9990627
19.682254,1.0013330
19.683643,1.0001476
19.685031,1.0016287
19.686420,1.0001017
19.687809,1.0016454
19.689198,1.0031841
19.690587,0.9994913
19.691976,1.0008419
19.693365,0.9995943
19.694754,1.0010828
19.696143,0.9996818
19.697532,0.9999661
19.698920,1.0020444
19.700309,0.9986753
19.701698,0.9976648
19.703087,1.0007516
19.704476,1.0001517
19.705865,1.0017652
19.707254,0.9992871
19.708643,1.0014956
19.710032,0.9997236
19.711421,0.9995859
19.712809,0.9996914
19.714198,1.0013463
19.715587,1.0003741
19.716976,0.9973252
19.718365,1.0004398
19.719754,0.9985164
19.721143,1.0011293
19.722532,0.9983722
19.723921,0.9989682
19.725310,0.9997263
19.726699,0.9990748
19.728087,0.9999544
19.729476,0.9991068
19.730865,0.9995327
19.732254,0.9985760
19.733643,1.0019510
19.735032,1.0012512
19.736421,1.0002456
19.737810,1.0013556
19.739199,1.0000566
19.740588,0.9997076
19.741976,0.9972655
19.743365,1.0009819
19.744754,1.0002619
19.746143,1.0003848
19.747532,1.0010000
19.748921,0.9997313
19.750310,1.0010856
19.751699,1.0020527
19.753088,1.0009175
19.754477,1.0005108
19.755865,0.9977373
19.757254,0.9989371
19.758643,1.0003015
19.760032,1.0004277
19.761421,0.9995891
19.762810,1.0004200
19.764199,1.0011256
19.765588,0.9996514
19.766977,0.9984517
19.768366,1.0007672
19.769754,1.0015605
19.771143,1.0018211
19.772532,0.9984680
19.773921,0.9995841
19.775310,0.9999868
19.776699,1.0007668
19.778088,0.9997342
19.779477,0.9996617
19.780866,0.9995327
19.782255,0.9994858
19.783644,0.9986692
19.785032,1.0002579
19.786421,1.0008675
19.787810,0.9995328
19.789199,1.0017135
19.790588,1.0015970
19.791977,0.9985616
19.793366,1.0005196
19.794755,1.0014406
19.796144,1.0010897
19.797533,0.9994603
19.798921,0.9999707
19.800310,0.9980052
19.801699,0.9989893
19.803088,1.0003132
19.804477,1.0003949
19.805866,1.0017859
19.807255,1.0008524
19.808644,0.9993375
19.810033,0.9991887
19.811422,0.9997996
19.812810,0.9983143
19.814199,0.9996855
19.815588,0.9994490
19.816977,1.0020324
19.818366,0.9997545
19.819755,1.0003815
19.821144,1.0009481
19.822533,1.0000210
19.823922,0.9993915
19.825311,1.0019235
19.826700,0.9998324
19.828088,0.9972538
19.829477,1.0008229
19.830866,1.0009800
19.832255,0.9981917
19.833644,1.0011022
19.835033,0.9986576
19.836422,0.9989355
19.837811,1.0012590
19.839200,1.0007458
19.840589,1.0014410
19.841977,1.0004881
19.843366,0.9999785
19.844755,1.0013441
19.846144,1.0022124
19.847533,1.0009528
19.848922,1.0011765
19.850311,1.0002273
19.851700,1.0003861
19.853089,1.0015131
19.854478,1.0000749
19.855866,0.9997325
19.857255,0.9995388
19.858644,1.0007727
19.860033,0.9996499
19.861422,0.9995775
19.862811,0.9999453
19.864200,1.0013448
19.865589,0.9997092
19.866978,0.9984960
19.868367,1.0022080
19.869755,1.0019185
19.871144,0.9981883
19.872533,1.0012898
19.873922,1.0004266
19.875311,0.9995953
19.876700,0.9994729
19.879478,0.9985990
19.880867,0.9985172
19.882256,1.0003381
19.883645,1.0016087
19.885033,0.9999527
19.886422,1.0003469
19.887811,0.9992378
19.889200,1.0005308
19.890589,0.9993870
19.891978,1.0000576
19.893367,0.9987771
19.894756,1.0007602
19.896145,0.9998204
19.897534,1.0028218
19.898922,0.9984974
19.900311,1.0006873
19.901700,1.0018054
19.903089,0.9995082
19.904478,0.9991364
19.905867,0.9995775
19.907256,0.9987403
19.908645,1.0008891
19.910034,1.0004741
19.911423,1.0001991
19.914200,0.9981254
19.915589,0.9995002
19.916978,1.0002092
19.918367,0.9995359
19.919756,1.0003282
19.921145,1.0023145
19.922534,1.0004925
19.923923,0.9984013
19.925312,0.9984376
19.926701,0.9992991
19.928089,1.0006569
19.929478,0.9996159
19.930867,1.0007503
19.932256,1.0006069
19.933645,1.0004212
19.935034,0.9992332
19.936423,1.0007600
19.937812,0.9973975
19.939201,1.0010630
19.940590,0.9995606
19.941978,1.0002172
19.943367,1.0000182
19.944756,0.9994034
19.946145,0.9994173
19.947534,0.9985082
19.948923,0.9999597
19.950312,1.0003502
19.951701,1.0003483
19.953090,0.9990412
19.954479,1.0009002
19.955867,1.0002066
19.957256,1.0008031
19.958645,1.0002106
19.960034,1.0010026
19.961423,0.9995963
19.962812,1.0017745
19.964201,0.9996693
19.965590,0.9983238
19.966979,0.9977490
19.968368,1.0000028
19.969756,1.0009298
19.971145,0.9981664
19.972534,0.9978347
19.973923,0.9991017
19.975312,1.0001431
19.976701,1.0001801
19.979479,1.0001162
19.980868,1.0000161
19.982257,0.9985381
19.983646,0.9985139
19.985034,0.9995855
19.986423,0.9992554
19.987812,1.0009728
19.989201,0.9995010
19.990590,1.0022932
19.991979,0.9999123
19.993368,0.9991800
19.994757,1.0011787
19.996146,0.9982966
19.997535,1.0023140
19.998923,1.0003278
20.000312,0.9982058
20.001701,1.0011385
20.003090,1.0009693
20.004479,1.0003517
20.005868,0.9995835
20.007257,0.9980973
20.008646,0.9988692
20.010035,0.9997834
20.011424,1.0022649
20.012812,0.9999207
20.014201,0.9993049
20.015590,1.0001920
20.016979,0.9978760
20.018368,1.0004064
20.019757,1.0000456
20.021146,1.0014658
20.022535,0.9994827
20.023924,1.0003585
20.025313,1.0019251
20.026702,0.9991328
20.028090,0.9980592
20.029479,1.0002363
20.030868,1.0017141
20.032257,1.0006554
20.033646,1.0003773
20.035035,0.9999724
20.036424,0.9993530
20.037813,0.9998818
20.039202,1.0013100
20.040591,1.0003108
20.041979,0.9995224
20.043368,0.9985525
20.044757,0.9986383
20.046146,1.0005014
20.047535,1.0014409
20.048924,0.9986761
20.050313,0.9996229
20.051702,1.0000385
20.053091,1.0009765
20.054480,0.9979685
20.055868,0.9991708
20.057257,0.9990634
20.058646,1.0007810
20.060035,0.9976285
20.061424,1.0001065
20.062813,0.9988040
20.064202,0.9994804
20.065591,0.9975331
20.066980,0.9988753
20.068369,1.0016789
20.069757,1.0003909
20.072535,0.9992544
20.073924,0.9999275
20.075313,1.0004539
20.076702,1.0022898
20.078091,0.9987723
20.079480,1.0031281
20.080869,1.0001327
20.082258,0.9992046
20.083647,0.9985147
20.085035,1.0011309
20.086424,0.9993189
20.087813,1.0013585
20.089202,1.0014068
20.090591,1.0013706
20.091980,1.0011598
20.093369,0.9991758
20.094758,0.9995562
20.096147,1.0012782
20.097536,1.0009860
20.098924,0.9994627
20.100313,1.0019084
20.101702,1.0020270
20.103091,0.9995784
20.104480,0.9976882
20.105869,1.0010323
20.107258,0.9997915
20.108647,1.0005801
20.110036,1.0015203
20.111425,1.0030491
20.112813,1.0000823
20.114202,1.0011150
20.115591,1.0003734
20.116980,0.9991101
20.118369,0.9998909
20.119758,1.0007896
20.121147,1.0017497
20.122536,0.9997194
20.123925,0.9986618
20.125314,0.9992303
20.126702,1.0003881
20.128091,1.0011802
20.129480,1.0005473
20.130869,1.0000157
20.132258,1.0000729
20.135036,0.9995762
20.136425,1.0004650
20.137814,0.9979702
20.139203,0.9985250
20.140592,1.0018692
20.141980,1.0009014
20.143369,1.0000234
20.144758,0.9986077
20.146147,0.9984846
20.147536,1.0012486
20.148925,0.9980688
20.150314,1.0014116
20.151703,1.0006244
20.153092,0.9998438
20.154481,1.0005021
20.155869,0.9990796
20.157258,0.9999866
20.158647,1.0011714
20.160036,1.0016393
20.161425,0.9991614
20.162814,0.9997956
20.164203,1.0000601
20.165592,1.0021154
20.166981,1.0016179
20.168370,0.9991459
20.169758,0.9994638
20.171147,0.9996939
20.172536,0.9974296
20.173925,1.0018364
20.175314,0.9989415
20.176703,0.9974591
20.178092,1.0014387
20.179481,1.0011623
20.180870,1.0002206
20.182259,0.9976320
20.183647,1.0009697
20.185036,1.0018261
20.186425,0.9994741
20.187814,1.0000355
20.189203,0.9988040
20.191981,0.9992530
20.193370,0.9990421
20.194759,0.9978334
20.196148,0.9988128
20.197537,0.9999002
20.198925,1.0012215
20.200314,1.0001941
20.201703,0.9969577
20.203092,0.9993906
20.204481,1.0025460
20.205870,0.9972922
20.207259,0.9984470
20.208648,0.9981291
20.210037,0.9987164
20.211426,0.9986736
20.212814,1.0003420
20.214203,0.9985827
20.215592,0.9996811
20.216981,1.0008431
20.218370,1.0014818
20.219759,1.0016707
20.221148,1.0018938
20.222537,1.0042109
20.223926,0.9956451
20.225315,1.0001449
20.226703,0.9988925
20.228092,0.9981663
20.229481,0.9990875
20.230870,1.0020024
20.232259,0.9994966
20.233648,1.0011690
20.235037,0.9985723
20.236426,0.9995864
20.237815,1.0010627
20.239204,1.0004219
20.240592,1.0006019
20.241981,1.0001611
20.243370,1.0000568
20.244759,1.0012954
20.246148,1.0027553
20.247537,0.9992767
20.248926,0.9978262
20.250315,0.9990860
20.251704,0.9980093
20.253093,1.0000040
20.255870,0.9998581
20.257259,0.9991024
20.258648,1.0005123
20.260037,1.0002252
20.261426,1.0000654
20.262815,1.0002551
20.264204,1.0043016
20.265593,1.0000707
20.266982,0.9999973
20.268371,1.0010500
20.269759,1.0006447
20.271148,0.9993768
20.272537,0.9993187
20.273926,1.0016183
20.275315,1.0017934
20.276704,0.9987410
20.278093,1.0004369
