# WASP-18, TESS 2-minute cadence, TESS Sector 02
# time is days from the first measurement, flux is normalised
time,flux
0.000000,0.9997734
0.001389,1.0005375
0.002778,0.9995923
0.005556,0.9996471
0.006945,1.0000695
0.008334,0.9993967
0.009723,0.9997343
0.011111,0.9999928
0.012500,0.9995415
0.013889,1.0001834
0.015278,0.9992944
0.016667,1.0000825
0.018056,0.9998749
0.019445,1.0002635
0.020834,0.9995054
0.022223,1.0001106
0.023612,1.0003866
0.025001,1.0006683
0.026390,1.0005610
0.027779,0.9998382
0.029168,0.9990537
0.030556,1.0012602
0.031945,1.0000750
0.033334,1.0002688
0.034723,1.0007075
0.036112,1.0002322
0.037501,1.0003525
0.038890,1.0008033
0.040279,0.9998441
0.041668,1.0001075
0.043057,0.9997428
0.044446,0.9998857
0.045835,0.9999521
0.047224,1.0006752
0.048613,1.0002254
0.050001,1.0009703
0.051390,1.0002407
0.052779,1.0006845
0.054168,0.9998174
0.055557,0.9995228
0.056946,1.0001105
0.058335,1.0002258
0.059724,1.0009440
0.061113,1.0000355
0.062502,0.9996872
0.063891,0.9997453
0.065280,1.0000064
0.066669,1.0000736
0.068058,0.9998780
0.069447,1.0010472
0.070835,1.0004509
0.072224,1.0002590
0.073613,1.0006418
0.075002,1.0004736
0.076391,1.0012559
0.077780,1.0004092
0.079169,1.0005197
0.080558,1.0000949
0.081947,1.0013090
0.083336,1.0000655
0.084725,0.9995766
0.086114,0.9999053
0.087503,0.9999370
0.088892,1.0003354
0.090280,0.9995779
0.091669,0.9994905
0.093058,1.0008965
0.094447,0.9996318
0.095836,1.0004158
0.097225,0.9999295
0.098614,0.9996869
0.100003,1.0007966
0.101392,1.0008609
0.102781,1.0006671
0.104170,1.0003487
0.105559,1.0003262
0.106948,0.9997134
0.108337,0.9999883
0.109725,0.9995222
0.111114,1.0002820
0.112503,1.0011370
0.113892,1.0004354
0.115281,1.0009149
0.116670,1.0004320
0.118059,0.9999666
0.119448,1.0007064
0.120837,1.0013306
0.122226,1.0013984
0.123615,1.0009909
0.125004,1.0014411
0.126393,1.0001432
0.127782,1.0001296
0.129171,1.0001222
0.130559,1.0000711
0.131948,0.9993309
0.133337,0.9988183
0.134726,0.9996251
0.136115,0.9993237
0.137504,1.0007620
0.138893,0.9999557
0.140282,0.9996033
0.141671,0.9997296
0.143060,0.9993603
0.144449,1.0007421
0.145838,1.0006527
0.147227,1.0009333
0.148616,1.0011671
0.150004,1.0002669
0.151393,1.0006050
0.152782,0.9998484
0.154171,1.0002138
0.155560,1.0001855
0.156949,1.0001975
0.158338,0.9996439
0.159727,1.0001370
0.161116,0.9999410
0.162505,0.9995945
0.163894,0.9997877
0.165283,0.9993418
0.166672,1.0004558
0.168061,0.9995191
0.169449,1.0000645
0.170838,1.0002885
0.172227,1.0004667
0.173616,1.0009930
0.175005,1.0000156
0.176394,1.0006180
0.177783,0.9992773
0.179172,1.0000689
0.180561,0.9997650
0.181950,0.9999485
0.183339,1.0004612
0.184728,1.0005956
0.186117,0.9999858
0.187506,0.9996318
0.188894,1.0009422
0.190283,1.0005192
0.191672,0.9996823
0.193061,1.0001524
0.194450,0.9993009
0.195839,0.9993040
0.197228,0.9999860
0.198617,0.9997482
0.200006,1.0002818
0.201395,1.0000912
0.202784,1.0006206
0.204173,0.9999028
0.205562,1.0001979
0.206951,1.0006824
0.208340,0.9997893
0.209728,0.9995776
0.211117,0.9998809
0.212506,0.9998622
0.213895,0.9993487
0.215284,1.0001147
0.216673,1.0002430
0.218062,1.0002592
0.219451,1.0000981
0.220840,0.9995020
0.222229,0.9993351
0.223618,0.9993802
0.225007,1.0003822
0.226396,0.9995676
0.227785,0.9995874
0.229173,0.9995489
0.230562,0.9993485
0.231951,0.9993650
0.233340,1.0000607
0.234729,0.9997868
0.236118,0.9994467
0.237507,1.0008529
0.238896,1.0002213
0.240285,1.0006868
0.241674,0.9989245
0.243063,0.9997878
0.244452,0.9997626
0.245841,0.9993516
0.247230,0.9993916
0.248618,0.9993654
0.250007,1.0001095
0.251396,0.9992400
0.252785,0.9995900
0.254174,0.9999937
0.255563,0.9994885
0.256952,1.0002112
0.258341,1.0003828
0.259730,0.9992565
0.261119,0.9997447
0.262508,0.9999283
0.263897,0.9988253
0.265286,1.0001603
0.266675,0.9992226
0.268063,0.9985694
0.269452,0.9991706
0.270841,0.9999267
0.272230,0.9993275
0.273619,1.0000791
0.275008,0.9996776
0.276397,1.0001386
0.277786,0.9996659
0.279175,1.0001604
0.280564,1.0008722
0.281953,0.9998053
0.283342,0.9999782
0.284731,1.0001029
0.286120,0.9990286
0.287509,0.9989994
0.288897,0.9994747
0.290286,0.9998409
0.291675,0.9998815
0.293064,0.9998685
0.294453,0.9988921
0.295842,0.9978675
0.297231,0.9994882
0.298620,0.9998383
0.300009,0.9991502
0.301398,0.9994377
0.302787,0.9981575
0.304176,0.9978112
0.305565,0.9953101
0.306954,0.9948955
0.308342,0.9928788
0.309731,0.9907889
0.311120,0.9908920
0.312509,0.9902675
0.313898,0.9900775
0.315287,0.9909656
0.316676,0.9896570
0.318065,0.9886709
0.319454,0.9898598
0.320843,0.9901233
0.322232,0.9901151
0.323621,0.9903869
0.325010,0.9897334
0.326399,0.9898187
0.327787,0.9905843
0.329176,0.9899958
0.330565,0.9888689
0.331954,0.9891390
0.333343,0.9890573
0.334732,0.9897052
0.336121,0.9896193
0.337510,0.9887536
0.338899,0.9891850
0.340288,0.9895148
0.341677,0.9894045
0.343066,0.9890296
0.344455,0.9886974
0.345844,0.9891824
0.347232,0.9896069
0.348621,0.9888366
0.350010,0.9887638
0.351399,0.9892672
0.352788,0.9888371
0.354177,0.9890756
0.355566,0.9881770
0.356955,0.9896863
0.358344,0.9888157
0.359733,0.9896604
0.361122,0.9890477
0.362511,0.9897723
0.363900,0.9902156
0.365289,0.9891855
0.366677,0.9893527
0.368066,0.9889804
0.369455,0.9901591
0.370844,0.9898272
0.372233,0.9898470
0.373622,0.9904376
0.375011,0.9898133
0.376400,0.9895709
0.377789,0.9897498
0.379178,0.9915542
0.380567,0.9908855
0.381956,0.9921108
0.383345,0.9912597
0.384734,0.9931305
0.386123,0.9955997
0.387511,0.9965646
0.388900,0.9978043
0.390289,0.9994591
0.391678,1.0000109
0.393067,0.9995407
0.394456,1.0002486
0.395845,0.9993878
0.397234,1.0001113
0.398623,1.0000046
0.400012,1.0003124
0.401401,1.0000016
0.402790,0.9990388
0.404179,0.9994239
0.405568,0.9992043
0.406956,0.9994558
0.408345,0.9996396
0.409734,0.9999484
0.411123,0.9988062
0.412512,1.0004160
0.413901,1.0009460
0.415290,0.9994775
0.416679,0.9994317
0.418068,1.0001500
0.419457,1.0005740
0.420846,1.0007859
0.422235,0.9992589
0.423624,0.9999871
0.425013,1.0000427
0.426401,1.0002746
0.427790,1.0003414
0.429179,0.9998780
0.430568,0.9992868
0.431957,0.9996458
0.433346,1.0002714
0.434735,0.9999861
0.436124,0.9987214
0.437513,0.9992316
0.438902,1.0002457
0.440291,0.9989237
0.441680,1.0001747
0.443069,1.0000624
0.444458,0.9993220
0.445846,1.0006802
0.447235,0.9999214
0.448624,0.9996914
0.450013,0.9993603
0.451402,1.0006284
0.452791,0.9996424
0.454180,1.0003339
0.455569,1.0000919
0.456958,1.0003534
0.458347,1.0004155
0.459736,0.9990794
0.461125,1.0001874
0.462514,1.0001975
0.463903,0.9994775
0.465291,0.9993041
0.466680,0.9989260
0.468069,1.0003600
0.469458,0.9991693
0.470847,1.0001373
0.472236,0.9996154
0.473625,1.0004331
0.475014,1.0001952
0.476403,0.9992430
0.477792,1.0002473
0.479181,1.0002313
0.480570,1.0003823
0.481959,1.0003059
0.483348,0.9996956
0.484736,1.0005234
0.486125,0.9999638
0.487514,1.0003640
0.488903,1.0000815
0.490292,1.0000813
0.491681,0.9997561
0.493070,1.0001005
0.494459,0.9998591
0.495848,0.9999782
0.497237,1.0012331
0.498626,1.0010040
0.500015,0.9998020
0.501404,0.9999701
0.502793,1.0001274
0.504181,0.9994083
0.505570,1.0000929
0.506959,0.9999651
0.508348,0.9997158
0.509737,0.9990324
0.511126,0.9993403
0.512515,0.9994629
0.513904,0.9994124
0.515293,0.9998641
0.516682,1.0004731
0.518071,1.0004817
0.519460,0.9998095
0.520849,1.0003971
0.522238,0.9993797
0.523626,1.0000491
0.525015,1.0007217
0.526404,0.9996523
0.527793,0.9995528
0.529182,1.0001800
0.530571,1.0001671
0.531960,1.0000946
0.533349,0.9995261
0.534738,0.9994374
0.536127,1.0007450
0.537516,0.9997576
0.538905,1.0007538
0.540294,0.9994358
0.541683,0.9995388
0.543072,0.9997370
0.544460,1.0006831
0.545849,1.0012927
0.547238,1.0007054
0.548627,0.9995428
0.550016,1.0000197
0.551405,0.9997423
0.552794,0.9992838
0.554183,0.9994402
0.555572,0.9996469
0.556961,0.9986311
0.558350,0.9996453
0.559739,1.0006121
0.561128,1.0006917
0.562517,0.9995948
0.563905,0.9988180
0.565294,1.0000500
0.566683,1.0005694
0.568072,1.0003629
0.569461,0.9995690
0.570850,1.0003990
0.572239,1.0004943
0.573628,0.9999545
0.575017,0.9997382
0.576406,1.0000573
0.577795,0.9997379
0.579184,1.0008346
0.580573,1.0001951
0.581962,1.0001745
0.583350,0.9995611
0.584739,0.9997838
0.586128,1.0001634
0.587517,1.0004997
0.588906,1.0007949
0.590295,1.0001537
0.591684,1.0011422
0.593073,1.0010943
0.594462,0.9998581
0.595851,0.9990219
0.597240,0.9999125
0.598629,0.9996018
0.600018,1.0004843
0.601407,1.0007904
0.602795,1.0003276
0.604184,0.9998056
0.605573,0.9992262
0.606962,1.0004360
0.608351,1.0009778
0.609740,1.0002137
0.611129,1.0012238
0.612518,1.0002670
0.613907,1.0007425
0.615296,1.0003890
0.616685,1.0000054
0.618074,1.0001071
0.619463,1.0007519
0.620852,1.0001439
0.622240,0.9998574
0.623629,0.9998206
0.625018,1.0000563
0.626407,1.0002726
0.627796,1.0005353
0.629185,1.0012233
0.630574,1.0002584
0.631963,1.0004357
0.633352,1.0008668
0.634741,0.9995045
0.636130,1.0002709
0.637519,1.0002155
0.638908,1.0009968
0.640297,1.0004541
0.641685,0.9998456
0.643074,1.0010821
0.644463,1.0011641
0.645852,1.0001756
0.647241,0.9990285
0.648630,1.0010489
0.650019,0.9999490
0.651408,1.0002526
0.652797,1.0007161
0.654186,1.0003981
0.655575,0.9999769
0.656964,0.9998177
0.658353,1.0006057
0.659742,1.0004416
0.661130,1.0004043
0.662519,1.0001507
0.663908,1.0006227
0.665297,0.9995292
0.666686,1.0002708
0.668075,1.0006399
0.669464,0.9999404
0.670853,1.0004194
0.672242,0.9994136
0.673631,0.9986964
0.675020,1.0008713
0.676409,1.0003990
0.677798,0.9999612
0.679187,1.0007573
0.680575,1.0012016
0.681964,1.0002605
0.683353,1.0003904
0.684742,0.9999279
0.686131,1.0003834
0.687520,1.0001468
0.688909,0.9999473
0.690298,1.0005512
0.691687,1.0006093
0.693076,0.9996795
0.694465,1.0003161
0.695854,1.0004870
0.697243,1.0000245
0.698632,0.9996332
0.700020,1.0001560
0.701409,0.9994864
0.702798,0.9999958
0.704187,1.0000373
0.705576,0.9998826
0.706965,1.0001864
0.708354,1.0001456
0.709743,0.9999272
0.711132,0.9995041
0.712521,0.9993282
0.713910,0.9995998
0.715299,1.0000858
0.716688,0.9998639
0.718077,0.9996325
0.719465,1.0008947
0.720854,0.9994317
0.722243,0.9997018
0.723632,0.9999067
0.725021,0.9995984
0.726410,0.9996766
0.727799,0.9991341
0.729188,1.0006545
0.730577,0.9998688
0.731966,1.0000987
0.733355,1.0007268
0.734744,0.9994892
0.736133,0.9996718
0.737522,1.0009117
0.738910,0.9999098
0.740299,1.0000419
0.741688,0.9997081
0.743077,1.0005373
0.744466,1.0006320
0.745855,0.9997184
0.747244,0.9995220
0.748633,1.0006358
0.750022,1.0007418
0.751411,1.0002536
0.752800,1.0006887
0.754189,0.9994833
0.755578,0.9996569
0.756967,0.9998459
0.758355,1.0001481
0.759744,1.0004127
0.761133,1.0003655
0.762522,1.0006996
0.763911,0.9997171
0.765300,1.0007403
0.766689,1.0001189
0.768078,1.0006963
0.769467,1.0004298
0.770856,1.0000451
0.772245,0.9995606
0.773634,1.0000255
0.775023,0.9993079
0.776412,1.0005129
0.777800,0.9990046
0.779189,1.0002713
0.780578,0.9994829
0.781967,0.9997090
0.783356,0.9994244
0.784745,0.9999219
0.786134,0.9996501
0.787523,0.9993397
0.788912,0.9997487
0.790301,0.9998012
0.791690,0.9993542
0.793079,0.9990206
0.794468,0.9995332
0.795857,0.9994162
0.797245,1.0000477
0.798634,0.9991407
0.800023,0.9999613
0.801412,1.0003060
0.802801,1.0001566
0.804190,0.9994521
0.805579,0.9994905
0.806968,0.9988402
0.808357,0.9992549
0.809746,0.9994129
0.811135,0.9992891
0.812524,0.9998708
0.813913,1.0004759
0.815302,1.0006284
0.816690,0.9998877
0.818079,0.9989762
0.819468,0.9983259
0.820857,0.9997628
0.822246,0.9990451
0.823635,0.9996173
0.826413,0.9990581
0.827802,0.9997079
0.829191,0.9993440
0.830580,0.9998117
0.831969,0.9990436
0.833358,0.9996634
0.834747,1.0000717
0.836135,0.9999451
0.837524,0.9995601
0.838913,1.0000036
0.840302,0.9998432
0.841691,0.9997793
0.843080,0.9999601
0.844469,0.9993229
0.845858,0.9985146
0.847247,1.0001375
0.848636,0.9990761
0.850025,0.9990216
0.851414,0.9987888
0.852803,0.9992908
0.854192,0.9999070
0.855580,0.9997222
0.856969,1.0006283
0.858358,0.9995134
0.859747,0.9992434
0.861136,0.9991756
0.862525,0.9999299
0.863914,0.9998429
0.865303,1.0000471
0.866692,0.9993989
0.868081,0.9989651
0.869470,1.0006182
0.870859,1.0004079
0.872248,1.0008492
0.873637,0.9997841
0.875025,1.0003834
0.876414,1.0006546
0.877803,0.9995756
0.879192,0.9994251
0.880581,1.0002713
0.881970,1.0000446
0.883359,0.9999757
0.884748,1.0012037
0.886137,1.0002894
0.887526,1.0009425
0.888915,0.9991944
0.890304,0.9999706
0.891693,1.0004273
0.893081,1.0002821
0.894470,0.9995500
0.895859,1.0007082
0.897248,0.9991611
0.898637,1.0002275
0.900026,1.0004636
0.901415,1.0006471
0.902804,0.9998852
0.904193,1.0002373
0.905582,1.0003864
0.906971,1.0003623
0.908360,1.0001199
0.909749,0.9989793
0.911138,0.9993559
0.912526,1.0011392
0.913915,1.0002485
0.915304,1.0002213
0.916693,1.0003358
0.918082,0.9998425
0.919471,0.9993971
0.920860,0.9999221
0.922249,0.9988716
0.923638,1.0006749
0.925027,1.0009927
0.926416,1.0005315
0.927805,1.0002591
0.929194,0.9996968
0.930583,1.0005760
0.931971,0.9999476
0.933360,1.0003902
0.934749,1.0008129
0.936138,0.9989634
0.937527,1.0001464
0.938916,0.9997436
0.940305,0.9998901
0.941694,1.0005108
0.943083,0.9999457
0.944472,0.9999984
0.945861,0.9994282
0.947250,1.0006313
0.948639,1.0008032
0.950028,0.9992487
0.951416,0.9998032
0.952805,1.0001350
0.954194,1.0002402
0.955583,0.9996834
0.956972,1.0006151
0.958361,0.9993566
0.959750,1.0014519
0.961139,1.0005436
0.962528,0.9997900
0.963917,0.9998888
0.965306,1.0002632
0.966695,0.9999585
0.968084,1.0005645
0.969473,0.9998165
0.970861,1.0005588
0.972250,1.0003857
0.973639,0.9995063
0.975028,0.9992401
0.976417,1.0006172
0.977806,1.0004951
0.979195,1.0000512
0.980584,1.0008409
0.981973,0.9997755
0.983362,1.0013830
0.984751,0.9998723
0.986140,1.0000311
0.987529,1.0008304
0.988918,0.9999121
0.990306,1.0008412
0.991695,1.0008082
0.993084,1.0002383
0.994473,0.9997405
0.995862,1.0001929
0.997251,1.0002092
0.998640,1.0005169
1.000029,1.0000837
1.001418,1.0000923
1.002807,1.0003616
1.004196,1.0005236
1.005585,1.0004284
1.006974,0.9996367
1.008363,0.9996514
1.009751,1.0007826
1.011140,0.9984073
1.012529,1.0001557
1.013918,1.0002535
1.015307,1.0001897
1.016696,1.0008202
1.018085,1.0001372
1.019474,1.0003301
1.020863,0.9995632
1.022252,0.9998885
1.023641,1.0002898
1.025030,0.9988712
1.026419,1.0006930
1.027808,0.9999279
1.029196,0.9994955
1.030585,0.9995420
1.031974,1.0003698
1.033363,0.9999473
1.034752,0.9999463
1.036141,1.0002393
1.037530,1.0003288
1.038919,1.0002081
1.040308,1.0011061
1.041697,1.0003868
1.043086,1.0000786
1.044475,0.9998291
1.045864,0.9993876
1.047252,1.0003994
1.048641,1.0004379
1.050030,0.9993424
1.051419,0.9996485
1.052808,1.0001461
1.054197,0.9992928
1.055586,1.0007216
1.056975,0.9995496
1.058364,0.9998743
1.059753,0.9990877
1.061142,1.0005689
1.062531,1.0003301
1.063920,1.0000348
1.065309,1.0005127
1.066697,1.0007158
1.068086,0.9995419
1.069475,1.0007186
1.070864,1.0000390
1.072253,1.0003066
1.073642,0.9996470
1.075031,0.9991494
1.076420,0.9984500
1.077809,1.0001810
1.079198,1.0003861
1.080587,1.0000088
1.081976,1.0006502
1.083365,1.0000753
1.084754,0.9999018
1.086142,1.0004232
1.087531,1.0001172
1.088920,1.0005414
1.090309,0.9990347
1.091698,1.0003512
1.093087,0.9993842
1.094476,1.0003112
1.095865,0.9998754
1.097254,0.9999371
1.098643,0.9997714
1.100032,1.0000505
1.101421,0.9991910
1.102810,1.0000596
1.104199,0.9999710
1.105587,0.9998787
1.106976,1.0000039
1.108365,1.0002816
1.109754,0.9997822
1.111143,0.9993092
1.112532,1.0005365
1.113921,1.0004455
1.115310,1.0005767
1.116699,0.9999178
1.118088,1.0003727
1.119477,0.9989952
1.120866,1.0004331
1.122255,0.9990249
1.123644,0.9999473
1.125032,0.9993684
1.126421,1.0002981
1.127810,1.0003620
1.129199,1.0004003
1.130588,1.0002452
1.131977,1.0001347
1.133366,1.0000960
1.134755,0.9994380
1.136144,0.9997646
1.137533,0.9995550
1.138922,0.9996154
1.140311,1.0004390
1.141700,0.9999168
1.143089,0.9999495
1.144477,1.0001931
1.145866,0.9994973
1.147255,1.0007934
1.148644,1.0002030
1.150033,0.9996535
1.151422,1.0001386
1.152811,0.9989310
1.154200,1.0002082
1.155589,1.0003451
1.156978,1.0001907
1.158367,1.0000852
1.159756,0.9990757
1.161145,0.9989386
1.162533,0.9995899
1.163922,0.9994120
1.165311,1.0002449
1.166700,0.9999290
1.168089,1.0002218
1.169478,1.0003350
1.170867,0.9991094
1.172256,0.9992091
1.173645,1.0004842
1.175034,1.0002510
1.176423,1.0005471
1.177812,0.9996319
1.179201,0.9993543
1.180590,0.9994213
1.181978,1.0002519
1.183367,0.9990677
1.184756,0.9998513
1.186145,1.0003979
1.187534,1.0000443
1.188923,1.0003059
1.190312,0.9999028
1.191701,0.9994696
1.193090,0.9991770
1.194479,1.0012063
1.195868,0.9994339
1.197257,0.9996630
1.198646,0.9985479
1.200035,0.9993673
1.201423,0.9995016
1.202812,1.0006506
1.204201,1.0005775
1.205590,0.9995350
1.206979,0.9993152
1.208368,0.9999570
1.209757,0.9998266
1.211146,1.0002975
1.212535,1.0002187
1.213924,0.9996664
1.215313,0.9998985
1.216702,0.9995308
1.218091,0.9996084
1.219480,0.9995416
1.220868,0.9999746
1.222257,0.9999743
1.223646,0.9997243
1.226424,0.9989923
1.227813,0.9998528
1.229202,0.9997171
1.230591,0.9999050
1.231980,0.9993350
1.233369,0.9990343
1.234758,1.0001310
1.236147,0.9997612
1.237536,0.9987858
1.238925,0.9997962
1.240313,0.9991850
1.241702,1.0001679
1.243091,0.9993555
1.244480,0.9992932
1.245869,0.9976316
1.247258,0.9971155
1.248647,0.9977910
1.250036,0.9961948
1.251425,0.9954205
1.252814,0.9970582
1.254203,0.9969565
1.255592,0.9982102
1.256981,1.0000000
1.258369,0.9982128
1.259758,0.9979535
1.261147,0.9967707
1.262536,0.9965913
1.263925,0.9982308
1.265314,0.9969037
1.266703,0.9975123
1.268092,0.9956114
1.269481,0.9966045
1.270870,0.9967467
1.272259,0.9962600
1.273648,0.9957713
1.275037,0.9961012
1.276426,0.9950642
1.277814,0.9951264
1.279203,0.9951049
1.280592,0.9951783
1.281981,0.9945685
1.283370,0.9943848
1.284759,0.9948160
1.286148,0.9942534
1.288926,0.9942108
1.290315,0.9938729
1.291704,0.9940035
1.293093,0.9942849
1.294482,0.9932920
1.295871,0.9925472
1.297259,0.9933818
1.298648,0.9932083
1.300037,0.9927433
1.301426,0.9937977
1.302815,0.9927414
1.304204,0.9922832
1.305593,0.9932922
1.306982,0.9917998
1.308371,0.9919510
1.309760,0.9924540
1.311149,0.9918319
1.312538,0.9924045
1.313927,0.9911671
1.315316,0.9910722
1.316704,0.9914020
1.319482,0.9923901
1.320871,0.9920935
1.322260,0.9919376
1.323649,0.9918041
1.325038,0.9934673
1.326427,0.9947143
1.327816,0.9952337
1.329205,0.9975863
1.330594,0.9982886
1.331983,0.9992786
1.333372,1.0003513
1.334760,0.9992893
1.336149,1.0002231
1.337538,1.0002187
1.338927,0.9998777
1.340316,1.0002964
1.341705,1.0003190
1.343094,1.0008827
1.344483,1.0004520
1.345872,0.9999877
1.347261,0.9993138
1.348650,0.9989806
1.350039,0.9995224
1.351428,1.0006336
1.352817,1.0002859
1.354205,1.0000901
1.355594,1.0001481
1.356983,0.9992424
1.358372,0.9995150
1.359761,0.9999720
1.361150,0.9990917
1.362539,1.0000803
1.363928,0.9995377
1.365317,1.0001411
1.366706,1.0000175
1.368095,0.9988238
1.369484,1.0005023
1.370873,0.9999805
1.372262,1.0004588
1.373650,1.0000586
1.375039,1.0004140
1.376428,0.9993072
1.377817,1.0002290
1.379206,0.9991512
1.380595,1.0001235
1.381984,1.0001303
1.383373,1.0000600
1.384762,0.9994396
1.386151,1.0010650
1.387540,0.9999460
1.388929,1.0004971
1.390318,0.9998346
1.391706,1.0001105
1.393095,0.9997299
1.394484,1.0004196
1.395873,0.9999146
1.397262,0.9992008
1.398651,1.0012965
1.400040,0.9997996
1.401429,0.9994362
1.402818,0.9994828
1.404207,0.9994001
1.405596,1.0002192
1.406985,0.9997706
1.408374,0.9995410
1.409763,0.9997277
1.411151,1.0007360
1.412540,0.9995732
1.413929,1.0002665
1.415318,1.0002264
1.416707,0.9993301
1.418096,0.9991701
1.419485,0.9994617
1.420874,1.0002385
1.422263,1.0001973
1.423652,0.9997049
1.425041,1.0009838
1.426430,1.0003914
1.427819,1.0003697
1.429208,0.9993369
1.430596,0.9995408
1.431985,0.9997585
1.433374,1.0003273
1.434763,0.9998587
1.436152,0.9996773
1.437541,0.9996122
1.438930,0.9992369
1.440319,1.0003803
1.441708,0.9995536
1.443097,1.0001596
1.444486,0.9995909
1.445875,0.9998532
1.447264,1.0003402
1.448653,0.9998964
1.450041,0.9998754
1.451430,0.9995498
1.452819,0.9997712
1.454208,1.0013484
1.455597,0.9996217
1.456986,0.9997260
1.458375,0.9993050
1.459764,0.9998964
1.461153,0.9998927
1.462542,1.0001814
1.463931,1.0002870
1.465320,0.9991272
1.466709,0.9998916
1.468097,1.0002730
1.469486,1.0007114
1.470875,1.0000401
1.472264,0.9993391
1.473653,0.9997910
1.475042,0.9994958
1.476431,0.9995498
1.477820,0.9999140
1.479209,1.0004184
1.480598,1.0007596
1.481987,1.0013258
1.483376,0.9992131
1.484765,0.9998245
1.486154,1.0004012
1.487542,1.0002917
1.488931,0.9996554
1.490320,0.9995345
1.491709,1.0002684
1.493098,0.9999155
1.494487,1.0006656
1.495876,0.9994882
1.497265,1.0004527
1.498654,1.0004660
1.500043,0.9993840
1.501432,1.0007097
1.502821,0.9996073
1.504210,1.0005361
1.505599,1.0010510
1.506987,0.9999686
1.508376,0.9986570
1.509765,0.9996347
1.511154,0.9997840
1.512543,1.0005195
1.513932,1.0004273
1.515321,0.9999183
1.516710,1.0001060
1.518099,1.0008863
1.519488,1.0009222
1.520877,0.9995472
1.522266,1.0003730
1.523655,0.9990508
1.525043,1.0006894
1.526432,0.9994975
1.527821,1.0002745
1.529210,0.9997813
1.530599,0.9997728
1.531988,1.0005067
1.533377,1.0012037
1.534766,0.9999203
1.536155,0.9992546
1.537544,0.9994900
1.538933,0.9996141
1.540322,0.9997516
1.541711,1.0004394
1.543100,1.0008989
1.544488,1.0005023
1.545877,0.9999876
1.547266,1.0004269
1.548655,0.9991079
1.550044,1.0001180
1.551433,1.0001094
1.552822,0.9995936
1.554211,0.9994765
1.555600,1.0006728
1.556989,1.0003057
1.558378,0.9992837
1.559767,0.9997988
1.561156,1.0000339
1.562545,1.0002471
1.563933,1.0002201
1.565322,1.0004304
1.566711,1.0002241
1.568100,1.0002312
1.569489,0.9993287
1.570878,1.0003648
1.572267,1.0008059
1.573656,1.0004617
1.575045,0.9998748
1.576434,1.0003140
1.577823,0.9996137
1.579212,1.0006925
1.580601,1.0003838
1.581989,1.0008384
1.583378,0.9990437
1.584767,0.9996030
1.586156,1.0004272
1.587545,1.0004688
1.588934,1.0004781
1.590323,0.9995775
1.591712,0.9999802
1.593101,1.0000272
1.594490,1.0000063
1.595879,0.9993100
1.597268,1.0005599
1.598657,0.9992445
1.600046,0.9995898
1.601434,1.0003470
1.602823,0.9990294
1.604212,1.0006645
1.605601,1.0014871
1.606990,1.0000657
1.608379,0.9997665
1.609768,1.0001095
1.611157,0.9999591
1.612546,1.0008481
1.613935,1.0006364
1.615324,0.9999503
1.616713,1.0000805
1.618102,1.0000518
1.619490,1.0001291
1.620879,0.9994793
1.622268,1.0000115
1.623657,1.0001954
1.625046,0.9997572
1.626435,0.9998981
1.627824,1.0000419
1.629213,1.0004466
1.630602,1.0003303
1.631991,1.0000347
1.633380,1.0003877
1.636158,1.0005261
1.637547,1.0000832
1.638935,1.0007107
1.640324,1.0001807
1.641713,0.9999065
1.643102,1.0005852
1.644491,1.0004131
1.645880,0.9996640
1.647269,1.0003654
1.648658,1.0004916
1.650047,1.0011821
1.651436,0.9997088
1.652825,0.9998139
1.654214,0.9996294
1.655603,0.9998793
1.656992,0.9987950
1.658380,0.9999140
1.659769,1.0001328
1.661158,0.9994930
1.662547,0.9994364
1.663936,0.9996743
1.665325,0.9991195
1.666714,0.9997040
1.668103,0.9998260
1.669492,0.9984099
1.670881,1.0009595
1.672270,0.9987853
1.673659,1.0007960
1.675048,1.0002434
1.676436,0.9997948
1.677825,1.0005609
1.679214,0.9995604
1.680603,0.9994320
1.681992,1.0001669
1.683381,0.9990327
1.684770,0.9994821
1.686159,0.9992448
1.687548,1.0008413
1.688937,0.9997844
1.690326,1.0005023
1.691715,0.9996292
1.693104,1.0004614
1.694493,0.9997122
1.695881,1.0005020
1.697270,0.9998484
1.698659,1.0004657
1.700048,0.9995191
1.701437,1.0001095
1.702826,0.9994698
1.704215,0.9999395
1.705604,0.9994027
1.706993,0.9999432
1.708382,0.9998873
1.709771,0.9997525
1.711160,0.9999553
1.712549,1.0002249
1.713938,0.9989727
1.715326,1.0002125
1.716715,0.9992942
1.718104,0.9999472
1.719493,0.9989297
1.720882,0.9997112
1.722271,0.9994212
1.723660,0.9988250
1.725049,1.0001492
1.726438,0.9991179
1.727827,0.9993503
1.729216,0.9994167
1.730605,0.9997887
1.731994,0.9993082
1.733382,0.9999473
1.734771,0.9989705
1.736160,0.9997430
1.737549,0.9985140
1.738938,0.9997925
1.740327,0.9987357
1.741716,0.9994142
1.743105,0.9989821
1.744494,0.9999171
1.745883,0.9996391
1.747272,0.9998275
1.748661,0.9997462
1.750050,1.0001077
1.751439,0.9987655
1.752827,1.0000215
1.754216,0.9997305
1.755605,0.9997777
1.756994,0.9992868
1.758383,0.9995329
1.759772,0.9989424
1.761161,0.9992743
1.762550,0.9992618
1.763939,0.9992962
1.765328,0.9992743
1.766717,0.9994175
1.768106,0.9988691
1.769495,0.9989241
1.770883,1.0001485
1.772272,0.9999073
1.773661,0.9995236
1.775050,0.9993643
1.776439,0.9995193
1.777828,0.9996770
1.779217,1.0002262
1.780606,0.9988817
1.781995,0.9996947
1.783384,0.9998596
1.784773,1.0001359
1.786162,0.9992020
1.787551,0.9991884
1.788940,1.0002748
1.790328,0.9996547
1.791717,0.9990257
1.793106,0.9993347
1.794495,1.0004050
1.795884,0.9998583
1.797273,0.9992176
1.798662,1.0000655
1.800051,0.9998078
1.801440,1.0001008
1.802829,0.9998508
1.804218,1.0007821
1.805607,0.9990413
1.806996,0.9999459
1.808384,0.9996909
1.809773,1.0002303
1.811162,1.0000000
1.812551,1.0010089
1.813940,1.0006717
1.815329,0.9998864
1.816718,1.0000366
1.818107,0.9990859
1.819496,0.9996376
1.820885,1.0001758
1.822274,0.9993650
1.823663,0.9999877
1.825052,0.9997455
1.826441,1.0001219
1.827829,0.9999602
1.829218,1.0000966
1.830607,0.9996762
1.831996,1.0003608
1.833385,1.0000409
1.834774,1.0008866
1.836163,1.0003866
1.837552,1.0005167
1.838941,0.9999581
1.840330,0.9999332
1.841719,1.0001229
1.843108,1.0001439
1.844497,1.0008611
1.845886,1.0001104
1.847274,1.0000506
1.848663,1.0000562
1.850052,1.0006745
1.851441,1.0004997
1.852830,0.9997390
1.854219,1.0010684
1.855608,1.0003812
1.856997,1.0001537
1.858386,0.9992551
1.859775,0.9999903
1.861164,1.0010816
1.862553,0.9999618
1.863942,1.0005082
1.865330,1.0010839
1.866719,1.0000085
1.868108,1.0002831
1.869497,1.0007063
1.870886,0.9993907
1.872275,0.9992650
1.873664,1.0005686
1.875053,1.0000687
1.876442,1.0012111
1.877831,1.0002202
1.879220,1.0000137
1.880609,1.0007241
1.881998,1.0003618
1.883387,1.0003624
1.884775,0.9991455
1.886164,1.0003704
1.887553,1.0001252
1.888942,0.9996779
1.890331,1.0000626
1.891720,1.0007253
1.893109,0.9998694
1.894498,1.0010675
1.895887,1.0001442
1.897276,1.0001042
1.898665,1.0006427
1.900054,0.9998281
1.901443,1.0000488
1.902831,1.0003835
1.904220,1.0003100
1.905609,0.9999645
1.906998,1.0009817
1.908387,1.0006195
1.909776,1.0001938
1.911165,1.0001582
1.912554,1.0003498
1.913943,0.9998447
1.915332,0.9995984
1.916721,0.9998212
1.918110,1.0010904
1.919499,0.9997640
1.920888,0.9997281
1.922276,1.0003364
1.923665,1.0002934
1.925054,1.0008116
1.926443,1.0010299
1.927832,0.9993675
1.929221,1.0001610
1.930610,1.0008220
1.931999,0.9997489
1.933388,0.9999253
1.934777,0.9994917
1.936166,1.0002758
1.937555,1.0005060
1.938944,0.9997427
1.940332,1.0001731
1.941721,0.9998798
1.943110,1.0007388
1.944499,1.0006238
1.945888,1.0007846
1.947277,1.0004868
1.948666,0.9998561
1.950055,1.0001488
1.951444,1.0000362
1.952833,1.0000842
1.954222,1.0010675
1.955611,1.0002513
1.957000,0.9996406
1.958389,1.0006272
1.959777,0.9999424
1.961166,1.0003371
1.962555,0.9998460
1.963944,0.9996667
1.965333,0.9993713
1.966722,1.0008120
1.968111,1.0008308
1.969500,1.0002782
1.970889,1.0003313
1.972278,0.9996931
1.973667,1.0010436
1.975056,1.0001706
1.976445,1.0007163
1.977833,1.0003320
1.979222,1.0004997
1.980611,0.9989011
1.982000,1.0004577
1.983389,1.0008880
1.984778,0.9995850
1.986167,1.0002398
1.987556,0.9999025
1.988945,1.0007272
1.990334,1.0001376
1.991723,0.9995275
1.993112,0.9994780
1.994501,1.0009353
1.995890,1.0001666
1.997278,1.0005363
1.998667,1.0002272
2.001445,0.9995728
2.002834,0.9995667
2.004223,0.9996386
2.005612,1.0005621
2.007001,1.0005334
2.008390,1.0004983
2.009779,0.9995692
2.011168,0.9988134
2.012557,1.0006183
2.013946,1.0007280
2.015334,0.9998910
2.016723,0.9996245
2.018112,1.0006376
2.019501,0.9991960
2.020890,1.0003834
2.022279,0.9998768
2.023668,0.9999234
2.025057,0.9999400
2.026446,1.0010461
2.027835,1.0008621
2.029224,1.0002020
2.030613,1.0000937
2.032002,1.0000655
2.033391,1.0001391
2.034779,1.0003837
2.036168,1.0011876
2.037557,1.0007212
2.038946,1.0002713
2.040335,1.0004106
2.041724,1.0004231
2.043113,1.0007319
2.044502,1.0002987
2.045891,1.0000910
2.047280,1.0010225
2.048669,1.0008230
2.050058,1.0007587
2.051447,0.9998647
2.052835,1.0001535
2.054224,0.9996311
2.055613,0.9997446
2.057002,0.9996332
2.058391,0.9997290
2.059780,1.0003600
2.061169,1.0002157
2.062558,1.0011469
2.063947,0.9998663
2.065336,1.0006086
2.066725,0.9992524
2.069503,1.0008431
2.070892,0.9991942
2.072280,1.0002293
2.073669,1.0001944
2.075058,0.9994812
2.076447,0.9994257
2.077836,1.0006904
2.079225,1.0008847
2.080614,0.9992920
2.082003,1.0003155
2.083392,1.0001751
2.084781,0.9998028
2.086170,1.0000296
2.087559,1.0006156
2.088948,1.0004476
2.090336,1.0008291
2.091725,1.0006537
2.093114,1.0000035
2.095892,1.0000833
2.097281,1.0000679
2.098670,1.0001594
2.100059,1.0002402
2.101448,1.0006503
2.105615,1.0003851
2.107004,1.0006687
2.108393,1.0006605
2.109781,0.9994662
2.111170,0.9997684
2.113948,1.0005287
2.115337,0.9997880
2.116726,0.9994966
2.118115,0.9999591
2.119504,1.0004545
2.120893,0.9995810
2.122282,1.0004975
2.123671,1.0007126
2.125060,0.9996098
2.126449,0.9996796
2.127837,1.0002138
2.130615,1.0002637
2.132004,1.0005671
2.133393,0.9999930
2.134782,0.9997849
2.136171,1.0002126
2.137560,1.0001490
2.138949,0.9999262
2.140338,0.9996184
2.141727,0.9997166
2.145893,0.9998240
2.147282,1.0002772
2.148671,0.9990028
2.150060,1.0000689
2.151449,0.9997707
2.152838,1.0007198
2.154227,0.9995038
2.155616,1.0002259
2.157005,0.9999913
2.158394,0.9992326
2.159783,0.9990536
2.161172,0.9991127
2.162561,0.9988313
2.163950,0.9989002
2.165338,0.9987541
2.166727,0.9992279
2.168116,0.9991947
2.169505,0.9997582
2.170894,0.9993592
2.172283,0.9987163
2.173672,0.9990222
2.175061,1.0003895
2.176450,0.9996178
2.177839,0.9994702
2.179228,0.9996753
2.180617,0.9993696
2.182006,0.9997469
2.183394,0.9994182
2.184783,0.9993551
2.186172,0.9988601
2.187561,0.9981098
2.188950,0.9953097
2.190339,0.9931087
2.191728,0.9935047
2.193117,0.9917577
2.194506,0.9915063
2.195895,0.9915231
2.197284,0.9900371
2.198673,0.9896440
2.200062,0.9900248
2.201451,0.9896186
2.202839,0.9886437
2.204228,0.9896505
2.205617,0.9894228
2.207006,0.9895305
2.208395,0.9895228
2.211173,0.9892643
2.212562,0.9896891
2.213951,0.9888263
2.215340,0.9899512
2.216729,0.9890669
2.218118,0.9883713
2.219507,0.9889554
2.220895,0.9889095
2.223673,0.9892878
2.225062,0.9889441
2.226451,0.9891168
2.227840,0.9887620
2.229229,0.9887315
2.230618,0.9887045
2.232007,0.9892711
2.233396,0.9888115
2.234785,0.9883037
2.236174,0.9882953
2.237563,0.9897932
2.238952,0.9895472
2.240340,0.9883847
2.241729,0.9882832
2.243118,0.9887676
2.244507,0.9892282
2.245896,0.9899935
2.247285,0.9895204
2.248674,0.9902839
2.250063,0.9902532
2.251452,0.9898799
2.252841,0.9890207
2.254230,0.9900465
2.255619,0.9894129
2.257008,0.9892786
2.258396,0.9901785
2.259785,0.9909721
2.261174,0.9906655
2.262563,0.9907670
2.263952,0.9910181
2.265341,0.9913296
2.266730,0.9930044
2.268119,0.9940752
2.269508,0.9954120
2.270897,0.9968282
2.272286,0.9988669
2.273675,0.9995592
2.275064,1.0000955
2.276452,1.0003086
2.277841,0.9994702
2.279230,0.9989184
2.280619,1.0001097
2.282008,0.9994514
2.283397,0.9991835
2.284786,0.9998233
2.286175,0.9996793
2.287564,0.9993561
2.288953,0.9993061
2.290342,0.9995735
2.291731,1.0012700
2.293120,0.9990436
2.294509,0.9996520
2.295897,0.9996419
2.297286,0.9995230
2.298675,1.0004580
2.300064,0.9989690
2.301453,0.9986222
2.302842,0.9998122
2.304231,0.9987479
2.305620,0.9995477
2.307009,0.9990499
2.308398,0.9998231
2.309787,0.9994316
2.311176,1.0005961
2.312565,1.0001402
2.313953,0.9991254
2.315342,0.9995926
2.316731,1.0003347
2.318120,1.0003061
2.319509,0.9997142
2.320898,0.9994001
2.322287,0.9990973
2.323676,0.9995731
2.325065,0.9993951
2.326454,1.0010921
2.327843,1.0002283
2.329232,0.9988765
2.330621,1.0004538
2.332010,0.9987142
2.333398,0.9988973
2.334787,1.0001609
2.336176,1.0000301
2.337565,0.9997570
2.338954,1.0002336
2.340343,0.9998978
2.341732,1.0006352
2.343121,0.9997199
2.344510,1.0001257
2.345899,1.0002633
2.347288,0.9990049
2.348677,0.9994605
2.350066,1.0000339
2.351454,0.9997980
2.352843,0.9998995
2.354232,0.9998210
2.355621,1.0012306
2.357010,1.0005723
2.358399,1.0006378
2.359788,0.9989133
2.361177,0.9993727
2.362566,1.0001568
2.363955,0.9995084
2.365344,0.9992777
2.366733,0.9998465
2.368122,0.9999503
2.369510,1.0006575
2.370899,0.9999161
2.372288,1.0003683
2.373677,0.9996494
2.375066,1.0012220
2.376455,1.0008521
2.377844,0.9998872
2.379233,0.9997353
2.380622,1.0002679
2.382011,1.0001296
2.383400,1.0009544
2.384789,1.0009344
2.386178,1.0004507
2.387567,1.0009052
2.388955,0.9993654
2.390344,1.0011102
2.391733,1.0000870
2.393122,1.0002028
2.394511,1.0002250
2.395900,0.9994381
2.397289,0.9999353
2.398678,1.0006813
2.401456,1.0006133
2.402845,1.0005875
2.404234,0.9993344
2.405623,0.9997885
2.407011,0.9990766
2.408400,1.0003391
2.409789,1.0005126
2.411178,1.0002439
2.412567,1.0005094
2.413956,0.9997457
2.415345,1.0007584
2.416734,1.0000667
2.418123,1.0010816
2.419512,1.0001823
2.420901,1.0007941
2.422290,0.9999760
2.423679,1.0006506
2.425067,1.0002721
2.426456,1.0003113
2.427845,1.0002583
2.429234,0.9995893
2.430623,0.9993884
2.432012,0.9999643
2.433401,1.0001349
2.434790,1.0003743
2.436179,0.9998156
2.437568,0.9998493
2.438957,1.0001116
2.440346,1.0012020
2.441735,1.0014186
2.443124,1.0002324
2.444512,1.0000341
2.445901,0.9995448
2.447290,0.9997215
2.448679,0.9997594
2.450068,0.9998550
2.451457,0.9999629
2.452846,1.0003646
2.454235,0.9997516
2.455624,1.0008345
2.457013,1.0007038
2.458402,1.0008469
2.459791,1.0009784
2.461180,1.0000618
2.462568,0.9998249
2.463957,0.9998576
2.465346,0.9994563
2.466735,0.9997916
2.468124,1.0007686
2.469513,0.9992340
2.470902,1.0005517
2.472291,1.0000240
2.473680,0.9998149
2.475069,0.9995853
2.476458,0.9995468
2.477847,0.9998260
2.479236,0.9998275
2.480624,1.0008156
2.482013,1.0003173
2.483402,1.0001599
2.484791,1.0005259
2.486180,1.0004511
2.487569,1.0004519
2.488958,0.9995693
2.490347,0.9997070
2.491736,1.0004590
2.493125,1.0002085
2.494514,0.9997215
2.495903,1.0006950
2.497292,0.9988985
2.498681,1.0009329
2.500069,1.0001047
2.501458,1.0009672
2.502847,0.9998816
2.504236,0.9994173
2.505625,1.0003426
2.507014,0.9999261
2.508403,1.0008656
2.509792,0.9997061
2.511181,1.0005403
2.512570,0.9998672
2.513959,1.0005053
2.515348,1.0004300
2.516737,1.0005071
2.518125,1.0000864
2.519514,1.0007404
2.530626,1.0007015
2.532015,1.0001327
2.533404,0.9998555
2.534793,1.0005312
2.536181,1.0007520
2.537570,0.9998231
2.538959,1.0003715
2.540348,0.9991097
2.541737,0.9992908
2.543126,1.0010077
2.544515,0.9993390
2.545904,1.0004173
2.547293,1.0002203
2.548682,1.0001240
2.550071,0.9991034
2.551460,0.9998012
2.552849,1.0002188
2.554238,0.9996824
2.555626,0.9999311
2.557015,1.0003303
2.558404,0.9998570
2.559793,0.9996845
2.561182,1.0004445
2.562571,0.9997398
2.563960,1.0008047
2.565349,0.9997210
2.566738,0.9994348
2.568127,1.0017197
2.569516,1.0004875
2.570905,0.9995198
2.572294,1.0000828
2.573682,0.9993823
2.575071,1.0001037
2.576460,1.0001991
2.577849,0.9990316
2.579238,0.9999447
2.580627,0.9996314
2.582016,1.0003177
2.583405,1.0004137
2.584794,1.0011725
2.586183,1.0004986
2.587572,1.0000847
2.588961,1.0004200
2.590350,0.9996935
2.591738,0.9989423
2.593127,1.0007426
2.594516,1.0001910
2.595905,0.9998329
2.597294,0.9996420
2.598683,1.0004213
2.600072,1.0000786
2.601461,0.9995369
2.602850,0.9999812
2.604239,1.0003617
2.605628,1.0003651
2.607017,1.0003602
2.608406,1.0005932
2.609795,1.0006760
2.611183,0.9994972
2.612572,1.0009968
2.613961,1.0004620
2.615350,1.0008969
2.616739,1.0004038
2.618128,1.0004586
2.619517,0.9995639
2.620906,1.0010700
2.622295,0.9994963
2.623684,1.0003147
2.625073,0.9995419
2.626462,1.0001290
2.627851,1.0004827
2.629239,0.9996666
2.630628,0.9999351
2.632017,1.0000097
2.633406,0.9994330
2.634795,0.9999554
2.636184,0.9998833
2.637573,0.9994810
2.638962,1.0005848
2.640351,1.0006157
2.641740,0.9989026
2.643129,1.0001479
2.644518,1.0003972
2.645907,0.9997042
2.647295,1.0001212
2.648684,0.9998764
2.650073,1.0005913
2.651462,1.0006611
2.652851,1.0004024
2.654240,1.0005221
2.655629,1.0006227
2.657018,0.9991993
2.658407,1.0003611
2.659796,0.9993032
2.661185,0.9986548
2.662574,1.0000126
2.663963,0.9993335
2.665352,0.9996242
2.666740,0.9995953
2.668129,0.9992186
2.669518,1.0005849
2.670907,1.0001882
2.672296,0.9996181
2.673685,1.0002349
2.675074,1.0003662
2.676463,0.9998955
2.677852,0.9993622
2.679241,1.0008942
2.680630,0.9996712
2.682019,0.9994287
2.683408,1.0006450
2.684796,0.9994137
2.686185,0.9991604
2.687574,0.9996260
2.688963,0.9987701
2.690352,0.9992399
2.691741,0.9987612
2.693130,0.9989479
2.694519,0.9998499
2.695908,0.9993805
2.697297,0.9995590
2.698686,0.9999582
2.700075,0.9998650
2.701464,0.9991945
2.702852,0.9995225
2.704241,0.9999701
2.705630,0.9995189
2.707019,0.9996214
2.708408,0.9988334
2.709797,0.9987993
2.711186,0.9990837
2.712575,0.9993403
2.713964,0.9993181
2.715353,1.0001282
2.716742,0.9999177
2.718131,0.9997789
2.719520,0.9997129
2.720908,1.0001240
2.722297,1.0002698
2.723686,0.9994161
2.725075,0.9991912
2.726464,1.0008030
2.727853,0.9983712
2.729242,0.9987978
2.730631,0.9997600
2.732020,0.9994853
2.733409,0.9994601
2.734798,0.9993985
2.736187,0.9980507
2.737576,0.9990273
2.738965,0.9991961
2.740353,1.0001394
2.741742,0.9999410
2.743131,0.9994661
2.744520,1.0002007
2.745909,1.0000508
2.747298,0.9990442
2.748687,1.0009556
2.750076,0.9995803
2.751465,1.0010883
2.752854,0.9991779
2.754243,1.0002103
2.755632,1.0000590
2.757021,0.9998898
2.758409,1.0004457
2.759798,0.9992840
2.761187,1.0003705
2.762576,0.9999989
2.763965,0.9995351
2.765354,1.0003655
2.766743,0.9998085
2.768132,1.0002651
2.769521,1.0003175
2.770910,1.0001334
2.772299,0.9991777
2.773688,1.0001650
2.775077,1.0005891
2.776465,1.0000349
2.777854,0.9994835
2.779243,0.9990045
2.780632,1.0003516
2.782021,0.9998410
2.783410,1.0006326
2.784799,0.9995143
2.786188,1.0009974
2.787577,0.9993469
2.788966,1.0005033
2.790355,0.9998096
2.791744,0.9998615
2.793133,0.9999336
2.794521,0.9994391
2.795910,0.9993986
2.797299,1.0001216
2.798688,1.0003583
2.800077,0.9987337
2.801466,1.0016792
2.802855,0.9995992
2.804244,1.0004457
2.805633,0.9992106
2.807022,1.0005252
2.808411,1.0002012
2.809800,1.0002706
2.811189,0.9998130
2.812578,1.0001071
2.813966,1.0002323
2.815355,1.0000038
2.818133,1.0003334
2.819522,0.9993246
2.820911,0.9993263
2.822300,1.0005894
2.823689,0.9993434
2.825078,0.9998688
2.826467,1.0005815
2.827856,1.0001641
2.829245,1.0004907
2.830634,0.9993985
2.832022,0.9999794
2.833411,1.0004811
2.834800,0.9999390
2.836189,0.9995819
2.837578,1.0004265
2.838967,0.9996541
2.840356,1.0005361
2.841745,1.0012293
2.843134,1.0000529
2.844523,1.0000253
2.845912,0.9996941
2.847301,1.0000651
2.848690,1.0010788
2.850078,1.0005915
2.851467,1.0000012
2.852856,1.0004874
2.854245,1.0003813
2.855634,0.9995315
2.857023,1.0009865
2.858412,0.9996792
2.859801,1.0005907
2.861190,0.9988442
2.862579,0.9986430
2.863968,1.0004213
2.865357,0.9994265
2.866746,1.0005161
2.868134,1.0003674
2.869523,0.9993831
2.870912,0.9999550
2.872301,0.9999320
2.873690,1.0002144
2.875079,1.0005643
2.876468,1.0004467
2.877857,1.0001479
2.879246,0.9994088
2.880635,1.0002081
2.882024,1.0000691
2.883413,1.0000197
2.884802,0.9996182
2.886191,1.0004307
2.887579,0.9998782
2.888968,0.9998188
2.890357,0.9989953
2.891746,0.9998640
2.893135,1.0001188
2.894524,1.0007854
2.895913,1.0008350
2.897302,0.9995261
2.898691,0.9998865
2.900080,1.0002674
2.901469,0.9997120
2.902858,1.0003633
2.904247,1.0005777
2.905635,1.0001194
2.907024,1.0004929
2.908413,0.9997942
2.909802,1.0002867
2.911191,0.9999270
2.912580,0.9999517
2.913969,1.0000558
2.915358,0.9995966
2.916747,1.0009668
2.918136,0.9998081
2.919525,1.0004833
2.920914,0.9999738
2.922303,1.0003524
2.923691,1.0008990
2.925080,1.0005722
2.926469,1.0006784
2.927858,1.0008128
2.929247,1.0005177
2.930636,0.9997503
2.932025,0.9990107
2.933414,0.9990461
2.934803,0.9995318
2.936192,1.0002327
2.937581,1.0008734
2.938970,0.9992545
2.940359,1.0013497
2.941747,0.9999438
2.943136,1.0010256
2.944525,1.0005360
2.945914,1.0001495
2.947303,1.0002592
2.948692,0.9998005
2.950081,1.0009063
2.951470,1.0001985
2.952859,1.0007369
2.954248,1.0006398
2.955637,1.0000466
2.957026,1.0003877
2.958415,0.9991294
2.959803,0.9995014
2.961192,1.0014092
2.962581,0.9998951
2.963970,0.9998803
2.965359,1.0004273
2.966748,1.0014986
2.968137,0.9994047
2.969526,1.0011640
2.970915,1.0000923
2.972304,0.9998929
2.973693,1.0000476
2.975082,1.0000391
2.976471,1.0003976
2.977860,1.0002391
2.979248,1.0004191
2.980637,0.9995808
2.982026,1.0002877
2.983415,1.0003020
2.984804,1.0001737
2.986193,1.0002483
2.987582,0.9996373
2.988971,0.9998643
2.990360,1.0003316
2.991749,0.9999316
2.993138,1.0004490
2.994527,1.0004776
2.995916,0.9994002
2.997304,0.9990815
2.998693,0.9996563
3.000082,1.0009489
3.001471,0.9999845
3.002860,1.0000859
3.004249,1.0006216
3.005638,0.9998306
3.007027,1.0005110
3.008416,1.0000666
3.009805,1.0002677
3.011194,0.9994273
3.012583,0.9994371
3.013972,0.9999204
3.015360,1.0011276
3.016749,0.9991248
3.018138,1.0002863
3.019527,0.9997053
3.020916,0.9992060
3.022305,0.9996228
3.023694,1.0004145
3.025083,1.0011208
3.026472,0.9997604
3.027861,1.0001520
3.029250,1.0007059
3.030639,0.9993807
3.032028,1.0002786
3.033416,0.9992333
3.034805,1.0000199
3.036194,0.9997748
3.037583,0.9998750
3.038972,0.9991674
3.040361,1.0004057
3.041750,1.0003293
3.043139,1.0003048
3.044528,0.9991116
3.045917,0.9993003
3.047306,1.0001164
3.048695,0.9993225
3.050084,0.9999088
3.051472,1.0001553
3.052861,1.0000460
3.054250,1.0001143
3.055639,0.9998965
3.057028,1.0008305
3.058417,0.9994005
3.059806,1.0000602
3.061195,0.9995438
3.062584,1.0002308
3.063973,0.9995773
3.065362,0.9990712
3.066751,0.9999717
3.068140,0.9991916
3.069528,0.9996990
3.070917,0.9992571
3.072306,1.0002219
3.073695,1.0004538
3.075084,0.9995391
3.076473,0.9992324
3.077862,1.0003896
3.079251,0.9996195
3.080640,1.0010916
3.082029,1.0000408
3.083418,0.9996343
3.084807,0.9997891
3.086196,0.9997636
3.087585,0.9993125
3.088973,1.0003283
3.090362,1.0002010
3.091751,1.0002577
3.093140,1.0001207
3.094529,0.9991719
3.095918,1.0002523
3.097307,0.9998728
3.098696,0.9999673
3.100085,0.9996870
3.101474,0.9984712
3.102863,0.9985210
3.104252,1.0000781
3.105641,0.9997034
3.107029,0.9995252
3.108418,1.0000916
3.109807,0.9993192
3.111196,1.0002276
3.112585,0.9994796
3.113974,1.0005712
3.115363,0.9993040
3.116752,1.0002350
3.118141,1.0003118
3.119530,0.9998609
3.120919,0.9999044
3.122308,0.9998585
3.123697,1.0000065
3.125085,0.9998952
3.126474,0.9992459
3.127863,0.9987075
3.129252,0.9979724
3.130641,0.9965476
3.132030,0.9959436
3.133419,0.9958514
3.134808,0.9950076
3.136197,0.9958288
3.137586,0.9962242
3.138975,0.9967159
3.140364,0.9973661
3.141753,0.9981979
3.143141,0.9978048
3.144530,1.0000000
3.145919,0.9991695
3.147308,0.9980150
3.148697,0.9987642
3.150086,0.9968898
3.151475,0.9985613
3.152864,0.9964780
3.154253,0.9968536
3.155642,0.9965635
3.157031,0.9964127
3.158420,0.9962476
3.159809,0.9967345
3.161197,0.9960631
3.162586,0.9963512
3.163975,0.9961995
3.165364,0.9958195
3.166753,0.9942533
3.168142,0.9943847
3.169531,0.9947773
3.170920,0.9949256
3.172309,0.9947186
3.173698,0.9943147
3.175087,0.9941037
3.176476,0.9938941
3.177865,0.9939306
3.179253,0.9932199
3.180642,0.9930130
3.182031,0.9933769
3.183420,0.9928188
3.184809,0.9930604
3.186198,0.9934338
3.187587,0.9922875
3.188976,0.9923423
3.190365,0.9922564
3.191754,0.9922857
3.193143,0.9923367
3.194532,0.9920540
3.195921,0.9917509
3.197309,0.9928567
3.200087,0.9917831
3.201476,0.9924382
3.202865,0.9921282
3.204254,0.9917105
3.205643,0.9923620
3.207032,0.9921850
3.208421,0.9937076
3.209810,0.9949607
3.211199,0.9954486
3.212588,0.9965058
3.213977,0.9983017
3.215366,0.9988386
3.216754,0.9998190
3.218143,0.9991520
3.219532,0.9983457
3.220921,0.9998938
3.222310,1.0003554
3.223699,1.0001447
3.225088,0.9994968
3.226477,0.9993760
3.227866,0.9988027
3.229255,0.9995247
3.230644,0.9989515
3.232033,0.9995779
3.233422,0.9997457
3.234810,0.9990144
3.236199,1.0004649
3.237588,0.9994350
3.238977,0.9996600
3.240366,0.9994742
3.241755,0.9997349
3.243144,0.9998591
3.244533,0.9995465
3.245922,1.0003992
3.247311,1.0000576
3.248700,0.9984013
3.250089,0.9995716
3.251478,0.9996758
3.252866,0.9993917
3.254255,0.9997866
3.255644,0.9999598
3.257033,0.9989303
3.258422,1.0002032
3.259811,1.0006214
3.261200,0.9992725
3.262589,0.9993322
3.263978,0.9991918
3.265367,1.0004431
3.266756,0.9998620
3.268145,0.9997818
3.269534,0.9992095
3.270922,0.9993248
3.272311,0.9998216
3.273700,0.9992778
3.275089,1.0000405
3.276478,0.9992984
3.277867,0.9996196
3.279256,0.9996158
3.280645,0.9996572
3.282034,1.0003145
3.283423,1.0000604
3.284812,1.0007878
3.286201,0.9987359
3.287590,0.9995237
3.288978,0.9991668
3.290367,0.9986754
3.291756,1.0000577
3.293145,0.9992687
3.294534,0.9989229
3.295923,1.0001447
3.297312,0.9994177
3.298701,0.9993267
3.300090,1.0013199
3.301479,0.9995618
3.302868,0.9995065
3.304257,0.9999280
3.305646,0.9994199
3.307034,0.9994557
3.308423,0.9994847
3.309812,0.9995159
3.311201,1.0000884
3.312590,0.9999652
3.313979,1.0009404
3.315368,1.0001958
3.316757,1.0001322
3.318146,0.9997117
3.319535,0.9991740
3.320924,1.0004593
3.322313,1.0001214
3.323702,1.0004126
3.325090,0.9990650
3.326479,0.9997732
3.327868,1.0000479
3.329257,0.9993745
3.330646,1.0010515
3.332035,1.0006953
3.333424,0.9997695
3.334813,1.0009944
3.336202,0.9998161
3.337591,1.0007841
3.338980,1.0004463
3.340369,0.9998747
3.341758,0.9993013
3.343146,1.0008897
3.344535,0.9994941
3.345924,0.9988592
3.347313,1.0000236
3.348702,0.9999289
3.350091,1.0003797
3.351480,1.0001888
3.352869,1.0010917
3.354258,1.0010399
3.355647,1.0005441
3.357036,1.0001332
3.358425,1.0000328
3.359814,1.0009345
3.361202,1.0000070
3.362591,1.0003328
3.363980,0.9995579
3.365369,0.9998364
3.366758,1.0000204
3.368147,0.9999664
3.369536,0.9996609
3.370925,1.0001595
3.372314,1.0002673
3.373703,0.9991214
3.375092,0.9999300
3.376481,1.0014679
3.377870,1.0007163
3.379258,1.0007322
3.380647,1.0010945
3.382036,1.0004094
3.383425,0.9991103
3.384814,1.0001551
3.386203,1.0000622
3.387592,0.9997635
3.388981,1.0009083
3.390370,0.9999987
3.391759,1.0013593
3.393148,1.0007391
3.394537,1.0003885
3.395926,0.9994993
3.397314,1.0010322
3.398703,1.0002278
3.400092,1.0009907
3.401481,1.0010259
3.402870,1.0000199
3.404259,1.0002713
3.405648,1.0001783
3.407037,1.0010496
3.408426,0.9995910
3.409815,1.0011029
3.411204,1.0003808
3.412593,1.0001717
3.413982,1.0003367
3.415371,1.0006385
3.416759,0.9993289
3.418148,1.0000833
3.419537,1.0001335
3.420926,1.0005091
3.422315,1.0006257
3.423704,1.0007571
3.425093,0.9993869
3.426482,1.0003624
3.427871,1.0004282
3.429260,0.9999258
3.430649,1.0000867
3.432038,0.9993697
3.433427,0.9999873
3.434815,0.9997568
3.436204,0.9995618
3.437593,1.0010148
3.438982,0.9997127
3.440371,0.9993744
3.441760,1.0007452
3.443149,1.0003465
3.444538,1.0003453
3.445927,1.0001270
3.447316,1.0005695
3.448705,0.9996952
3.450094,1.0002707
3.451483,1.0005407
3.452871,1.0003314
3.457038,1.0000179
3.458427,0.9997099
3.459816,1.0001156
3.461205,0.9991702
3.462594,1.0005335
3.463983,1.0005167
3.465372,1.0008673
3.466761,1.0000435
3.468150,0.9998948
3.469539,1.0004534
3.470927,1.0000373
3.472316,0.9988781
3.473705,1.0003136
3.475094,1.0000116
3.476483,1.0004489
3.477872,0.9990470
3.479261,0.9996440
3.480650,0.9998696
3.482039,1.0001374
3.483428,1.0002491
3.484817,1.0007835
3.486206,1.0000065
3.487595,1.0002268
3.488983,1.0012181
3.490372,1.0006223
3.491761,1.0005711
3.493150,1.0004086
3.494539,1.0011334
3.495928,0.9998566
3.497317,0.9997032
3.498706,1.0007712
3.500095,1.0009826
3.501484,1.0003161
3.502873,1.0008029
3.504262,0.9997838
3.505651,1.0001011
3.507039,0.9995788
3.508428,0.9998769
3.509817,0.9998334
3.511206,0.9999968
3.512595,0.9996919
3.513984,0.9994461
3.515373,1.0005870
3.516762,0.9996205
3.518151,1.0011703
3.519540,1.0004262
3.520929,1.0016076
3.522318,1.0003520
3.523707,0.9995439
3.525095,0.9995854
3.526484,1.0002186
3.527873,0.9995981
3.529262,1.0009842
3.530651,0.9999944
3.532040,1.0000657
3.533429,0.9999347
3.534818,1.0005509
3.536207,0.9994666
3.537596,1.0001907
3.538985,1.0002020
3.540374,1.0004189
3.541763,0.9991222
3.543151,0.9991009
3.544540,1.0002870
3.545929,1.0002684
3.547318,1.0000457
3.548707,1.0004392
3.550096,1.0004173
3.551485,1.0003910
3.552874,0.9998776
3.554263,1.0006343
3.555652,1.0000818
3.557041,0.9995591
3.558430,1.0002872
3.559819,1.0000100
3.561207,0.9996719
3.562596,0.9994614
3.563985,0.9998179
3.565374,1.0007655
3.566763,1.0001018
3.568152,0.9996394
3.569541,1.0005289
3.570930,1.0006954
3.573708,1.0001573
3.575097,0.9999375
3.576486,0.9997043
3.577875,1.0004314
3.579263,1.0003725
3.580652,1.0000357
3.582041,1.0004432
3.583430,0.9994024
3.584819,1.0001416
3.586208,1.0005199
3.587597,1.0005399
3.588986,0.9997799
3.590375,0.9996286
3.591764,0.9995405
3.593153,0.9994353
3.594542,1.0005183
3.595931,0.9998530
3.597319,0.9997386
3.598708,1.0001905
3.600097,1.0000554
3.601486,1.0001534
3.602875,1.0001156
3.604264,0.9988647
3.605653,0.9999019
3.607042,0.9990629
3.608431,0.9990660
3.609820,0.9995564
3.611209,1.0000611
3.612598,1.0000950
3.613987,1.0000644
3.615375,0.9999254
3.616764,0.9993266
3.618153,1.0005709
3.619542,0.9999321
3.620931,0.9996654
3.622320,0.9997664
3.623709,1.0002866
3.625098,0.9989749
3.626487,0.9992643
3.627876,0.9998432
3.629265,0.9990658
3.630654,1.0009334
3.632043,0.9998880
3.633431,0.9998491
3.634820,0.9985071
3.636209,0.9994401
3.637598,0.9997044
3.638987,0.9999880
3.640376,0.9989203
3.641765,0.9985820
3.643154,0.9986931
3.644543,0.9991640
3.645932,0.9996108
3.647321,0.9992168
3.648710,0.9988899
3.650099,1.0003592
3.651487,0.9998768
3.652876,1.0002920
3.654265,0.9989750
3.655654,0.9988421
3.657043,0.9996428
3.658432,0.9998000
3.659821,0.9995205
3.661210,0.9998545
3.662599,0.9998133
3.663988,0.9991176
3.665377,1.0004711
3.666766,1.0000509
3.668155,0.9994757
3.669543,0.9994678
3.670932,1.0001341
3.672321,0.9997368
3.673710,0.9988618
3.675099,0.9992372
3.676488,0.9988673
3.677877,1.0001331
3.679266,1.0002059
3.680655,0.9993342
3.682044,0.9999397
3.683433,1.0000481
3.684822,0.9999916
3.686211,1.0000970
3.687599,1.0008836
3.688988,0.9998076
3.690377,1.0003682
3.691766,1.0005522
3.693155,1.0009639
3.694544,0.9998176
3.695933,1.0001651
3.697322,1.0001791
3.698711,0.9993203
3.700100,1.0004129
3.701489,1.0007848
3.702878,0.9994433
3.704267,1.0000747
3.705655,0.9998645
3.707044,0.9997594
3.708433,0.9994811
3.709822,1.0005238
3.711211,0.9995497
3.712600,0.9988394
3.713989,0.9995881
3.715378,1.0001920
3.716767,1.0005273
3.718156,0.9996278
3.719545,1.0003146
3.720934,0.9999373
3.722323,0.9994723
3.723711,1.0000348
3.725100,1.0003418
3.726489,1.0010809
3.727878,0.9997121
3.729267,0.9999904
3.730656,1.0003822
3.732045,0.9999500
3.733434,0.9991552
3.734823,1.0006923
3.736212,1.0005782
3.737601,1.0001887
3.738990,1.0000364
3.740379,1.0001804
3.741767,1.0007680
3.743156,1.0001055
3.744545,0.9998698
3.745934,0.9997951
3.747323,0.9992373
3.748712,1.0015638
3.750101,1.0004724
3.751490,0.9994765
3.752879,0.9995746
3.754268,1.0006438
3.755657,1.0005831
3.757046,1.0003745
3.758435,0.9994150
3.759823,0.9999353
3.761212,0.9990385
3.762601,1.0000957
3.763990,1.0001513
3.765379,0.9993311
3.766768,0.9996628
3.768157,0.9985291
3.769546,1.0004660
3.770935,1.0002631
3.772324,0.9996520
3.773713,0.9994117
3.775102,1.0005551
3.776491,0.9991686
3.777879,0.9998776
3.779268,0.9996309
3.780657,0.9999199
3.782046,1.0001999
3.783435,1.0008776
3.784824,1.0010818
3.786213,0.9995869
3.787602,1.0005016
3.788991,1.0004923
3.790380,1.0007684
3.791769,1.0006644
3.793158,1.0004060
3.794547,1.0002804
3.795935,1.0004724
3.797324,0.9994260
3.798713,0.9990927
3.800102,0.9998976
3.801491,1.0014469
3.802880,1.0001700
3.804269,0.9994965
3.805658,1.0000013
3.807047,1.0006603
3.808436,1.0008488
3.809825,1.0002855
3.811214,0.9998813
3.812603,0.9995817
3.813991,1.0005524
3.815380,1.0003602
3.816769,1.0000334
3.818158,1.0004064
3.819547,1.0003592
3.820936,1.0000150
3.822325,0.9998693
3.823714,1.0005005
3.825103,1.0002883
3.826492,1.0004670
3.827881,1.0005416
3.829270,0.9992458
3.830659,0.9996834
3.832047,1.0003268
3.833436,0.9998038
3.834825,1.0004780
3.836214,1.0005590
3.837603,0.9997022
3.838992,0.9996143
3.840381,1.0003961
3.841770,1.0003202
3.844548,1.0001773
3.845937,1.0006260
3.847326,1.0001340
3.848715,0.9995465
3.850103,1.0010702
3.851492,1.0007334
3.852881,1.0001049
3.854270,1.0000321
3.855659,1.0001928
3.857048,1.0006204
3.858437,1.0001456
3.859826,0.9999511
3.861215,1.0016337
3.862604,1.0004755
3.863993,1.0008438
3.865382,1.0003584
3.868159,0.9999076
3.869548,1.0004234
3.870937,1.0001629
3.872326,1.0003128
3.873715,1.0000166
3.875104,1.0005447
3.876493,1.0004066
3.877882,1.0004025
3.879271,1.0004505
3.880660,1.0002578
3.882049,0.9996533
3.883438,0.9994335
3.884827,1.0006527
3.886215,0.9996894
3.887604,1.0004318
3.888993,0.9994932
3.890382,0.9994571
3.891771,1.0002566
3.894549,1.0003955
3.895938,1.0013438
3.900105,0.9994682
3.901494,1.0009382
3.902883,0.9997808
3.904271,1.0007515
3.905660,1.0009724
3.907049,1.0008139
3.908438,1.0003209
3.909827,1.0006077
3.911216,1.0001890
3.912605,1.0000145
3.913994,1.0006575
3.915383,1.0004781
3.918161,0.9999474
3.919550,0.9995832
3.920938,1.0001525
3.922327,1.0001546
3.923716,1.0001437
3.925105,1.0002532
3.926494,0.9999658
3.927883,0.9995403
3.929272,0.9992763
3.930661,0.9999404
3.932050,1.0009753
3.933439,0.9997240
3.934828,0.9995476
3.936217,0.9999511
3.937606,0.9991178
3.938994,0.9988127
3.940383,1.0001236
3.941772,0.9999000
3.943161,0.9998604
3.944550,0.9997875
3.945939,1.0003947
3.947328,1.0010249
3.948717,0.9998623
3.950106,1.0000711
3.951495,1.0003382
3.952884,0.9994297
3.954273,0.9995021
3.955662,1.0007808
3.957050,1.0000016
3.958439,1.0010666
3.959828,1.0005358
3.961217,0.9994692
3.962606,0.9997883
3.963995,1.0002427
3.965384,1.0013378
3.966773,1.0005183
3.968162,0.9998548
3.969551,0.9999940
3.970940,0.9996777
3.972329,0.9994083
3.973718,0.9994907
3.975106,0.9994310
3.976495,0.9984751
3.977884,1.0006384
3.979273,1.0000783
3.980662,1.0003465
3.982051,1.0001554
3.983440,0.9992708
3.984829,1.0000118
3.986218,0.9991374
3.987607,0.9998412
3.988996,0.9992519
3.990385,0.9997534
3.991774,1.0003231
3.993162,1.0002526
3.994551,0.9999809
3.995940,0.9997444
3.997329,0.9995995
3.998718,0.9995631
4.000107,0.9991787
4.001496,1.0000688
4.002885,0.9998649
4.004274,0.9996965
4.005663,1.0000077
4.007052,0.9992408
4.008441,0.9999436
4.009830,0.9998471
4.011218,1.0010387
4.012607,1.0002567
4.013996,0.9994983
4.015385,0.9993881
4.016774,0.9983708
4.018163,1.0000131
4.019552,0.9996318
4.020941,0.9993569
4.022330,0.9997301
4.023719,1.0000373
4.025108,1.0003000
4.026497,0.9992003
4.027886,0.9992759
4.029274,0.9998957
4.030663,0.9996821
4.032052,1.0001563
4.033441,0.9994918
4.034830,0.9994382
4.036219,1.0003644
4.037608,0.9991498
4.038997,0.9998275
4.040386,0.9998587
4.041775,1.0002050
4.043164,1.0001609
4.044553,0.9994971
4.045942,1.0000617
4.047330,0.9991801
4.048719,0.9989555
4.050108,0.9993667
4.051497,0.9996545
4.052886,0.9997579
4.054275,0.9993246
4.055664,0.9996910
4.057053,0.9994872
4.058442,0.9989457
4.059831,0.9993331
4.061220,1.0000350
4.062609,0.9993890
4.063998,0.9992795
4.065386,0.9997543
4.066775,0.9991699
4.068164,0.9988652
4.069553,0.9984973
4.070942,0.9960800
4.072331,0.9934657
4.073720,0.9931461
4.075109,0.9917350
4.076498,0.9914189
4.077887,0.9912163
4.079276,0.9905552
4.080665,0.9911305
4.082054,0.9910399
4.083442,0.9898202
4.084831,0.9895765
4.086220,0.9898244
4.087609,0.9893352
4.088998,0.9891513
4.090387,0.9892112
4.091776,0.9898626
4.093165,0.9894674
4.094554,0.9880433
4.095943,0.9882585
4.097332,0.9892217
4.098721,0.9888248
4.100109,0.9898038
4.101498,0.9887209
4.102887,0.9898257
4.104276,0.9896639
4.105665,0.9888668
4.107054,0.9887192
4.108443,0.9883097
4.109832,0.9896361
4.111221,0.9877569
4.112610,0.9890073
4.113999,0.9891222
4.115388,0.9889967
4.116777,0.9899919
4.118165,0.9895664
4.119554,0.9879328
4.120943,0.9893299
4.122332,0.9885772
4.123721,0.9890194
4.125110,0.9893049
4.126499,0.9907428
4.127888,0.9884526
4.129277,0.9905390
4.130666,0.9896855
4.132055,0.9903246
4.133444,0.9893550
4.134833,0.9893734
4.136221,0.9898878
4.137610,0.9900419
4.138999,0.9896977
4.140388,0.9908928
4.141777,0.9897578
4.143166,0.9896764
4.144555,0.9906662
4.145944,0.9912190
4.147333,0.9908851
4.148722,0.9920024
4.150111,0.9933945
4.151500,0.9955865
4.152889,0.9962048
4.154277,0.9971258
4.155666,0.9978200
4.157055,1.0002201
4.158444,0.9988370
4.159833,0.9997815
4.161222,0.9998111
4.162611,0.9994556
4.164000,1.0005737
4.165389,0.9997236
4.166778,0.9993644
4.168167,0.9999680
4.169556,1.0004695
4.170945,1.0005188
4.172333,1.0000011
4.173722,0.9992768
4.175111,0.9988207
4.176500,0.9998729
4.177889,1.0006658
4.179278,0.9998510
4.180667,1.0003936
4.182056,0.9993845
4.183445,0.9995824
4.184834,0.9998970
4.186223,0.9993518
4.187612,1.0004722
4.189001,1.0006852
4.190389,0.9995065
4.191778,0.9994003
4.193167,0.9998125
4.194556,0.9997452
4.195945,0.9997075
4.197334,1.0013478
4.198723,0.9993193
4.200112,0.9992343
4.201501,1.0002373
4.202890,0.9999933
4.204279,1.0002763
4.205668,0.9996049
4.207057,0.9999236
4.208445,0.9999941
4.209834,0.9995159
4.211223,1.0000848
4.212612,0.9995893
4.214001,1.0010203
4.215390,0.9998579
4.216779,1.0003127
4.218168,1.0000587
4.219557,1.0005238
4.220946,1.0000078
4.222335,1.0006861
4.223724,0.9999400
4.225113,0.9996176
4.226501,0.9991767
4.227890,1.0009828
4.229279,0.9996447
4.230668,0.9994551
4.232057,0.9995817
4.233446,1.0001134
4.234835,1.0001217
4.236224,1.0002903
4.237613,0.9993766
4.239002,1.0006962
4.240391,0.9997495
4.241780,1.0003061
4.243168,0.9998562
4.244557,0.9994935
4.245946,1.0003151
4.247335,0.9998746
4.248724,1.0004216
4.250113,1.0008348
4.251502,0.9993909
4.252891,1.0000441
4.254280,0.9995862
4.255669,0.9995919
4.257058,1.0005394
4.258447,0.9997279
4.259836,1.0005988
4.261224,1.0000947
4.262613,0.9997688
4.264002,1.0001794
4.265391,1.0009046
4.266780,1.0005525
4.268169,1.0007511
4.269558,0.9998624
4.270947,1.0001565
4.272336,1.0013653
4.273725,1.0004734
4.275114,1.0005791
4.276503,0.9997624
4.277892,1.0015322
4.279280,0.9995431
4.280669,1.0007983
4.282058,0.9996585
4.283447,1.0004320
4.284836,0.9999152
4.286225,1.0005044
4.287614,1.0002154
4.289003,0.9999989
4.290392,1.0006142
4.291781,1.0002250
4.293170,0.9990717
4.294559,1.0000360
4.295948,1.0006409
4.297336,1.0004945
4.298725,1.0005319
4.300114,0.9995936
4.301503,1.0004570
4.302892,1.0006464
4.304281,1.0008987
4.305670,0.9998548
4.307059,1.0007000
4.308448,1.0004745
4.309837,0.9999414
4.311226,1.0009900
4.312615,1.0003324
4.314004,1.0006130
4.315392,0.9999423
4.316781,1.0008884
4.318170,1.0018764
4.319559,0.9990720
4.320948,0.9999503
4.322337,1.0007419
4.323726,1.0004114
4.325115,1.0006676
4.326504,1.0007581
4.327893,1.0010386
4.329282,1.0003656
4.330671,0.9997999
4.332060,1.0006817
4.333448,0.9993778
4.334837,1.0005189
4.336226,1.0011126
4.337615,0.9992399
4.339004,1.0009312
4.340393,0.9999793
4.341782,1.0001348
4.343171,1.0002112
4.344560,1.0005072
4.345949,0.9995124
4.347338,1.0003859
4.348727,1.0009221
4.350115,1.0001779
4.351504,1.0003886
4.352893,1.0006534
4.354282,0.9992146
4.355671,0.9996751
4.357060,1.0010636
4.358449,1.0011123
4.359838,0.9999207
4.361227,0.9999963
4.362616,1.0008293
4.364005,0.9996459
4.365394,1.0004119
4.366783,1.0002926
4.368171,1.0015176
4.369560,1.0002659
4.370949,1.0011683
4.372338,1.0008647
4.373727,1.0007795
4.375116,0.9999056
4.376505,1.0004962
4.377894,1.0009060
4.379283,1.0000792
4.380672,1.0004619
4.382061,1.0011438
4.383450,0.9987832
4.384839,0.9994458
4.386227,1.0009792
4.387616,1.0007277
4.389005,1.0007359
4.390394,1.0000829
4.391783,1.0005534
4.393172,1.0004359
4.394561,1.0007358
4.395950,1.0000909
4.397339,1.0005063
4.398728,1.0002679
4.400117,1.0007324
4.401506,1.0007057
4.402895,1.0001649
4.404283,1.0002215
4.405672,1.0008626
4.407061,1.0005406
4.408450,1.0010619
4.409839,1.0014157
4.411228,1.0001058
4.412617,1.0012020
4.414006,1.0007655
4.415395,0.9997147
4.416784,1.0003533
4.418173,1.0007712
4.419562,1.0000365
4.420951,0.9999036
4.422339,1.0012576
4.423728,0.9998044
4.425117,1.0003075
4.426506,0.9999616
4.427895,1.0003189
4.429284,1.0008125
4.430673,1.0006765
4.432062,1.0006798
4.433451,1.0005937
4.434840,1.0002926
4.436229,1.0000049
4.437618,1.0004026
4.439006,1.0008572
4.440395,1.0006572
4.441784,0.9993742
4.443173,1.0001830
4.444562,1.0001192
4.445951,1.0007616
4.447340,1.0000646
4.448729,1.0003117
4.450118,1.0003680
4.451507,1.0006350
4.452896,1.0002872
4.454285,1.0005692
4.455674,1.0002208
4.457062,1.0002141
4.458451,1.0006063
4.459840,1.0002764
4.461229,1.0004329
4.462618,1.0009805
4.464007,1.0007835
4.465396,1.0003368
4.466785,1.0009738
4.468174,0.9997958
4.469563,1.0000541
4.470952,0.9999009
4.472341,1.0012328
4.473730,0.9994534
4.475118,0.9999991
4.476507,0.9998013
4.477896,1.0004700
4.479285,1.0006592
4.480674,1.0003646
4.482063,1.0004263
4.483452,0.9998565
4.484841,1.0000120
4.486230,0.9996442
4.487619,1.0003860
4.489008,1.0004535
4.490397,0.9993880
4.491786,1.0001141
4.493174,1.0003015
4.494563,1.0006307
4.495952,1.0004540
4.497341,0.9997373
4.498730,1.0003267
4.500119,1.0009580
4.501508,1.0007291
4.502897,1.0009260
4.504286,1.0000335
4.505675,1.0005373
4.507064,0.9996217
4.508453,1.0005683
4.509842,0.9999143
4.511230,0.9998785
4.512619,1.0002582
4.514008,1.0011211
4.515397,1.0002430
4.516786,0.9998616
4.518175,0.9999194
4.519564,1.0006892
4.520953,1.0007227
4.522342,1.0004894
4.523731,0.9994617
4.525120,1.0000825
4.526509,1.0008972
4.527897,0.9997863
4.529286,0.9999326
4.530675,0.9996476
4.532064,1.0002746
4.533453,1.0012109
4.534842,1.0002405
4.536231,1.0004057
4.537620,0.9992947
4.539009,1.0003481
4.540398,0.9996889
4.541787,0.9998305
4.543176,1.0000750
4.544565,0.9996889
4.545953,1.0001775
4.547342,0.9998828
4.548731,0.9992006
4.550120,0.9992673
4.551509,0.9991956
4.552898,1.0001677
4.554287,0.9997618
4.555676,0.9996195
4.557065,0.9989129
4.558454,1.0003484
4.559843,0.9994483
4.561232,1.0003584
4.562621,1.0001318
4.565398,0.9991618
4.566787,1.0001656
4.568176,0.9995039
4.569565,0.9999024
4.570954,1.0010645
4.572343,0.9997739
4.573732,0.9998136
4.576510,0.9995182
4.577899,0.9998072
4.579288,0.9992140
4.580677,0.9996975
4.582065,0.9991241
4.583454,0.9997137
4.584843,1.0003393
4.586232,0.9988102
4.587621,0.9990554
4.589010,1.0002217
4.590399,1.0002788
4.591788,0.9992914
4.593177,0.9991834
4.594566,1.0001360
4.595955,1.0000375
4.597344,1.0000731
4.598732,1.0004201
4.600121,0.9997161
4.601510,1.0004430
4.602899,0.9998300
4.604288,0.9992876
4.605677,0.9991867
4.607066,1.0001963
4.608455,0.9996221
4.609844,0.9994685
4.611233,0.9989434
4.614011,0.9994979
4.615400,0.9995156
4.616788,0.9988798
4.618177,0.9996142
4.619566,0.9997863
4.620955,0.9995516
4.622344,1.0003907
4.623733,1.0000724
4.625122,0.9998125
4.626511,1.0001062
4.627900,0.9999566
4.629289,0.9996551
4.630678,0.9999931
4.632067,0.9998642
4.633456,0.9992363
4.634844,0.9996773
4.637622,1.0000936
4.639011,0.9999026
4.640400,0.9997275
4.641789,1.0001829
4.643178,0.9994814
4.644567,1.0000915
4.645956,0.9994433
4.647345,1.0000137
4.648734,1.0006100
4.650123,1.0002668
4.652900,0.9995400
4.654289,1.0002777
4.655678,1.0002427
4.657067,1.0011521
4.658456,0.9998350
4.659845,0.9996562
4.661234,0.9998219
4.662623,0.9998529
4.664012,0.9995836
4.665401,1.0005607
4.666790,1.0005320
4.668179,0.9989840
4.669567,1.0008045
4.670956,0.9991105
4.672345,0.9997627
4.673734,0.9999576
4.675123,1.0003135
4.676512,0.9999093
4.677901,0.9999733
4.679290,1.0007427
4.680679,0.9999845
4.682068,0.9999535
4.684846,0.9997581
4.686235,0.9986103
4.687623,0.9999577
4.689012,1.0008288
4.690401,0.9995269
4.691790,0.9998794
4.695957,1.0002336
4.697346,0.9996026
4.698735,0.9989503
4.700124,0.9999773
4.701513,1.0015949
4.702902,1.0002424
4.704291,1.0001848
4.705679,0.9996012
4.707068,1.0008563
4.708457,0.9999829
4.709846,1.0005774
4.711235,0.9998257
4.712624,0.9990252
4.714013,0.9998745
4.718180,0.9997551
4.719569,0.9999520
4.722347,0.9997908
4.723735,1.0002552
4.725124,1.0004567
4.726513,0.9994144
4.727902,1.0007631
4.729291,1.0006284
4.730680,0.9999894
4.732069,1.0006865
4.733458,0.9998266
4.734847,1.0010800
4.736236,0.9997212
4.737625,1.0003921
4.739014,1.0003078
4.740402,0.9994426
4.741791,0.9999503
4.743180,0.9997126
4.744569,0.9994606
4.745958,1.0001233
4.747347,0.9999827
4.748736,0.9999468
4.750125,0.9995173
4.751514,0.9998460
4.754292,1.0000391
4.755681,0.9995858
4.757070,1.0004355
4.758458,0.9989522
4.759847,0.9998793
4.761236,1.0002897
4.762625,1.0000712
4.764014,1.0000182
4.765403,1.0004946
4.766792,0.9998336
4.768181,1.0001161
4.769570,1.0007408
4.770959,0.9999415
4.772348,0.9985340
4.773737,1.0007080
4.775126,0.9997635
4.776514,1.0005753
4.779292,1.0005283
4.780681,0.9994111
4.782070,0.9997362
4.783459,1.0003932
4.784848,0.9998170
4.786237,0.9999944
4.787626,1.0007653
4.789015,1.0008957
4.790404,1.0001577
4.791793,1.0001207
4.793181,0.9998778
4.794570,1.0000000
4.795959,1.0004248
4.797348,0.9997948
4.798737,0.9996535
4.800126,1.0010330
4.801515,1.0005564
4.802904,0.9995191
4.804293,0.9993783
4.805682,1.0009123
4.807071,0.9994510
4.808460,1.0000714
4.809849,1.0011588
4.811237,0.9997730
4.812626,1.0003708
4.814015,1.0002854
4.815404,0.9999344
4.816793,0.9999553
4.818182,1.0007160
4.819571,0.9997300
4.820960,1.0000563
4.822349,0.9997137
4.823738,0.9995404
4.825127,0.9998047
4.826516,1.0002799
4.827905,0.9999314
4.829293,1.0012714
4.830682,1.0000187
4.832071,0.9994087
4.833460,1.0004549
4.834849,0.9991984
4.836238,0.9994236
4.837627,0.9992714
4.839016,0.9995080
4.840405,1.0004157
4.841794,1.0005375
4.843183,0.9998727
4.844572,1.0000757
4.845960,1.0005048
4.847349,1.0013036
4.848738,1.0004850
4.850127,0.9996095
4.851516,1.0003898
4.852905,0.9997540
4.854294,0.9997324
4.855683,1.0000857
4.857072,0.9997155
4.858461,1.0003808
4.859850,1.0004650
4.861239,0.9995521
4.862628,0.9993090
4.864016,0.9998934
4.865405,1.0005622
4.866794,0.9995662
4.868183,1.0005593
4.869572,0.9999908
4.870961,1.0006793
4.872350,1.0001753
4.873739,0.9992456
4.875128,0.9993066
4.876517,1.0012610
4.877906,1.0006487
4.879295,0.9995354
4.880684,0.9998645
4.882072,0.9995861
4.883461,1.0010917
4.884850,0.9998709
4.886239,0.9995451
4.887628,1.0000803
4.889017,1.0005172
4.890406,0.9985417
4.891795,0.9995049
4.893184,0.9999366
4.894573,0.9997589
4.895962,0.9990090
4.897351,0.9993058
4.898740,0.9999622
4.900128,0.9991774
4.901517,0.9987743
4.902906,0.9991743
4.904295,0.9994359
4.905684,0.9992772
4.907073,0.9999251
4.908462,1.0001821
4.909851,0.9995828
4.911240,0.9990715
4.912629,0.9990266
4.914018,0.9993120
4.915407,0.9993194
4.916795,1.0007315
4.918184,1.0002590
4.919573,0.9999282
4.920962,1.0006730
4.922351,1.0000020
4.923740,0.9995976
4.925129,0.9991574
4.926518,0.9997171
4.927907,1.0009395
4.929296,0.9990479
4.930685,1.0003577
4.932074,0.9993844
4.933463,0.9987684
4.934851,0.9993981
4.936240,0.9999143
4.937629,0.9991865
4.939018,0.9995969
4.940407,0.9989392
4.943185,1.0001369
4.944574,1.0005625
4.945963,1.0006604
4.947352,0.9999692
4.948741,0.9998289
4.950130,0.9992709
4.951519,1.0002906
4.952907,0.9988575
4.954296,0.9993664
4.955685,1.0006382
4.957074,1.0003872
4.958463,1.0002498
4.959852,0.9997430
4.961241,0.9995570
4.962630,0.9995282
4.964019,0.9994318
4.965408,1.0000115
4.966797,0.9997144
4.968186,0.9991095
4.969574,0.9996450
4.970963,0.9985076
4.972352,1.0002252
4.973741,1.0006244
4.975130,0.9999774
4.976519,1.0004542
4.977908,0.9988857
4.979297,1.0001430
4.980686,0.9999609
4.982075,0.9991270
4.983464,0.9996452
4.984853,0.9999613
4.986242,1.0003909
4.987630,0.9993712
4.989019,1.0001640
4.990408,0.9997781
4.991797,0.9995100
4.993186,0.9997374
4.994575,0.9995919
4.995964,0.9998727
4.997353,0.9995911
4.998742,0.9989648
5.000131,0.9997094
5.001520,0.9982957
5.002909,0.9998395
5.004298,0.9993512
5.005686,0.9994076
5.007075,0.9997776
5.008464,0.9989400
5.009853,0.9986704
5.011242,0.9984123
5.012631,0.9968491
5.014020,0.9949039
5.015409,0.9928811
5.016798,0.9923750
5.018187,0.9909729
5.019576,0.9901402
5.030687,0.9895294
5.032076,0.9896880
5.033465,0.9899420
5.034854,0.9887784
5.036243,0.9886438
5.037632,0.9890007
5.039021,0.9889352
5.040409,0.9891835
5.041798,0.9889988
5.043187,0.9887885
5.044576,0.9880027
5.045965,0.9890729
5.047354,0.9889658
5.048743,0.9889857
5.050132,0.9888920
5.051521,0.9897712
5.052910,0.9890878
5.054299,0.9885815
5.055688,0.9882732
5.057076,0.9890044
5.058465,0.9891298
5.059854,0.9884274
5.061243,0.9890986
5.062632,0.9876077
5.064021,0.9900932
5.065410,0.9889372
5.066799,0.9889656
5.068188,0.9889069
5.069577,0.9886376
5.070966,0.9889925
5.072355,0.9897395
5.073744,0.9885018
5.075132,0.9900573
5.076521,0.9897583
5.077910,0.9896720
5.079299,0.9895162
5.080688,0.9897290
5.082077,0.9893198
5.083466,0.9906629
5.084855,0.9905944
5.086244,0.9902656
5.087633,0.9913372
5.089022,0.9901393
5.090411,0.9915066
5.091800,0.9937069
5.093188,0.9944879
5.094577,0.9964981
5.095966,0.9988659
5.097355,0.9980376
5.098744,0.9996836
5.100133,0.9984621
5.101522,1.0000238
5.102911,0.9999027
5.104300,0.9992493
5.105689,1.0005659
5.107078,0.9992415
5.108467,0.9993796
5.109855,1.0006047
5.111244,0.9995234
5.112633,1.0004497
5.114022,0.9987240
5.115411,1.0003380
5.116800,0.9999822
5.118189,1.0001290
5.119578,0.9989355
5.120967,1.0001160
5.122356,0.9987237
5.123745,0.9986056
5.125134,0.9997612
5.126523,0.9997005
5.127911,0.9993839
5.129300,0.9990769
5.130689,1.0000947
5.132078,0.9999018
5.133467,0.9996045
5.134856,1.0000788
5.136245,0.9999714
5.137634,0.9993084
5.139023,0.9997148
5.140412,0.9998965
5.141801,0.9992436
5.143190,1.0006336
5.144579,0.9999526
5.145967,0.9993282
5.147356,0.9995574
5.148745,1.0010800
5.150134,1.0000667
5.151523,0.9995965
5.152912,0.9996780
5.154301,1.0000111
5.155690,1.0000289
5.157079,1.0002688
5.158468,0.9998852
5.159857,1.0001550
5.161246,0.9998367
5.162634,0.9998770
5.164023,1.0003774
5.165412,0.9999710
5.166801,1.0009732
5.168190,1.0005133
5.169579,0.9997290
5.170968,0.9999589
5.172357,1.0002719
5.173746,0.9997259
5.175135,1.0010226
5.176524,0.9991675
5.177913,0.9992694
5.179302,1.0003888
5.180690,0.9997770
5.182079,1.0006235
5.183468,1.0002300
5.184857,0.9988146
5.186246,0.9995856
5.187635,1.0001806
5.189024,0.9993425
5.190413,1.0001835
5.191802,0.9993676
5.193191,1.0007819
5.194580,0.9988561
5.195969,1.0000224
5.197357,1.0005826
5.198746,1.0001212
5.200135,1.0004263
5.201524,1.0001468
5.202913,1.0001143
5.204302,0.9997833
5.205691,1.0001866
5.207080,1.0005724
5.208469,1.0011474
5.211247,0.9994908
5.212636,1.0007265
5.214025,0.9992218
5.215413,1.0003258
5.216802,1.0002458
5.218191,0.9996407
5.219580,0.9999374
5.220969,1.0001467
5.222358,1.0009155
5.223747,0.9991848
5.225136,1.0005808
5.226525,1.0007115
5.227914,1.0001152
5.229303,1.0006182
5.230692,1.0005713
5.232081,1.0002226
5.233469,1.0008910
5.234858,0.9994102
5.236247,1.0001515
5.237636,0.9994193
5.239025,1.0002335
5.240414,0.9999444
5.241803,1.0004510
5.243192,0.9993960
5.244581,1.0001451
5.245970,1.0000438
5.247359,1.0004187
5.248748,0.9997207
5.250136,1.0000492
5.251525,0.9998583
5.252914,1.0013173
5.254303,1.0008454
5.255692,1.0004215
5.257081,1.0003780
5.258470,1.0002791
5.259859,1.0005869
5.261248,1.0005263
5.262637,1.0005736
5.264026,1.0005373
5.265415,0.9996784
5.266804,0.9998017
5.268192,1.0006721
5.269581,1.0008991
5.270970,1.0005643
5.272359,1.0011049
5.273748,0.9997658
5.275137,1.0002540
5.276526,1.0005435
5.277915,1.0006527
5.279304,0.9999254
5.280693,1.0014921
5.282082,1.0005442
5.283471,1.0002244
5.284859,1.0000721
5.286248,1.0011993
5.287637,0.9995270
5.289026,0.9998301
5.290415,0.9999495
5.291804,1.0008271
5.293193,1.0000644
5.294582,0.9997602
5.295971,0.9996130
5.297360,1.0007153
5.298749,0.9993745
5.300138,1.0005876
5.301527,0.9999678
5.302915,1.0003870
5.304304,1.0000300
5.305693,1.0001687
5.307082,1.0011593
5.308471,1.0003210
5.309860,1.0001366
5.311249,1.0008831
5.312638,1.0006264
5.314027,1.0011197
5.315416,1.0003890
5.316805,1.0008748
5.318194,0.9999685
5.319583,1.0004723
5.320971,1.0007896
5.322360,1.0009468
5.323749,1.0003477
5.325138,1.0007933
5.326527,1.0007760
5.327916,1.0001445
5.329305,0.9999257
5.330694,1.0001830
5.332083,1.0004412
5.333472,0.9996077
5.334861,1.0002398
5.336250,1.0014891
5.337638,1.0007030
5.339027,0.9989963
5.340416,1.0005664
5.341805,1.0004551
5.343194,1.0005657
5.344583,1.0007684
5.345972,1.0002765
5.347361,1.0004450
5.348750,1.0009075
5.350139,1.0007598
5.351528,0.9994387
5.352917,1.0000172
5.354306,0.9996610
5.355694,1.0008382
5.357083,1.0013689
5.358472,0.9991812
5.359861,0.9999473
5.361250,1.0001012
5.362639,1.0007965
5.364028,1.0004355
5.365417,1.0007865
5.366806,1.0003458
5.368195,1.0001269
5.369584,0.9999873
5.370973,1.0006731
5.372361,0.9998301
5.373750,1.0000546
5.375139,0.9994262
5.376528,0.9998945
5.377917,1.0001539
5.379306,1.0003796
5.380695,1.0000842
5.382084,0.9997931
5.383473,1.0002204
5.384862,0.9999281
5.386251,1.0001504
5.387640,1.0003713
5.389029,1.0007800
5.390417,1.0004592
5.391806,1.0000460
5.393195,1.0008467
5.394584,1.0006224
5.395973,1.0001480
5.397362,0.9993513
5.398751,0.9997988
5.400140,1.0010414
5.401529,1.0008090
5.402918,0.9997363
5.404307,0.9992080
5.405696,1.0004528
5.407084,0.9992142
5.408473,1.0011810
5.409862,1.0003293
5.411251,1.0001336
5.412640,1.0005797
5.414029,0.9999456
5.415418,0.9999523
5.416807,0.9997947
5.418196,1.0006790
5.419585,1.0003710
5.420974,0.9998068
5.422363,0.9993310
5.423752,1.0011711
5.425140,0.9996213
5.426529,1.0001258
5.427918,1.0003872
5.429307,1.0002087
5.430696,1.0003728
5.432085,1.0006731
5.433474,0.9995104
5.434863,0.9998123
5.436252,1.0004803
5.437641,0.9997934
5.439030,0.9989927
5.440419,1.0004862
5.441807,0.9997438
5.443196,1.0007022
5.444585,1.0000606
5.445974,1.0001486
5.447363,1.0009059
5.448752,1.0011363
5.450141,0.9999522
5.451530,0.9995517
5.452919,1.0003955
5.454308,0.9999565
5.455697,1.0002135
5.457086,0.9996957
5.458475,0.9999790
5.459863,0.9999926
5.461252,1.0008380
5.462641,1.0001417
5.464030,1.0011965
5.465419,1.0004085
5.466808,0.9996150
5.468197,0.9988082
5.469586,0.9995524
5.470975,1.0001954
5.472364,0.9999930
5.473753,1.0006035
5.475142,1.0004247
5.476531,1.0001968
5.477919,1.0002919
5.479308,0.9997303
5.480697,0.9996506
5.482086,0.9994726
5.483475,0.9998777
5.484864,0.9995672
5.486253,1.0000164
5.487642,0.9996220
5.489031,0.9996480
5.490420,0.9999834
5.491809,0.9990702
5.493198,0.9993959
5.494586,1.0000625
5.495975,1.0002963
5.497364,1.0003493
5.498753,1.0001413
5.500142,0.9994275
5.501531,0.9997484
5.502920,0.9994467
5.504309,0.9995748
5.505698,0.9996519
5.507087,1.0000050
5.508476,0.9989517
5.509865,0.9995809
5.511254,0.9990909
5.512642,1.0007557
5.514031,0.9999898
5.515420,1.0002475
5.516809,0.9994374
5.518198,1.0002832
5.519587,0.9998403
5.520976,1.0003564
5.522365,0.9992928
5.523754,0.9997421
5.525143,0.9997886
5.526532,0.9992315
5.527921,0.9999863
5.529309,0.9997208
5.530698,0.9983763
5.532087,0.9990183
5.533476,0.9994723
5.536254,0.9992144
5.537643,0.9995609
5.539032,0.9992707
5.540421,0.9995256
5.541810,0.9999040
5.543199,0.9994997
5.544588,0.9998974
5.545977,0.9995762
5.547365,0.9999303
5.548754,0.9999040
5.550143,1.0001555
5.551532,0.9998888
5.552921,0.9991397
5.554310,0.9994914
5.555699,0.9989977
5.557088,0.9996251
5.558477,0.9995099
5.559866,1.0003412
5.561255,0.9993078
5.562644,0.9991023
5.564032,1.0001867
5.565421,1.0006333
5.566810,0.9999902
5.568199,0.9996175
5.569588,0.9994975
5.570977,0.9999239
5.572366,1.0001561
5.573755,1.0007147
5.575144,1.0010703
5.576533,0.9995693
5.577922,1.0000173
5.579311,0.9995124
5.580700,0.9989742
5.582088,1.0014864
5.583477,0.9986275
5.584866,0.9999827
5.586255,1.0009799
5.587644,1.0004066
5.589033,1.0005100
5.590422,1.0000742
5.591811,1.0000272
5.593200,0.9994718
5.594589,1.0014049
5.595978,1.0008049
5.597367,1.0003847
5.598755,1.0007283
5.600144,0.9991980
5.601533,1.0004749
5.602922,1.0002526
5.604311,1.0000244
5.605700,0.9991934
5.607089,0.9997157
5.608478,0.9996549
5.609867,0.9999269
5.611256,1.0000456
5.612645,1.0001345
5.614034,1.0001220
5.615423,1.0008277
5.616811,0.9998396
5.618200,0.9992128
5.619589,1.0004923
5.620978,0.9993904
5.622367,1.0002713
5.623756,0.9996807
5.625145,1.0000656
5.626534,1.0006887
5.627923,0.9998358
5.629312,0.9990382
5.630701,1.0000764
5.632090,1.0000634
5.633478,0.9996060
5.634867,0.9997147
5.636256,0.9999752
5.637645,1.0008099
5.639034,0.9999701
5.640423,1.0003996
5.641812,0.9994185
5.643201,1.0000494
5.644590,1.0000229
5.645979,1.0006610
5.647368,0.9990915
5.648757,1.0000357
5.650146,0.9991639
5.651534,0.9995626
5.652923,1.0008048
5.654312,1.0001493
5.655701,0.9993427
5.657090,1.0005587
5.658479,1.0000276
5.659868,0.9999281
5.661257,0.9997156
5.662646,0.9996728
5.664035,0.9997957
5.665424,1.0002201
5.666813,0.9996220
5.668201,0.9999484
5.669590,1.0002543
5.670979,0.9996705
5.672368,0.9998163
5.673757,0.9995369
5.675146,0.9997677
5.676535,0.9997586
5.677924,1.0000256
5.679313,0.9993667
5.680702,1.0001864
5.682091,1.0005698
5.683480,0.9996824
5.684869,0.9999610
5.686257,0.9994446
5.687646,0.9999044
5.689035,1.0007182
5.690424,0.9997271
5.691813,1.0004539
5.693202,0.9992142
5.694591,0.9992370
5.695980,1.0004504
5.697369,1.0000064
5.698758,1.0002538
5.700147,1.0009627
5.701536,0.9996424
5.702924,1.0010427
5.704313,1.0004757
5.705702,0.9999891
5.707091,0.9997146
5.708480,1.0009637
5.709869,0.9999993
5.711258,0.9999310
5.712647,1.0002375
5.714036,0.9998128
5.715425,1.0007171
5.716814,0.9981678
5.718203,0.9996216
5.719592,1.0001736
5.720980,0.9995403
5.722369,1.0005211
5.723758,0.9996896
5.725147,1.0004806
5.726536,1.0010260
5.727925,1.0000855
5.729314,1.0004711
5.730703,1.0003791
5.732092,1.0001071
5.733481,1.0001939
5.734870,0.9999154
5.736259,0.9995207
5.737647,0.9997291
5.739036,1.0003201
5.740425,0.9998929
5.741814,1.0004052
5.743203,0.9997352
5.744592,0.9993697
5.745981,0.9994307
5.747370,1.0003023
5.748759,1.0007916
5.750148,0.9995782
5.751537,1.0006162
5.752926,1.0012908
5.754315,1.0002008
5.755703,0.9994054
5.757092,0.9994724
5.758481,0.9994510
5.759870,1.0006356
5.761259,0.9992227
5.762648,0.9997567
5.764037,1.0003364
5.765426,1.0003416
5.766815,0.9995892
5.768204,1.0001722
5.769593,1.0003804
5.770982,1.0005695
5.772370,1.0008189
5.773759,1.0000345
5.775148,1.0001397
5.776537,1.0001673
5.777926,1.0001258
5.779315,0.9995914
5.780704,0.9994869
5.782093,1.0003960
5.783482,0.9998166
5.784871,1.0003847
5.786260,0.9998709
5.787649,0.9999716
5.789038,0.9993844
5.790426,1.0003208
5.791815,1.0004632
5.793204,1.0005489
5.794593,1.0005978
5.795982,1.0005311
5.797371,0.9998748
5.798760,0.9997878
5.800149,1.0000674
5.801538,0.9994622
5.802927,1.0004522
5.804316,1.0005848
5.805705,1.0005491
5.807093,0.9997918
5.808482,0.9998722
5.809871,0.9996310
5.811260,0.9991899
5.812649,0.9996912
5.814038,0.9999028
5.815427,0.9990535
5.816816,0.9991258
5.818205,1.0003591
5.819594,1.0006775
5.820983,1.0004848
5.822372,1.0001390
5.823761,1.0000200
5.825149,0.9994203
5.826538,1.0004806
5.827927,0.9994324
5.829316,0.9994256
5.830705,0.9995979
5.832094,0.9999368
5.833483,0.9994440
5.834872,0.9989955
5.836261,0.9997399
5.837650,0.9994383
5.839039,1.0007228
5.840428,0.9993821
5.841816,1.0000060
5.843205,1.0002064
5.844594,0.9991537
5.845983,1.0000000
5.847372,1.0005860
5.848761,1.0001485
5.850150,1.0003654
5.851539,0.9995960
5.852928,1.0004912
5.854317,1.0006344
5.855706,1.0010392
5.857095,0.9996636
5.858483,0.9997791
5.859872,0.9993926
5.861261,0.9997517
5.862650,0.9991707
5.864039,0.9993199
5.865428,0.9999057
5.866817,0.9997276
5.868206,1.0001740
5.869595,0.9993340
5.870984,1.0000564
5.872373,0.9994883
5.873762,0.9987868
5.875151,0.9992830
5.876539,1.0005530
5.877928,0.9997042
5.879317,0.9991837
5.880706,1.0006009
5.882095,0.9991648
5.883484,0.9996826
5.884873,1.0003474
5.886262,0.9992438
5.887651,1.0000832
5.889040,0.9992415
5.890429,1.0005265
5.891818,0.9990737
5.893206,1.0002334
5.894595,0.9994632
5.895984,0.9992861
5.897373,1.0001431
5.898762,0.9997950
5.900151,1.0002113
5.901540,0.9998466
5.902929,0.9993612
5.904318,0.9990390
5.905707,0.9992763
5.907096,0.9994037
5.908485,0.9985804
5.909874,1.0003201
5.911262,0.9996032
5.912651,0.9996389
5.914040,1.0005784
5.915429,0.9999907
5.916818,0.9991535
5.918207,0.9994781
5.919596,0.9991019
5.920985,1.0009789
5.922374,1.0007857
5.923763,0.9989428
5.925152,0.9996283
5.926541,0.9991682
5.927929,0.9998453
5.929318,1.0000488
5.930707,1.0002512
5.932096,0.9987418
5.933485,0.9991230
5.934874,1.0001556
5.936263,1.0001722
5.937652,1.0008640
5.939041,0.9994145
5.940430,0.9993832
5.941819,0.9988462
5.943208,0.9993881
5.944597,0.9989051
5.945985,0.9992382
5.947374,0.9990467
5.948763,0.9991360
5.950152,0.9995950
5.951541,0.9985083
5.952930,0.9979128
5.954319,0.9953427
5.955708,0.9949126
5.957097,0.9934313
5.958486,0.9916841
5.959875,0.9918020
5.961264,0.9908152
5.962652,0.9906202
5.964041,0.9908253
5.965430,0.9900202
5.966819,0.9904176
5.968208,0.9910138
5.969597,0.9900344
5.970986,0.9895954
5.972375,0.9891018
5.973764,0.9894792
5.975153,0.9899493
5.976542,0.9895023
5.977931,0.9890674
5.979319,0.9901341
5.980708,0.9893024
5.982097,0.9889331
5.983486,0.9891008
5.984875,0.9888641
5.986264,0.9887078
5.987653,0.9899135
5.989042,0.9888517
5.990431,0.9895795
5.991820,0.9896596
5.993209,0.9888157
5.994598,0.9886140
5.995987,0.9895772
5.997375,0.9884335
5.998764,0.9888434
6.000153,0.9888064
6.001542,0.9901597
6.002931,0.9888927
6.004320,0.9878087
6.005709,0.9903185
6.007098,0.9889160
6.008487,0.9885129
6.009876,0.9889376
6.011265,0.9885874
6.012654,0.9897555
6.014042,0.9900363
6.015431,0.9890206
6.016820,0.9894577
6.018209,0.9908037
6.019598,0.9891762
6.020987,0.9904882
6.022376,0.9903948
6.023765,0.9899278
6.025154,0.9904317
6.026543,0.9912142
6.027932,0.9906214
6.029321,0.9907257
6.030710,0.9907796
6.032098,0.9926365
6.033487,0.9933713
6.034876,0.9954289
6.036265,0.9969095
6.037654,0.9977419
6.039043,0.9994577
6.040432,0.9995895
6.041821,0.9999697
6.043210,0.9998960
6.044599,0.9999703
6.045988,1.0000831
6.047377,1.0006604
6.048765,0.9985730
6.050154,1.0004211
6.051543,0.9995520
6.052932,1.0004332
6.054321,0.9994771
6.055710,1.0000016
6.057099,0.9997449
6.058488,0.9996359
6.059877,1.0002586
6.061266,0.9992981
6.062655,0.9991743
6.064044,0.9995790
6.065433,0.9999885
6.066821,1.0002438
6.068210,0.9994446
6.069599,0.9997591
6.070988,0.9998982
6.072377,0.9991781
6.073766,1.0000200
6.075155,1.0006500
6.076544,1.0000618
6.077933,1.0002154
6.079322,0.9988642
6.080711,1.0002569
6.082100,1.0002921
6.083488,1.0004482
6.084877,1.0008194
6.086266,0.9994689
6.087655,1.0000101
6.089044,0.9991496
6.090433,1.0000916
6.091822,0.9992758
6.093211,1.0005675
6.094600,0.9988238
6.095989,0.9998075
6.097378,0.9996398
6.098767,1.0000746
6.100155,0.9999697
6.101544,1.0004127
6.102933,1.0007589
6.104322,1.0001400
6.105711,1.0000019
6.107100,0.9999216
6.108489,1.0000898
6.109878,1.0000771
6.111267,1.0005805
6.112656,1.0005044
6.114045,0.9995059
6.115434,0.9992200
6.116823,0.9997372
6.118211,0.9999529
6.119600,1.0003486
6.120989,0.9998783
6.122378,1.0002152
6.123767,1.0000320
6.125156,1.0007281
6.126545,1.0004617
6.127934,0.9995242
6.129323,0.9996613
6.130712,0.9998173
6.132101,0.9998729
6.133490,0.9997287
6.134878,1.0008334
6.136267,0.9995985
6.137656,0.9998283
6.139045,1.0003515
6.140434,0.9994151
6.141823,1.0008544
6.143212,0.9994979
6.144601,1.0001585
6.145990,0.9992436
6.147379,1.0001009
6.148768,1.0002400
6.150157,1.0006912
6.151546,0.9999860
6.152934,0.9991393
6.154323,1.0001752
6.155712,1.0010333
6.157101,1.0000920
6.158490,0.9996308
6.159879,1.0001278
6.161268,1.0012395
6.162657,0.9997567
6.164046,1.0002791
6.165435,1.0006410
6.166824,0.9998852
6.168213,1.0006025
6.169601,0.9997541
6.170990,0.9995154
6.172379,1.0000724
6.173768,1.0000897
6.175157,1.0005167
6.176546,1.0005924
6.177935,1.0011949
6.179324,1.0004316
6.180713,1.0004739
6.182102,1.0014687
6.183491,1.0004290
6.184880,1.0009039
6.186268,1.0007961
6.187657,1.0003481
6.189046,1.0009989
6.190435,1.0008024
6.191824,0.9993897
6.193213,0.9999485
6.194602,1.0001029
6.195991,1.0006368
6.197380,0.9996629
6.198769,1.0005572
6.200158,1.0006557
6.201547,1.0004743
6.202936,1.0003022
6.204324,0.9999796
6.207102,1.0009311
6.208491,1.0001626
6.209880,0.9999701
6.211269,1.0000786
6.212658,0.9990609
6.214047,0.9998677
6.215436,1.0003077
6.216825,1.0006244
6.218214,0.9996327
6.219603,0.9998296
6.220991,1.0002728
6.222380,0.9994014
6.223769,0.9999923
6.225158,1.0002387
6.226547,1.0002334
6.227936,1.0007627
6.229325,1.0008940
6.230714,1.0010534
6.232103,0.9995890
6.233492,1.0015375
6.234881,1.0008517
6.236270,1.0009821
6.237658,1.0007705
6.239047,0.9999953
6.240436,1.0006155
6.241825,1.0001822
6.243214,1.0011080
6.244603,1.0000276
6.245992,0.9995275
6.247381,1.0003134
6.248770,1.0000060
6.250159,1.0003110
6.251548,0.9998834
6.252937,1.0007100
6.254326,1.0000000
6.255714,1.0001250
6.257103,1.0008062
6.258492,0.9998789
6.259881,1.0002191
6.261270,0.9994623
6.262659,0.9988636
6.264048,1.0006762
6.266826,1.0004120
6.268215,1.0010711
6.269604,1.0007648
6.270993,1.0002498
6.272381,0.9992042
6.273770,0.9998395
6.275159,1.0000993
6.276548,1.0001624
6.277937,1.0008078
6.279326,1.0004932
6.280715,1.0005192
6.282104,1.0006419
6.283493,0.9996464
6.284882,1.0002098
6.286271,0.9995189
6.287660,1.0001311
6.289048,1.0009310
6.290437,0.9999652
6.291826,0.9993318
6.293215,0.9993655
6.294604,1.0005287
6.295993,1.0002469
6.297382,0.9997207
6.298771,1.0000248
6.300160,0.9989678
6.302938,1.0003213
6.304327,0.9997661
6.305716,1.0008175
6.307104,0.9997639
6.308493,1.0006204
6.309882,1.0002959
6.311271,1.0006554
6.312660,1.0011035
6.314049,0.9992165
6.315438,0.9999434
6.316827,1.0002798
6.318216,0.9998219
6.319605,0.9993385
6.320994,0.9993429
6.322383,1.0005807
6.323771,1.0002221
6.325160,1.0000155
6.326549,0.9996472
6.327938,1.0001405
6.329327,0.9995468
6.330716,1.0000911
6.332105,1.0003537
6.333494,1.0003307
6.334883,0.9997613
6.336272,0.9995378
6.337661,1.0007531
6.339050,1.0009666
6.340438,0.9996052
6.341827,1.0001155
6.343216,0.9994775
6.344605,1.0006058
6.345994,0.9998948
6.347383,1.0004444
6.348772,0.9997268
6.350161,1.0002267
6.351550,0.9991722
6.352939,1.0009392
6.354328,0.9994494
6.355717,1.0004725
6.357106,1.0010898
6.358494,1.0007162
6.359883,1.0000462
6.361272,1.0002533
6.362661,0.9998351
6.364050,0.9995816
6.365439,1.0010155
6.366828,0.9992637
6.368217,0.9995374
6.369606,0.9994050
6.370995,0.9996183
6.372384,1.0002521
6.373773,1.0001496
6.375161,0.9996248
6.376550,0.9994361
6.377939,1.0002016
6.379328,0.9998471
6.380717,0.9999614
6.382106,0.9995810
6.383495,1.0002694
6.384884,1.0010688
6.386273,1.0008788
6.387662,1.0001899
6.389051,0.9988975
6.390440,0.9994825
6.391828,0.9999872
6.393217,0.9999361
6.394606,0.9998742
6.395995,0.9993253
6.397384,1.0001409
6.398773,0.9998645
6.400162,0.9998055
6.401551,0.9996385
6.402940,1.0001881
6.404329,0.9994964
6.405718,1.0004950
6.407107,0.9994484
6.408496,1.0000272
6.409884,1.0005510
6.411273,1.0001022
6.412662,1.0007315
6.414051,0.9999639
6.415440,1.0003280
6.416829,0.9999953
6.418218,0.9997004
6.419607,0.9996518
6.420996,1.0004787
6.422385,1.0011858
6.423774,1.0013434
6.425163,1.0001082
6.426551,1.0002349
6.427940,0.9991545
6.429329,0.9998079
6.430718,0.9998712
6.432107,1.0000415
6.433496,0.9994084
6.434885,0.9995987
6.436274,0.9995102
6.437663,0.9996804
6.439052,1.0003683
6.440441,0.9997133
6.441830,0.9998359
6.443218,0.9997829
6.444607,0.9992525
6.445996,0.9995286
6.447385,0.9990136
6.448774,0.9998766
6.450163,0.9998719
6.451552,0.9993509
6.452941,0.9987608
6.454330,1.0000434
6.455719,0.9988420
6.457108,0.9992194
6.458497,0.9993596
6.459886,1.0005539
6.461274,1.0008804
6.462663,0.9995720
6.464052,0.9994895
6.465441,0.9996645
6.466830,1.0002493
6.468219,0.9995308
6.469608,0.9987156
6.470997,0.9997401
6.472386,1.0000524
6.473775,0.9991184
6.475164,1.0005762
6.476553,0.9981861
6.477941,0.9993023
6.479330,0.9996442
6.480719,1.0000037
6.482108,0.9996187
6.483497,0.9999968
6.484886,1.0005733
6.486275,0.9996308
6.487664,0.9989287
6.489053,0.9998414
6.490442,1.0011410
6.491831,1.0004577
6.493220,1.0001327
6.494608,1.0001004
6.495997,1.0005202
6.497386,0.9993316
6.498775,0.9982580
6.500164,1.0002550
6.501553,0.9997317
6.502942,0.9991176
6.504331,0.9997015
6.505720,0.9989704
6.507109,0.9997598
6.508498,0.9998664
6.509887,0.9996925
6.511276,1.0001719
6.512664,1.0002953
6.514053,1.0007900
6.515442,0.9992430
6.516831,1.0006215
6.518220,1.0001761
6.519609,1.0009017
6.520998,1.0006998
6.522387,1.0005902
6.523776,0.9998751
6.525165,0.9998513
6.526554,0.9995167
6.527943,1.0005889
6.529331,1.0002708
6.530720,1.0010882
6.532109,1.0004599
6.533498,0.9992884
6.534887,1.0004799
6.536276,1.0005961
6.537665,1.0003179
6.539054,1.0000330
6.540443,1.0011803
6.541832,1.0004334
6.543221,0.9996416
6.544610,0.9995390
6.545998,1.0011223
6.547387,0.9994872
6.548776,1.0009614
6.550165,0.9998353
6.551554,1.0004905
6.552943,1.0003503
6.554332,1.0004411
6.555721,0.9995431
6.557110,0.9998325
6.558499,1.0001404
6.559888,1.0001202
6.561277,1.0006283
6.562666,0.9998798
6.564054,0.9993841
6.565443,0.9998839
6.566832,1.0000251
6.568221,1.0004945
6.569610,1.0006635
6.570999,1.0003630
6.572388,0.9996073
6.573777,1.0004581
6.575166,0.9994044
6.576555,0.9997516
6.577944,1.0006162
6.579333,0.9996900
6.580721,1.0007210
6.582110,0.9994297
6.583499,0.9986598
6.584888,0.9995037
6.586277,0.9995221
6.587666,1.0008586
6.589055,1.0000599
6.590444,1.0007257
6.591833,1.0004778
6.593222,1.0001349
6.594611,1.0000481
6.596000,1.0007390
6.597388,1.0004834
6.598777,0.9994233
6.600166,1.0001220
6.601555,0.9999471
6.602944,1.0006540
6.604333,1.0006197
6.605722,1.0002433
6.607111,1.0001440
6.608500,1.0000540
6.609889,0.9995272
6.611278,1.0006758
6.612667,1.0000740
6.614055,1.0006621
6.615444,0.9999411
6.616833,1.0004636
6.618222,0.9996245
6.619611,1.0001423
6.621000,1.0002312
6.622389,0.9999784
6.623778,0.9998138
6.625167,1.0003906
6.626556,0.9998253
6.627945,1.0000964
6.629334,0.9993563
6.630723,1.0006677
6.632111,1.0003129
6.633500,1.0000745
6.634889,1.0006097
6.636278,1.0003080
6.637667,1.0008859
6.639056,1.0001571
6.640445,1.0008774
6.641834,0.9989514
6.643223,1.0004033
6.644612,0.9999050
6.646001,1.0007623
6.647390,0.9998659
6.648778,0.9993938
6.650167,1.0004866
6.651556,1.0002533
6.652945,0.9989571
6.654334,1.0001502
6.655723,1.0001718
6.657112,0.9999685
6.658501,0.9999715
6.659890,0.9999161
6.661279,1.0003235
6.662668,0.9992624
6.664057,0.9999377
6.665445,1.0003094
6.666834,1.0000896
6.668223,0.9992979
6.669612,1.0000104
6.671001,1.0008773
6.672390,1.0011377
6.673779,1.0007382
6.675168,1.0007131
6.676557,0.9995782
6.679335,1.0002631
6.680724,1.0007097
6.682112,1.0004665
6.683501,0.9985416
6.684890,1.0002462
6.686279,1.0002614
6.687668,0.9999005
6.689057,0.9988073
6.690446,1.0001445
6.691835,0.9993958
6.693224,1.0006941
6.694613,1.0000101
6.696002,0.9996663
6.697391,1.0002080
6.698780,1.0006619
6.700168,0.9998830
6.701557,0.9995672
6.702946,1.0003434
6.704335,0.9990791
6.705724,1.0002826
6.707113,0.9997480
6.708502,1.0005990
6.709891,1.0003665
6.711280,1.0006963
6.712669,1.0000686
6.714058,1.0001358
6.715447,0.9999587
6.716835,0.9997513
6.718224,1.0000432
6.719613,0.9999236
6.721002,1.0001755
6.722391,1.0001496
6.723780,0.9989379
6.725169,0.9997521
6.726558,1.0006556
6.727947,1.0006670
6.729336,1.0003227
6.730725,1.0000582
6.732114,1.0001972
6.733502,1.0004838
6.734891,1.0001247
6.736280,0.9997503
6.737669,0.9999790
6.739058,0.9997748
6.740447,1.0000182
6.741836,1.0004279
6.743225,0.9993046
6.744614,1.0003761
6.746003,0.9997092
6.747392,1.0001384
6.748781,0.9990333
6.750169,1.0002934
6.751558,0.9999608
6.752947,1.0002454
6.754336,1.0009163
6.755725,0.9997137
6.757114,1.0003098
6.758503,1.0000388
6.759892,0.9990969
6.761281,0.9999526
6.762670,0.9997981
6.764059,0.9995269
6.765448,0.9996355
6.766837,0.9999466
6.768225,0.9999438
6.769614,1.0004208
6.771003,0.9995794
6.772392,0.9989637
6.773781,0.9993118
6.775170,1.0000981
6.776559,0.9986305
6.777948,1.0002980
6.779337,0.9993682
6.780726,0.9996271
6.782115,0.9999611
6.783504,0.9999910
6.784892,0.9996982
6.786281,0.9991295
6.787670,0.9989395
6.789059,0.9998150
6.790448,1.0000381
6.791837,1.0002211
6.793226,0.9998774
6.794615,0.9991819
6.796004,0.9997608
6.797393,1.0004049
6.798782,0.9993058
6.800171,1.0000690
6.801559,0.9998503
6.802948,0.9986182
6.804337,1.0000073
6.805726,1.0010853
6.807115,0.9996098
6.808504,0.9986679
6.809893,0.9993297
6.811282,0.9998434
6.812671,1.0013511
6.814060,0.9998439
6.815449,0.9998329
6.816838,1.0003488
6.818226,0.9998708
6.819615,0.9986746
6.821004,0.9986036
6.822393,0.9996093
6.823782,0.9997929
6.825171,0.9993293
6.826560,0.9999160
6.827949,0.9984177
6.829338,1.0002149
6.830727,0.9993517
6.832116,0.9988720
6.833505,0.9996605
6.834894,0.9998695
6.836282,0.9991938
6.837671,0.9999894
6.839060,1.0001523
6.840449,0.9990777
6.841838,0.9996268
6.843227,0.9995556
6.844616,0.9995256
6.846005,1.0004765
6.847394,0.9993140
6.848783,0.9988240
6.850172,0.9999099
6.851561,0.9989215
6.852949,0.9989228
6.854338,1.0000654
6.855727,0.9984923
6.857116,0.9987619
6.858505,0.9993760
6.859894,0.9988128
6.861283,0.9995041
6.862672,0.9988444
6.864061,0.9999119
6.865450,0.9993729
6.866839,0.9996701
6.868228,1.0000278
6.869616,0.9993844
6.871005,0.9989428
6.872394,0.9991582
6.873783,0.9998544
6.875172,1.0008639
6.876561,0.9989582
6.877950,0.9999330
6.879339,0.9997551
6.880728,1.0003167
6.882117,0.9999796
6.883506,0.9984507
6.884895,0.9997881
6.886283,0.9993421
6.887672,0.9992074
6.889061,1.0002346
6.890450,0.9989047
6.891839,0.9989563
6.893228,0.9984895
6.894617,0.9963420
6.896006,0.9953577
6.897395,0.9946519
6.898784,0.9918075
6.900173,0.9914260
6.901562,0.9916333
6.902951,0.9904146
6.904339,0.9896623
6.905728,0.9901586
6.907117,0.9899318
6.908506,0.9904787
6.909895,0.9896454
6.912673,0.9902517
6.914062,0.9901629
6.915451,0.9888213
6.916840,0.9894965
6.918229,0.9891176
6.919618,0.9888742
6.921006,0.9886887
6.922395,0.9893835
6.923784,0.9886276
6.925173,0.9886507
6.926562,0.9886399
6.927951,0.9894614
6.929340,0.9880404
6.930729,0.9880551
6.932118,0.9887056
6.933507,0.9887475
6.934896,0.9885768
6.936285,0.9887947
6.937673,0.9895061
6.939062,0.9895776
6.940451,0.9895493
6.941840,0.9892323
6.943229,0.9886005
6.944618,0.9890280
6.946007,0.9890867
6.947396,0.9885442
6.948785,0.9885170
6.950174,0.9888078
6.951563,0.9899985
6.952952,0.9891092
6.954340,0.9894625
6.955729,0.9898417
6.957118,0.9898198
6.958507,0.9901380
6.959896,0.9899832
6.961285,0.9896699
6.962674,0.9894630
6.964063,0.9907714
6.965452,0.9888745
6.968230,0.9895108
6.969619,0.9907092
6.971007,0.9907203
6.972396,0.9906624
6.973785,0.9930068
6.975174,0.9936528
6.976563,0.9958161
6.977952,0.9956142
6.979341,0.9973922
6.980730,0.9990668
6.982119,0.9997357
6.983508,0.9997007
6.984897,1.0004510
6.986286,0.9986725
6.987675,0.9994040
6.989063,1.0000038
6.990452,0.9996453
6.991841,0.9995277
6.993230,1.0010527
6.996008,0.9985523
6.998786,1.0004871
7.000175,0.9996726
7.001564,1.0006008
7.002953,0.9988942
7.004342,0.9998583
7.005730,0.9998218
7.007119,0.9990959
7.008508,0.9997929
7.009897,0.9988239
7.011286,0.9996513
7.012675,1.0004794
7.014064,1.0002311
7.015453,0.9995961
7.016842,0.9996374
7.018231,1.0003016
7.019620,0.9998868
7.021009,1.0001410
7.022397,1.0002150
7.023786,0.9994065
7.025175,1.0001747
7.026564,0.9994753
7.027953,1.0008082
7.029342,0.9996079
7.030731,0.9993810
7.032120,1.0006504
7.033509,0.9990914
7.034898,0.9990702
7.040453,1.0001668
7.043231,0.9996966
7.044620,1.0004752
7.046009,0.9998879
7.047398,0.9999962
7.048787,1.0000553
7.050176,0.9992212
7.051565,1.0003118
7.052954,0.9991759
7.057120,0.9994708
7.058509,1.0001614
7.059898,0.9997762
7.061287,0.9985119
7.065454,0.9992173
7.068232,0.9997191
7.069621,1.0002128
7.071010,1.0001576
7.072399,0.9995533
7.073787,1.0006464
7.075176,0.9996566
7.077954,1.0005161
7.079343,0.9995739
7.080732,0.9992578
7.082121,0.9999911
7.083510,1.0006759
7.084899,0.9998216
7.086288,0.9998230
7.087677,1.0006096
7.089066,0.9998251
7.090454,0.9990234
7.091843,1.0008808
7.093232,0.9996038
7.096010,0.9999939
7.097399,1.0007600
7.098788,1.0003769
7.100177,1.0009692
7.101566,0.9997639
7.102955,1.0008231
7.104344,1.0006118
7.105733,1.0000499
7.107121,1.0002800
7.108510,1.0001232
7.109899,0.9996775
7.111288,1.0000397
7.112677,1.0001079
7.114066,0.9996883
7.115455,1.0006604
7.116844,0.9994830
7.118233,1.0006974
7.119622,0.9996000
7.121011,1.0000047
7.122400,1.0008605
7.123788,1.0011852
7.125177,0.9990619
7.126566,1.0002297
7.127955,0.9996117
7.129344,1.0001588
7.130733,1.0000433
7.132122,1.0004532
7.133511,1.0004969
7.134900,1.0005647
7.136289,0.9995622
7.137678,1.0010844
7.139067,0.9998710
7.140455,1.0013053
7.141844,0.9999003
7.143233,1.0006552
7.144622,0.9999853
7.146011,0.9994518
7.147400,1.0007650
7.148789,1.0002488
7.150178,1.0003460
7.151567,1.0016003
7.152956,0.9998474
7.154345,1.0005036
7.155734,0.9995113
7.157122,1.0010609
7.158511,0.9995712
7.159900,1.0007760
7.161289,0.9999869
7.162678,1.0002902
7.164067,1.0000795
7.165456,1.0009600
7.166845,0.9998266
7.168234,1.0008347
7.169623,0.9993706
7.171012,1.0010962
7.172401,1.0005833
7.173790,1.0001173
7.175178,1.0005773
7.176567,0.9987182
7.177956,1.0001998
7.179345,0.9994607
7.180734,0.9995405
7.182123,0.9992942
7.183512,1.0004322
7.184901,0.9996070
7.186290,1.0008283
7.187679,1.0007330
7.189068,1.0002699
7.190457,1.0005005
7.191845,1.0009011
7.193234,0.9995583
7.194623,1.0013553
7.196012,1.0012629
7.197401,0.9997328
7.198790,1.0006800
7.200179,0.9998818
7.201568,1.0004159
7.202957,0.9994598
7.204346,1.0001798
7.205735,1.0005514
7.207124,1.0012123
7.208512,1.0007779
7.209901,1.0012488
7.211290,0.9998270
7.212679,1.0006881
7.214068,1.0009533
7.215457,1.0003597
7.216846,1.0000101
7.218235,1.0009625
7.219624,1.0002122
7.221013,1.0005037
7.222402,1.0006888
7.223791,1.0001036
7.225179,1.0000647
7.226568,0.9990355
7.227957,0.9999345
7.229346,1.0003699
7.230735,0.9998128
7.232124,0.9998316
7.233513,1.0009362
7.234902,1.0003536
7.236291,0.9995449
7.237680,1.0005967
7.239069,0.9996578
7.240458,1.0005382
7.241846,0.9996934
7.243235,1.0003887
7.244624,1.0005174
7.246013,0.9997848
7.247402,1.0001987
7.248791,0.9993531
7.250180,1.0010196
7.251569,1.0003471
7.252958,0.9996971
7.254347,0.9996549
7.255736,0.9995095
7.257125,0.9993865
7.258513,1.0003280
7.259902,1.0000988
7.261291,1.0003355
7.262680,0.9999842
7.264069,1.0004293
7.265458,0.9998440
7.266847,0.9990857
7.268236,1.0001694
7.269625,1.0007016
7.271014,0.9997537
7.272403,1.0001439
7.273792,0.9988291
7.275180,1.0007360
7.276569,0.9997616
7.277958,1.0002247
7.279347,0.9998256
7.280736,0.9996023
7.282125,1.0004344
7.283514,1.0004448
7.284903,0.9999737
7.286292,1.0003043
7.287681,1.0007150
7.289070,1.0008528
7.290459,0.9985917
7.291848,1.0007544
7.293236,1.0007084
7.294625,0.9995507
7.296014,1.0013788
7.297403,1.0000433
7.298792,0.9999822
7.300181,0.9998904
7.301570,0.9995946
7.302959,1.0000173
7.304348,0.9993972
7.305737,1.0001231
7.307126,1.0006333
7.308515,0.9995862
7.309903,0.9995720
7.311292,0.9998177
7.312681,1.0000239
7.314070,1.0003857
7.315459,1.0004707
7.316848,0.9999016
7.318237,0.9996810
7.319626,0.9995478
7.321015,1.0000684
7.322404,0.9997891
7.323793,1.0008959
7.325182,1.0006269
7.326570,0.9993649
7.327959,0.9994731
7.329348,0.9989246
7.330737,1.0004468
7.332126,0.9999292
7.333515,0.9998509
7.334904,0.9999597
7.336293,0.9997181
7.337682,0.9994643
7.339071,1.0003689
7.340460,0.9999640
7.341849,1.0001000
7.343237,1.0000952
7.344626,0.9995892
7.346015,0.9996774
7.347404,0.9993619
7.348793,1.0003865
7.350182,0.9997655
7.351571,0.9993132
7.352960,1.0000277
7.354349,1.0005170
7.355738,1.0002006
7.357127,0.9997108
7.358516,0.9999180
7.359904,0.9999418
7.361293,1.0002307
7.362682,1.0004553
7.364071,1.0003309
7.365460,0.9988894
7.366849,1.0005077
7.368238,0.9998982
7.369627,0.9991346
7.371016,0.9999584
7.372405,1.0007070
7.373794,1.0006917
7.375183,0.9984119
7.376571,1.0002173
7.377960,0.9995515
7.379349,0.9992212
7.380738,0.9999322
7.382127,0.9991680
7.383516,0.9995892
7.384905,0.9990337
7.386294,0.9994859
7.387683,0.9988494
7.389072,0.9995519
7.390461,0.9998984
7.391850,0.9997991
7.393238,0.9992338
7.394627,0.9991444
7.396016,1.0001655
7.397405,0.9997080
7.398794,1.0001958
7.400183,0.9994904
7.401572,0.9996296
7.402961,0.9980986
7.404350,0.9988405
7.405739,0.9987965
7.407128,1.0002109
7.408517,0.9993385
7.409905,0.9991746
7.411294,0.9993278
7.412683,0.9999473
7.414072,1.0004010
7.416850,0.9993299
7.419628,0.9990638
7.421017,1.0001103
7.422406,0.9992277
7.423795,0.9996327
7.426572,1.0000964
7.427961,0.9995850
7.429350,0.9986170
7.430739,0.9999470
7.432128,0.9999746
7.433517,1.0002933
7.434906,0.9992619
7.436295,0.9996137
7.437684,0.9983845
7.439073,0.9998053
7.440462,0.9993023
7.441851,0.9991696
7.443240,1.0002047
7.444628,1.0007414
7.446017,0.9995333
7.447406,0.9996824
7.448795,1.0001133
7.450184,1.0007412
7.454351,1.0000928
7.455740,0.9992932
7.457129,1.0007648
7.458518,1.0004305
7.459907,1.0002892
7.461295,1.0004081
7.462684,1.0001691
7.464073,1.0004755
7.468240,1.0009584
7.469629,0.9993345
7.471018,0.9998479
7.472407,0.9998545
7.473796,0.9992999
7.475185,1.0008193
7.476574,0.9997610
7.477962,1.0010918
7.479351,1.0002195
7.480740,0.9991570
7.482129,1.0008748
7.483518,1.0002540
7.484907,0.9999057
7.486296,0.9993552
7.487685,1.0011135
7.489074,0.9999580
7.490463,0.9996760
7.491852,1.0010276
7.493241,0.9990019
7.494629,1.0003180
7.496018,1.0003365
7.497407,0.9998119
7.498796,1.0002339
7.500185,1.0003974
7.501574,0.9991255
7.502963,1.0003036
7.504352,1.0004485
7.505741,1.0008122
7.507130,1.0010960
7.508519,1.0009850
7.509908,1.0004084
7.511296,1.0005673
7.512685,1.0006186
7.514074,1.0005759
7.515463,1.0015033
7.516852,1.0008332
7.518241,1.0003384
7.519630,0.9992082
7.530741,1.0010418
7.532130,1.0000763
7.533519,0.9998806
7.534908,1.0011505
7.536297,1.0012491
7.537686,1.0003787
7.539075,1.0000101
7.540464,1.0004463
7.541853,0.9990869
7.543242,1.0000911
7.544630,1.0015895
7.546019,0.9994871
7.547408,1.0004222
7.548797,1.0001054
7.550186,1.0000609
7.551575,1.0001561
7.552964,1.0000873
7.554353,1.0002294
7.555742,1.0003524
7.557131,1.0003825
7.558520,1.0007510
7.559909,0.9999732
7.561297,0.9997883
7.562686,1.0007011
7.564075,1.0013273
7.565464,1.0006894
7.566853,1.0002536
7.568242,1.0002786
7.569631,0.9997385
7.571020,1.0008724
7.572409,1.0004232
7.573798,1.0002011
7.575187,1.0004520
7.576576,0.9995573
7.577964,1.0007619
7.579353,1.0002207
7.580742,0.9997957
7.582131,1.0002656
7.583520,1.0001179
7.584909,1.0004701
7.586298,1.0004924
7.587687,1.0017016
7.589076,0.9998431
7.590465,1.0002141
7.591854,1.0001310
7.593243,1.0003036
7.594631,1.0001143
7.596020,1.0000289
7.597409,0.9994816
7.598798,0.9994602
7.600187,1.0002682
7.601576,1.0000572
7.602965,0.9996639
7.604354,0.9993289
7.605743,1.0005575
7.607132,0.9996331
7.608521,1.0002768
7.609910,1.0006568
7.611298,1.0004546
7.612687,1.0002013
7.614076,1.0009627
7.615465,0.9992295
7.616854,1.0001518
7.618243,1.0001619
7.619632,1.0000539
7.621021,0.9998117
7.622410,1.0003305
7.623799,0.9994767
7.625188,1.0001621
7.626577,1.0005141
7.627965,0.9996018
7.629354,1.0003079
7.630743,0.9997213
7.632132,0.9991774
7.633521,1.0008096
7.634910,0.9998590
7.636299,0.9998179
7.637688,0.9998525
7.639077,0.9999867
7.640466,1.0009232
7.641855,1.0003345
7.643244,0.9995983
7.644632,1.0002145
7.646021,1.0005728
7.647410,0.9994993
7.648799,0.9996058
7.650188,1.0005735
7.651577,1.0002369
7.652966,1.0001759
7.654355,1.0011215
7.655744,0.9999815
7.657133,0.9992890
7.658522,0.9994148
7.659911,1.0009111
7.661299,1.0006935
7.662688,1.0004148
7.664077,0.9999206
7.665466,1.0001140
7.666855,0.9999193
7.668244,1.0008269
7.669633,0.9995673
7.671022,1.0012137
7.672411,1.0003799
7.673800,0.9998234
7.675189,0.9991765
7.676578,0.9994870
7.677967,0.9999076
7.679355,1.0002968
7.680744,0.9992983
7.682133,0.9999899
7.683522,0.9999650
7.684911,1.0003345
7.686300,1.0000457
7.687689,1.0003719
7.689078,1.0005508
7.690467,1.0001455
7.691856,0.9995460
7.693245,0.9986479
7.694634,1.0006436
7.696022,0.9995865
7.697411,1.0000180
7.698800,1.0003241
7.700189,1.0002993
7.701578,0.9998132
7.702967,0.9998960
7.704356,0.9997223
7.705745,1.0003862
7.707134,1.0002094
7.708523,1.0005125
7.709912,0.9992578
7.711301,0.9997249
7.712689,0.9996242
7.714078,0.9999218
7.715467,0.9997795
7.716856,1.0006851
7.718245,1.0004783
7.719634,1.0002620
7.721023,0.9996000
7.722412,0.9990771
7.723801,0.9997929
7.725190,0.9998647
7.726579,0.9997165
7.727968,1.0000886
7.729356,1.0000183
7.730745,0.9992331
7.732134,1.0001630
7.733523,1.0000325
7.734912,0.9998177
7.736301,0.9998928
7.737690,1.0003002
7.739079,0.9995877
7.740468,0.9997857
7.741857,0.9993219
7.743246,0.9996110
7.744635,1.0001081
7.746023,1.0007913
7.747412,0.9995477
7.748801,1.0000479
7.750190,1.0002026
7.751579,0.9995863
7.752968,0.9983841
7.754357,0.9995301
7.755746,0.9996753
7.757135,1.0001427
7.758524,1.0005193
7.759913,0.9996027
7.761302,1.0001521
7.762690,0.9995415
7.764079,1.0004368
7.765468,0.9991495
7.766857,1.0001632
7.768246,0.9996044
7.769635,0.9989039
7.771024,1.0000775
7.772413,0.9998347
7.773802,0.9989695
7.775191,0.9999580
7.776580,0.9996517
7.777969,1.0001872
7.779357,1.0002170
7.780746,0.9999701
7.782135,0.9994764
7.783524,0.9991988
7.784913,0.9989812
7.786302,0.9995464
7.787691,0.9988680
7.789080,0.9990037
7.790469,0.9999875
7.791858,1.0003361
7.793247,0.9989363
7.794636,0.9997454
7.796024,1.0000836
7.797413,0.9988610
7.798802,0.9983321
7.800191,0.9993013
7.801580,0.9991967
7.802969,0.9987523
7.804358,0.9994465
7.805747,0.9995645
7.807136,0.9991167
7.808525,0.9994060
7.809914,0.9995139
7.811303,1.0005227
7.812691,0.9986584
7.814080,0.9992897
7.815469,0.9986480
7.816858,0.9995018
7.818247,0.9996207
7.819636,1.0006354
7.821025,0.9997016
7.822414,1.0003835
7.823803,0.9995761
7.825192,0.9990867
7.826581,0.9994485
7.827970,0.9987734
7.829358,0.9996013
7.830747,1.0001036
7.832136,1.0000717
7.833525,0.9989249
7.834914,0.9982144
7.836303,0.9976846
7.837692,0.9957965
7.839081,0.9948461
7.840470,0.9928119
7.841859,0.9910392
7.843248,0.9913275
7.844637,0.9903928
7.846025,0.9912177
7.847414,0.9902877
7.848803,0.9902928
7.850192,0.9894606
7.851581,0.9895323
7.852970,0.9903303
7.854359,0.9889836
7.855748,0.9895718
7.857137,0.9896597
7.858526,0.9898611
7.859915,0.9882453
7.861304,0.9894155
7.862692,0.9892143
7.864081,0.9884686
7.865470,0.9887248
7.866859,0.9892037
7.868248,0.9894196
7.869637,0.9891663
7.871026,0.9884225
7.872415,0.9895605
7.873804,0.9883136
7.875193,0.9897179
7.876582,0.9889539
7.877971,0.9890401
7.879359,0.9890734
7.880748,0.9885518
7.882137,0.9894523
7.883526,0.9905168
7.884915,0.9888701
7.886304,0.9898028
7.887693,0.9892214
7.889082,0.9888456
7.890471,0.9887346
7.891860,0.9896217
7.893249,0.9895301
7.894638,0.9900193
7.896026,0.9878619
7.897415,0.9898265
7.898804,0.9904812
7.900193,0.9896243
7.901582,0.9898361
7.902971,0.9898718
7.904360,0.9903902
7.905749,0.9906126
7.907138,0.9899850
7.908527,0.9904418
7.909916,0.9902728
7.911305,0.9903939
7.912693,0.9921273
7.914082,0.9917732
7.915471,0.9927923
7.916860,0.9932599
7.918249,0.9951602
7.919638,0.9971192
7.921027,0.9988174
7.922416,1.0002041
7.923805,1.0000919
7.925194,0.9988749
7.926583,0.9995722
7.927972,0.9992092
7.929360,0.9992183
7.930749,0.9999810
7.932138,0.9986637
7.933527,1.0003614
7.934916,0.9998139
7.936305,0.9996152
7.937694,1.0004013
7.939083,0.9994362
7.940472,0.9998239
7.941861,0.9995255
7.943250,0.9992836
7.944639,0.9992198
7.946027,1.0000580
7.947416,0.9986630
7.948805,0.9984976
7.950194,0.9999747
7.951583,0.9993310
7.952972,0.9997987
7.954361,0.9998626
7.955750,0.9994221
7.957139,1.0003738
7.958528,1.0000654
7.959917,0.9995359
7.961306,0.9999031
7.962694,0.9996177
7.964083,0.9999915
7.965472,1.0004249
7.966861,1.0008630
7.968250,0.9996548
7.969639,1.0003400
7.971028,0.9994170
7.972417,0.9995997
7.973806,0.9988982
7.975195,0.9997399
7.976584,0.9991011
7.977973,1.0001857
7.979361,1.0003162
7.980750,1.0001841
7.982139,1.0001853
7.983528,1.0011173
7.984917,0.9997729
7.986306,0.9995242
7.987695,1.0002562
7.989084,1.0003922
7.990473,1.0003338
7.991862,0.9997885
7.993251,1.0002712
7.994640,1.0005024
7.996028,0.9994988
7.997417,1.0004500
7.998806,0.9999271
8.000195,0.9989734
8.001584,0.9997422
8.002973,0.9999370
8.004362,1.0004954
8.005751,1.0000369
8.007140,0.9993263
8.008529,0.9999319
8.009918,1.0002703
8.011307,0.9996250
8.012695,0.9995901
8.014084,0.9996395
8.015473,0.9997917
8.016862,1.0002476
8.018251,0.9997155
8.019640,0.9998315
8.021029,0.9999153
8.022418,0.9997909
8.023807,1.0006169
8.025196,0.9991424
8.026585,0.9995000
8.027974,0.9998398
8.029362,1.0010354
8.030751,1.0001049
8.032140,1.0003189
8.033529,1.0000347
8.034918,1.0015240
8.036307,0.9994614
8.037696,0.9989185
8.039085,1.0007972
8.040474,1.0001516
8.041863,1.0006815
8.043252,1.0004605
8.044641,1.0001111
8.046029,1.0004941
8.047418,1.0007997
8.048807,0.9999003
8.050196,1.0003479
8.051585,1.0003274
8.052974,0.9999785
8.054363,0.9995821
8.055752,1.0002023
8.057141,0.9992713
8.058530,1.0002583
8.059919,0.9995828
8.061308,0.9986795
8.062696,1.0000002
8.064085,0.9998218
8.065474,1.0003007
8.066863,1.0004130
8.068252,1.0004388
8.069641,1.0000150
8.071030,1.0000614
8.072419,1.0003680
8.073808,0.9992983
8.075197,0.9997561
8.076586,1.0005558
8.077975,0.9995966
8.079363,1.0005684
8.080752,1.0002803
8.082141,0.9998873
8.083530,0.9997686
8.084919,1.0000789
8.086308,1.0005239
8.087697,0.9996408
8.089086,0.9998572
8.090475,1.0001310
8.091864,1.0007827
8.093253,1.0005271
8.094642,1.0000465
8.096030,1.0005641
8.097419,1.0004509
8.098808,1.0007432
8.100197,0.9994580
8.101586,1.0000122
8.102975,0.9995150
8.104364,1.0006021
8.105753,1.0013393
8.107142,0.9999537
8.108531,0.9992873
8.109920,1.0006134
8.111309,1.0002962
8.112697,0.9998194
8.114086,1.0006733
8.115475,0.9994515
8.116864,1.0009468
8.118253,1.0003333
8.119642,0.9997762
8.121031,1.0007781
8.122420,1.0002551
8.123809,1.0009210
8.125198,1.0004624
8.126587,1.0000011
8.127976,1.0006970
8.129364,1.0000291
8.130753,0.9989438
8.132142,1.0002480
8.133531,0.9992940
8.134920,0.9995697
8.136309,1.0004392
8.137698,1.0002990
8.139087,1.0007172
8.140476,0.9989260
8.141865,1.0009620
8.143254,1.0004364
8.144643,0.9999951
8.146031,0.9995648
8.147420,0.9991287
8.148809,1.0001195
8.150198,0.9997283
8.151587,1.0003443
8.152976,0.9997394
8.154365,1.0006549
8.155754,1.0000800
8.157143,0.9997434
8.158532,0.9998315
8.159921,1.0002771
8.161309,1.0010082
8.162698,1.0004522
8.164087,0.9997047
8.165476,1.0002562
8.166865,1.0006336
8.168254,1.0006679
8.169643,0.9999893
8.171032,1.0002552
8.172421,1.0002097
8.173810,1.0006422
8.175199,1.0006351
8.176588,1.0009101
8.177976,0.9996387
8.179365,1.0001041
8.180754,0.9998146
8.182143,0.9999024
8.183532,1.0006432
8.184921,1.0003832
8.186310,1.0006517
8.187699,0.9994576
8.189088,1.0000426
8.190477,1.0000515
8.191866,1.0006518
8.193255,1.0003867
8.194643,0.9996127
8.196032,1.0000462
8.197421,0.9987314
8.198810,0.9999258
8.200199,1.0000281
8.201588,0.9995929
8.202977,1.0004007
8.204366,0.9999893
8.205755,1.0000885
8.207144,0.9999993
8.208533,0.9998380
8.209922,0.9997867
8.211310,1.0011663
8.212699,0.9998937
8.214088,1.0004125
8.215477,0.9995675
8.216866,0.9996155
8.218255,0.9999831
8.219644,1.0008476
8.221033,0.9988629
8.222422,0.9999127
8.223811,1.0003260
8.225200,1.0001676
8.226589,1.0001319
8.227977,0.9996235
8.229366,0.9994438
8.230755,0.9989962
8.232144,1.0000738
8.233533,0.9990032
8.234922,1.0001777
8.236311,0.9999524
8.237700,0.9999772
8.239089,1.0003359
8.240478,0.9998400
8.241867,0.9995759
8.243256,0.9998028
8.244644,0.9999782
8.246033,1.0002974
8.247422,1.0008434
8.248811,0.9995860
8.250200,1.0002164
8.251589,1.0001436
8.252978,1.0003531
8.254367,1.0002723
8.255756,1.0000071
8.257145,1.0013574
8.258534,0.9997885
8.259923,1.0009366
8.261311,1.0004890
8.262700,1.0003838
8.264089,0.9992666
8.265478,1.0003306
8.266867,1.0006388
8.268256,1.0005778
8.269645,0.9992810
8.271034,0.9996384
8.272423,1.0010698
8.273812,1.0006289
8.275201,1.0007908
8.276590,1.0008972
8.277978,1.0004830
8.279367,1.0000037
8.280756,0.9995836
8.282145,1.0003528
8.283534,0.9997839
8.284923,1.0007294
8.286312,0.9998693
8.287701,1.0004763
8.289090,1.0001479
8.290479,1.0010593
8.291868,0.9997463
8.293257,1.0006446
8.294645,0.9997171
8.296034,0.9999794
8.297423,1.0005711
8.298812,1.0005183
8.300201,1.0001991
8.301590,0.9993300
8.302979,1.0003455
8.304368,0.9993232
8.305757,1.0008245
8.307146,0.9991090
8.308535,1.0003727
8.309924,0.9994036
8.311312,0.9999055
8.312701,0.9980839
8.314090,0.9995814
8.315479,1.0001463
8.316868,0.9999278
8.318257,0.9997289
8.319646,1.0005965
8.321035,1.0003698
8.322424,0.9994630
8.323813,0.9995296
8.325202,0.9982792
8.327979,1.0004068
8.329368,0.9994076
8.330757,1.0000169
8.332146,0.9997975
8.333535,0.9995100
8.334924,0.9998184
8.336313,0.9992809
8.337702,0.9986744
8.339091,0.9992463
8.340480,1.0004174
8.341869,0.9998179
8.343258,1.0001072
8.344646,0.9998721
8.346035,0.9993149
8.347424,0.9995601
8.348813,0.9995160
8.350202,0.9999907
8.351591,1.0003315
8.352980,1.0000362
8.354369,0.9991818
8.355758,0.9996850
8.357147,0.9990289
8.358536,0.9999248
8.359925,1.0001256
8.361313,0.9990649
8.362702,0.9997756
8.364091,1.0001936
8.365480,0.9998352
8.366869,0.9996852
8.368258,0.9986916
8.369647,1.0003725
8.371036,1.0001479
8.372425,0.9990201
8.373814,1.0004759
8.375203,1.0005982
8.376592,0.9992618
8.377980,0.9997409
8.379369,0.9997196
8.380758,0.9986519
8.382147,0.9991654
8.383536,1.0003715
8.384925,0.9997463
8.386314,0.9997336
8.387703,0.9998252
8.389092,1.0003191
8.390481,0.9999674
8.391870,0.9996802
8.393258,1.0007587
8.394647,1.0003284
8.396036,0.9999538
8.397425,0.9988255
8.398814,0.9996435
8.400203,1.0000450
8.401592,0.9998429
8.402981,1.0009411
8.404370,1.0007683
8.405759,0.9997413
8.407148,1.0003961
8.408537,1.0009979
8.409925,1.0013059
8.411314,1.0004022
8.412703,1.0010964
8.414092,0.9996180
8.415481,0.9996802
8.416870,0.9999436
8.418259,1.0013349
8.419648,0.9998910
8.421037,0.9999553
8.422426,0.9995179
8.423815,0.9998922
8.425204,0.9995694
8.426592,1.0005021
8.427981,0.9998518
8.429370,1.0001257
8.430759,1.0001155
8.432148,1.0001075
8.433537,0.9995867
8.434926,1.0005579
8.436315,0.9998261
8.437704,0.9997777
8.439093,1.0001097
8.440482,0.9996320
8.441871,0.9995779
8.443259,0.9999530
8.444648,0.9997533
8.446037,1.0001131
8.447426,0.9997805
8.448815,1.0001694
8.450204,1.0001714
8.451593,1.0000224
8.452982,0.9999957
8.454371,1.0001502
8.455760,0.9997997
8.457149,1.0012138
8.458538,1.0001984
8.459926,0.9993828
8.461315,1.0007292
8.462704,0.9998869
8.464093,1.0004554
8.465482,0.9997035
8.466871,1.0001590
8.468260,1.0002780
8.469649,0.9999596
8.471038,1.0001135
8.472427,0.9998820
8.473816,1.0010421
8.475205,1.0006223
8.476593,0.9999490
8.477982,0.9996681
8.479371,0.9991636
8.480760,0.9996663
8.482149,1.0003684
8.483538,1.0002312
8.484927,1.0008889
8.486316,1.0003252
8.487705,1.0000991
8.489094,1.0008413
8.490483,1.0003722
8.491872,0.9998096
8.493260,1.0003401
8.494649,1.0008163
8.496038,1.0000428
8.497427,1.0001733
8.498816,1.0002555
8.500205,0.9999584
8.501594,1.0009714
8.502983,1.0008856
8.504372,1.0007264
8.505761,1.0003810
8.507150,0.9997558
8.508539,1.0002305
8.509927,0.9993776
8.511316,0.9998000
8.512705,0.9996954
8.514094,0.9998098
8.515483,1.0013364
8.516872,1.0004491
8.518261,0.9998098
8.519650,1.0011765
8.521039,0.9986874
8.522428,1.0006685
8.523817,0.9994156
8.525206,1.0003893
8.526594,0.9999099
8.527983,0.9999328
8.529372,0.9996888
8.530761,0.9998305
8.532150,1.0001730
8.533539,0.9998914
8.534928,1.0005450
8.536317,0.9994220
8.537706,1.0010408
8.539095,1.0000363
8.540484,0.9993829
8.541872,1.0010641
8.543261,1.0002642
8.544650,1.0000420
8.546039,1.0001698
8.547428,1.0005688
8.548817,0.9992428
8.550206,0.9997984
8.551595,1.0004669
8.552984,1.0005437
8.554373,0.9985258
8.555762,1.0002788
8.557151,1.0007105
8.558539,1.0003712
8.559928,0.9997026
8.561317,1.0003778
8.562706,1.0001561
8.564095,1.0000020
8.565484,0.9999198
8.566873,1.0004413
8.568262,0.9991634
8.569651,0.9998182
8.571040,0.9997832
8.572429,1.0003023
8.573818,0.9999289
8.575206,0.9993713
8.576595,0.9995731
8.577984,1.0011753
8.579373,1.0002138
8.580762,1.0003817
8.582151,1.0008382
8.583540,1.0000190
8.584929,1.0004021
8.586318,1.0003352
8.587707,1.0000333
8.589096,0.9999999
8.590485,1.0002844
8.591873,1.0006623
8.593262,1.0005913
8.594651,1.0002317
8.596040,0.9995536
8.597429,0.9995633
8.598818,1.0014106
8.600207,0.9999300
8.601596,1.0000599
8.602985,1.0008392
8.604374,1.0006940
8.605763,1.0004545
8.607152,0.9996495
8.608540,0.9999419
8.609929,1.0006356
8.611318,0.9997009
8.612707,1.0011958
8.614096,0.9999391
8.615485,1.0003893
8.616874,1.0001261
8.618263,0.9992542
8.619652,1.0007362
8.621041,0.9999702
8.622430,1.0003635
8.623819,0.9998604
8.625207,0.9987507
8.626596,0.9993018
8.627985,1.0005669
8.629374,1.0006596
8.630763,1.0000881
8.632152,1.0001200
8.633541,1.0004027
8.634930,0.9999809
8.636319,1.0006520
8.637708,1.0003426
8.639097,1.0015956
8.640486,0.9997669
8.641874,1.0003700
8.643263,1.0008934
8.644652,1.0003557
8.646041,1.0005392
8.647430,1.0001530
8.648819,0.9997338
8.650208,1.0001244
8.651597,1.0000488
8.652986,0.9998957
8.654375,1.0005498
8.655764,0.9996648
8.657152,1.0011011
8.658541,1.0013389
8.659930,0.9984356
8.661319,1.0004452
8.662708,0.9995776
8.664097,0.9997438
8.665486,1.0003004
8.666875,0.9998911
8.668264,0.9997317
8.669653,1.0005449
8.671042,1.0000119
8.672431,0.9999333
8.673819,1.0000444
8.675208,0.9989912
8.676597,1.0002590
8.677986,0.9999977
8.679375,0.9999919
8.680764,1.0010988
8.682153,1.0004911
8.683542,1.0005446
8.684931,1.0004087
8.686320,0.9990494
8.687709,0.9989124
8.689098,1.0004294
8.690486,0.9995742
8.691875,0.9990691
8.693264,0.9992354
8.694653,0.9989373
8.696042,0.9993290
8.697431,0.9997510
8.698820,0.9998382
8.700209,0.9995804
8.701598,0.9997143
8.702987,0.9998492
8.704376,1.0006685
8.705765,0.9995993
8.707153,0.9996523
8.708542,1.0003953
8.709931,0.9998470
8.711320,0.9994254
8.712709,0.9997155
8.714098,1.0003565
8.715487,1.0009337
8.716876,0.9994289
8.718265,0.9999467
8.719654,0.9996054
8.721043,0.9997494
8.722432,0.9985220
8.723820,0.9994400
8.725209,1.0001679
8.726598,1.0004118
8.727987,0.9995496
8.729376,1.0003468
8.730765,1.0003127
8.732154,0.9999883
8.733543,1.0003956
8.734932,0.9987889
8.736321,0.9993607
8.737710,0.9992563
8.739099,0.9997909
8.740487,1.0003375
8.741876,1.0002371
8.743265,0.9997971
8.744654,0.9996471
8.746043,0.9997982
8.747432,0.9997250
8.748821,0.9993862
8.750210,1.0008989
8.751599,0.9996563
8.752988,0.9997924
8.754377,0.9997415
8.755765,0.9995035
8.757154,0.9996649
8.759932,0.9993920
8.761321,0.9999227
8.762710,1.0001865
8.764099,0.9989267
8.765488,1.0007010
8.766877,1.0003810
8.768266,0.9989074
8.769655,0.9991888
8.771044,1.0010793
8.772432,0.9984371
8.773821,0.9999832
8.775210,0.9994115
8.776599,0.9984747
8.777988,0.9971626
8.779377,0.9949038
8.780766,0.9939796
8.782155,0.9928081
8.783544,0.9917663
8.784933,0.9905204
8.786322,0.9911805
8.787711,0.9908407
8.789099,0.9907677
8.790488,0.9901334
8.791877,0.9897103
8.793266,0.9900770
8.794655,0.9898681
8.796044,0.9894881
8.797433,0.9902798
8.798822,0.9895724
8.802989,0.9889370
8.804378,0.9895621
8.805766,0.9891432
8.807155,0.9894685
8.808544,0.9888608
8.809933,0.9890944
8.811322,0.9888234
8.812711,0.9887311
8.814100,0.9885670
8.815489,0.9884877
8.816878,0.9886992
8.818267,0.9897495
8.819656,0.9886931
8.821045,0.9901103
8.822433,0.9881103
8.823822,0.9895414
8.825211,0.9893449
8.826600,0.9891195
8.827989,0.9881812
8.829378,0.9887537
8.830767,0.9897274
8.832156,0.9894025
8.833545,0.9888035
8.834934,0.9895766
8.837712,0.9888852
8.839100,0.9892510
8.840489,0.9898312
8.841878,0.9894442
8.843267,0.9892559
8.844656,0.9894774
8.846045,0.9896091
8.847434,0.9902162
8.848823,0.9900492
8.850212,0.9900412
8.851601,0.9909332
8.852990,0.9904736
8.854378,0.9914571
8.855767,0.9910377
8.857156,0.9925320
8.858545,0.9941828
8.859934,0.9955839
8.861323,0.9975664
8.862712,0.9977151
8.864101,0.9992489
8.865490,1.0005999
8.866879,1.0002582
8.868268,0.9994958
8.869657,0.9983283
8.871045,0.9999252
8.872434,1.0001812
8.873823,1.0008347
8.875212,0.9998848
8.876601,0.9994832
8.877990,0.9995793
8.879379,1.0002459
8.880768,0.9993350
8.882157,1.0006190
8.883546,0.9998316
8.884935,1.0010043
8.886324,0.9991982
8.887712,0.9998598
8.889101,0.9996677
8.890490,0.9993538
8.891879,0.9997303
8.893268,0.9989961
8.894657,0.9991981
8.896046,0.9987115
8.897435,1.0004127
8.898824,1.0002900
8.900213,0.9989990
8.901602,0.9998525
8.902991,0.9999681
8.904379,0.9995079
8.905768,0.9990661
8.907157,1.0002582
8.908546,1.0002203
8.909935,0.9999538
8.911324,1.0001080
8.912713,0.9996778
8.914102,1.0004523
8.915491,0.9999149
8.916880,1.0000137
8.918269,0.9999462
8.919658,0.9993391
8.921046,1.0006071
8.922435,0.9992831
8.923824,1.0003168
8.925213,1.0003886
8.926602,0.9996268
8.927991,0.9993923
8.929380,1.0000228
8.930769,1.0006323
8.932158,1.0006503
8.933547,1.0004145
8.934936,0.9998899
8.936324,1.0004286
8.937713,0.9987805
8.939102,0.9997375
8.940491,0.9996437
8.941880,0.9999919
8.943269,0.9988512
8.944658,1.0001260
8.946047,1.0002172
8.947436,0.9992853
8.948825,0.9996191
8.950214,0.9992214
8.951603,1.0010594
8.952991,1.0006002
8.954380,1.0002989
8.955769,0.9997837
8.957158,1.0006012
8.958547,1.0014455
8.959936,0.9998509
8.961325,0.9997608
8.962714,0.9997501
8.964103,0.9992569
8.965492,1.0001575
8.966881,0.9993573
8.968270,1.0009729
8.969658,0.9992796
8.971047,1.0003471
8.972436,0.9999670
8.973825,1.0003926
8.975214,0.9995735
8.976603,0.9999660
8.977992,0.9994530
8.979381,0.9991534
8.980770,1.0001381
8.982159,1.0013914
8.983548,1.0004312
8.984937,1.0000243
8.986325,1.0007931
8.987714,0.9991292
8.989103,0.9996860
8.990492,1.0002436
8.991881,1.0005310
8.993270,1.0013213
8.994659,1.0000794
8.996048,1.0003810
8.997437,1.0005911
8.998826,0.9998792
9.000215,0.9996222
9.001604,0.9990677
9.002992,0.9989180
9.004381,0.9988303
9.005770,1.0002298
9.007159,1.0000181
9.008548,0.9993538
9.009937,1.0003387
9.011326,0.9999266
9.012715,0.9993888
9.014104,0.9997896
9.015493,1.0003038
9.016882,1.0007495
9.018270,0.9994212
9.019659,0.9996047
9.021048,1.0000343
9.022437,1.0000367
9.023826,0.9996969
9.025215,0.9999821
9.026604,1.0003302
9.027993,0.9995730
9.029382,0.9998661
9.030771,1.0006736
9.032160,1.0008797
9.033549,1.0005847
9.034937,0.9998437
9.036326,1.0004916
9.037715,1.0011557
9.039104,1.0001880
9.040493,1.0000180
9.041882,0.9994240
9.043271,0.9996539
9.044660,1.0007669
9.046049,0.9993671
9.047438,1.0005043
9.048827,0.9999280
9.050216,1.0002730
9.051604,1.0007054
9.052993,1.0003578
9.054382,0.9998439
9.055771,1.0003245
9.057160,1.0008236
9.058549,1.0001449
9.059938,1.0006183
9.061327,0.9998318
9.062716,0.9996495
9.064105,1.0000700
9.065494,0.9997909
9.066883,0.9998929
9.068271,1.0003975
9.069660,1.0001258
9.071049,1.0003716
9.072438,1.0006831
9.073827,0.9991224
9.075216,1.0002648
9.076605,0.9993821
9.077994,0.9999997
9.079383,0.9992870
9.080772,1.0011424
9.082161,0.9994707
9.083549,1.0005428
9.084938,1.0006386
9.086327,0.9998084
9.087716,0.9997287
9.089105,1.0000955
9.090494,1.0002574
9.091883,1.0004866
9.093272,1.0003169
9.094661,1.0006787
9.096050,1.0003813
9.097439,0.9995140
9.098828,0.9992109
9.100216,1.0004496
9.101605,1.0000523
9.102994,1.0003957
9.104383,1.0005370
9.105772,1.0001450
9.107161,0.9995275
9.108550,1.0000619
9.109939,1.0000031
9.111328,0.9999997
9.112717,0.9999526
9.114106,0.9997080
9.115495,1.0007142
9.116883,1.0008874
9.118272,1.0003681
9.119661,1.0004008
9.121050,1.0004304
9.122439,1.0001969
9.123828,1.0002979
9.125217,1.0001495
9.126606,0.9996936
9.127995,0.9994356
9.129384,0.9994973
9.130773,1.0004162
9.132162,1.0005424
9.133550,0.9997779
9.134939,1.0002187
9.136328,1.0007478
9.137717,0.9992265
9.139106,1.0001184
9.140495,1.0003747
9.141884,0.9996858
9.143273,0.9996794
9.144662,1.0006098
9.146051,1.0003684
9.147440,1.0006732
9.148828,1.0010932
9.150217,1.0001923
9.151606,0.9998084
9.152995,0.9994475
9.154384,0.9994564
9.155773,0.9998858
9.157162,1.0003283
9.158551,0.9988624
9.159940,1.0001637
9.161329,0.9996144
9.162718,0.9996150
9.164107,1.0008665
9.165495,0.9997390
9.166884,1.0000847
9.168273,0.9998682
9.169662,0.9998960
9.171051,1.0007229
9.172440,1.0004014
9.173829,1.0007596
9.175218,1.0009008
9.176607,1.0006112
9.177996,1.0005595
9.179385,0.9994720
9.180774,0.9992668
9.182162,1.0004544
9.183551,1.0006313
9.184940,0.9993475
9.186329,1.0000592
9.187718,1.0009017
9.189107,0.9993996
9.190496,1.0011109
9.191885,0.9992575
9.193274,1.0002168
9.194663,1.0008616
9.196052,1.0002797
9.197441,1.0011973
9.198829,0.9999827
9.200218,1.0007513
9.201607,0.9999681
9.202996,1.0001321
9.204385,1.0000348
9.205774,1.0003712
9.207163,0.9996836
9.208552,0.9997778
9.209941,1.0003363
9.211330,0.9998573
9.212719,0.9999399
9.214107,1.0002889
9.215496,1.0007755
9.216885,1.0001296
9.218274,0.9998186
9.219663,1.0002991
9.221052,0.9993415
9.222441,1.0002943
9.223830,1.0007169
9.225219,1.0002904
9.226608,1.0007282
9.227997,0.9997833
9.229386,1.0000831
9.230774,0.9997496
9.232163,1.0000294
9.233552,1.0000770
9.234941,0.9994239
9.236330,1.0000000
9.237719,1.0001691
9.239108,1.0001787
9.240497,1.0001646
9.241886,0.9996912
9.243275,0.9999560
9.244664,1.0008801
9.246053,1.0002042
9.247441,1.0001930
9.248830,0.9995960
9.250219,1.0002663
9.251608,0.9999112
9.252997,0.9998912
9.254386,1.0002697
9.255775,0.9993848
9.257164,0.9997798
9.258553,0.9995434
9.259942,0.9982239
9.261331,0.9996069
9.262720,1.0000053
9.264108,0.9995062
9.265497,1.0001085
9.266886,0.9997042
9.268275,0.9988902
9.269664,1.0001226
9.271053,0.9989971
9.272442,0.9993799
9.273831,1.0000754
9.275220,0.9991163
9.276609,0.9995470
9.277998,0.9998744
9.279386,0.9998121
9.280775,0.9997379
9.282164,0.9997965
9.283553,0.9994417
9.284942,0.9987968
9.286331,0.9996022
9.287720,0.9995759
9.289109,0.9994432
9.290498,0.9985543
9.291887,0.9993529
9.293276,0.9993480
9.294665,0.9988402
9.296053,0.9995669
9.297442,0.9997599
9.298831,1.0003289
9.300220,0.9989587
9.301609,0.9987510
9.302998,0.9997047
9.304387,0.9994682
9.305776,0.9995209
9.307165,0.9993487
9.308554,0.9988819
9.309943,0.9994815
9.311332,0.9997480
9.312720,0.9992743
9.314109,1.0003071
9.315498,0.9988193
9.316887,0.9990042
9.318276,0.9996765
9.319665,1.0003380
9.321054,0.9995909
9.322443,0.9993826
9.323832,0.9998399
9.325221,0.9997036
9.326610,0.9996054
9.327998,0.9991584
9.329387,0.9986497
9.330776,0.9995866
9.332165,1.0000047
9.333554,0.9997936
9.334943,1.0005833
9.336332,0.9997032
9.337721,0.9997003
9.339110,1.0003216
9.340499,1.0001556
9.341888,0.9999090
9.343277,1.0008406
9.344665,0.9997271
9.346054,0.9995034
9.347443,1.0001333
9.348832,1.0000418
9.350221,1.0002358
9.351610,1.0004167
9.352999,0.9990170
9.354388,1.0001327
9.355777,0.9997741
9.357166,1.0007345
9.358555,1.0001769
9.359944,0.9995292
9.361332,1.0000321
9.362721,1.0000867
9.364110,0.9999045
9.365499,0.9999801
9.366888,1.0007255
9.368277,0.9995425
9.369666,0.9992946
9.371055,0.9999720
9.372444,0.9991770
9.373833,1.0005338
9.375222,0.9997318
9.376611,0.9990442
9.377999,1.0000581
9.379388,1.0000333
9.380777,0.9998137
9.382166,1.0003564
9.383555,1.0004710
9.384944,0.9999333
9.386333,0.9994584
9.387722,0.9994783
9.389111,1.0002512
9.390500,0.9998294
9.391889,1.0000549
9.393277,0.9987254
9.394666,0.9983311
9.396055,1.0003862
9.397444,0.9996268
9.398833,0.9999824
9.400222,1.0006600
9.401611,0.9995394
9.403000,1.0002876
9.404389,0.9995228
9.405778,0.9996645
9.407167,1.0001734
9.408556,1.0004867
9.409944,1.0001732
9.411333,1.0005059
9.412722,1.0004928
9.414111,1.0001647
9.415500,0.9986798
9.416889,1.0008031
9.418278,1.0006044
9.419667,1.0007270
9.421056,1.0000330
9.422445,0.9994239
9.423834,0.9996685
9.425223,1.0003739
9.426611,1.0003953
9.428000,0.9993510
9.429389,1.0002862
9.430778,0.9993403
9.432167,0.9993700
9.433556,1.0003753
9.434945,1.0001731
9.436334,0.9997540
9.437723,0.9989640
9.439112,1.0000098
9.440501,1.0006270
9.441889,1.0003997
9.443278,0.9997052
9.444667,1.0000456
9.446056,1.0008972
9.447445,0.9996620
9.448834,1.0002846
9.450223,0.9997761
9.451612,0.9999494
9.453001,1.0002822
9.454390,0.9997394
9.455779,1.0000034
9.457168,1.0001689
9.458556,1.0011382
9.459945,0.9997617
9.461334,1.0000472
9.462723,0.9986222
9.464112,1.0003228
9.465501,0.9995910
9.466890,0.9993202
9.468279,0.9993152
9.469668,0.9996470
9.471057,1.0008228
9.472446,1.0005596
9.473835,0.9997805
9.475223,1.0002635
9.476612,0.9998056
9.478001,0.9998671
9.479390,1.0006184
9.480779,1.0006812
9.482168,0.9996191
9.483557,1.0005653
9.484946,0.9990080
9.486335,1.0002221
9.487724,1.0002325
9.489113,1.0004099
9.490502,0.9993836
9.491890,0.9998646
9.493279,0.9991346
9.494668,1.0001288
9.496057,0.9993115
9.497446,0.9991804
9.498835,1.0010052
9.500224,0.9994329
9.501613,1.0002226
9.503002,0.9996489
9.504391,1.0001800
9.505780,1.0000717
9.507168,1.0004000
9.508557,1.0010854
9.509946,1.0002136
9.511335,0.9997636
9.512724,1.0000298
9.514113,1.0001359
9.515502,1.0005291
9.516891,1.0000568
9.518280,0.9996251
9.519669,1.0012097
9.521058,0.9997775
9.522447,1.0002347
9.523835,1.0004451
9.526613,1.0002375
9.528002,0.9996970
9.529391,1.0005938
9.532169,0.9994227
9.533558,0.9997509
9.534947,1.0003092
9.536336,1.0003343
9.537725,1.0007121
9.539114,1.0001938
9.540502,1.0003261
9.541891,1.0011403
9.548836,1.0010045
9.550225,1.0003323
9.551614,1.0003921
9.554392,1.0008872
9.555780,1.0006054
9.559947,0.9994716
9.561336,1.0006695
9.562725,0.9994275
9.564114,0.9996521
9.565503,0.9993131
9.566892,1.0001465
9.568281,1.0004133
9.569670,0.9995154
9.571059,1.0006416
9.573836,0.9992558
9.576614,0.9988993
9.578003,0.9996517
9.579392,0.9996025
9.580781,0.9996370
9.582170,1.0012992
9.583559,0.9995322
9.586337,1.0001084
9.587726,0.9999215
9.589114,0.9997834
9.590503,0.9999340
9.591892,1.0008784
9.593281,0.9995173
9.596059,1.0007582
9.597448,0.9995455
9.600226,0.9997942
9.601615,1.0003795
9.603004,1.0004051
9.604392,0.9998227
9.605781,0.9993248
9.607170,1.0004635
9.608559,1.0008381
9.609948,1.0004091
9.611337,1.0003831
9.612726,1.0002942
9.614115,1.0003859
9.615504,0.9996460
9.616893,1.0014070
9.618282,1.0001366
9.619671,0.9998139
9.621059,0.9993315
9.622448,0.9993388
9.623837,1.0006615
9.625226,0.9991231
9.626615,0.9994270
9.628004,1.0008518
9.629393,1.0005061
9.630782,1.0007774
9.632171,0.9999084
9.633560,1.0001118
9.636338,0.9999953
9.637726,1.0004352
9.639115,0.9989496
9.640504,1.0002579
9.641893,0.9993017
9.643282,1.0003574
9.644671,0.9994413
9.646060,0.9995506
9.647449,0.9991559
9.648838,0.9999957
9.650227,1.0006059
9.651616,1.0002151
9.653004,0.9990472
9.654393,1.0007050
9.655782,1.0002911
9.657171,1.0003266
9.658560,0.9995619
9.659949,1.0001250
9.661338,1.0002129
9.662727,0.9999898
9.664116,1.0009208
9.665505,0.9998537
9.666894,1.0001527
9.668283,1.0001499
9.669671,1.0000654
9.671060,1.0000661
9.672449,0.9997528
9.673838,0.9999923
9.675227,1.0007024
9.676616,0.9999836
9.678005,1.0006740
9.679394,0.9994574
9.680783,0.9992044
9.682172,1.0002990
9.683561,1.0004513
9.684950,1.0000043
9.686338,0.9995052
9.687727,1.0002418
9.689116,0.9998896
9.690505,1.0004618
9.691894,1.0000776
9.693283,1.0001258
9.694672,1.0001302
9.696061,0.9996822
9.697450,0.9999062
9.698839,0.9995059
9.700228,0.9997920
9.701616,1.0004240
9.703005,1.0004221
9.704394,0.9997325
9.705783,0.9993400
9.707172,0.9995287
9.708561,1.0001786
9.709950,1.0000731
9.711339,0.9999278
9.712728,0.9992104
9.714117,0.9988516
9.715506,0.9997974
9.716895,0.9986062
9.718283,0.9986277
9.719672,0.9964933
9.721061,0.9949048
9.722450,0.9942569
9.723839,0.9924938
9.726617,0.9915517
9.728006,0.9915997
9.729395,0.9905051
9.730784,0.9908086
9.732173,0.9903148
9.733562,0.9901754
9.734950,0.9894161
9.736339,0.9894052
9.737728,0.9907173
9.739117,0.9884228
9.740506,0.9907315
9.741895,0.9893927
9.743284,0.9896550
9.744673,0.9891886
9.746062,0.9894685
9.747451,0.9899038
9.750228,0.9888303
9.751617,0.9886388
9.753006,0.9888758
9.754395,0.9884039
9.755784,0.9880016
9.757173,0.9887610
9.758562,0.9890229
9.759951,0.9892122
9.761340,0.9897356
9.762729,0.9890735
9.764118,0.9894794
9.765507,0.9893188
9.766895,0.9894306
9.768284,0.9885765
9.769673,0.9890422
9.771062,0.9891605
9.772451,0.9888858
9.773840,0.9890603
9.775229,0.9898502
9.776618,0.9888380
9.778007,0.9893446
9.779396,0.9890260
9.782173,0.9890737
9.783562,0.9901889
9.784951,0.9899499
9.786340,0.9895366
9.787729,0.9895997
9.789118,0.9896030
9.790507,0.9902862
9.791896,0.9905796
9.793285,0.9904973
9.794674,0.9905344
9.796063,0.9894947
9.797452,0.9919036
9.798840,0.9934307
9.800229,0.9937405
9.801618,0.9957565
9.803007,0.9975417
9.804396,0.9984746
9.805785,0.9997702
9.807174,0.9991323
9.808563,0.9992238
9.809952,1.0006514
9.811341,1.0002384
9.812730,1.0000283
9.814119,0.9989817
9.815507,1.0000102
9.816896,0.9999859
9.818285,0.9990105
9.819674,0.9987114
9.821063,0.9993593
9.822452,0.9994010
9.823841,0.9998145
9.825230,0.9992408
9.826619,0.9990655
9.828008,0.9999649
9.829397,1.0003044
9.830785,0.9995925
9.832174,0.9992968
9.833563,1.0005764
9.834952,1.0002802
9.836341,0.9995701
9.839119,1.0007918
9.840508,0.9984947
9.841897,1.0000307
9.843286,0.9993743
9.844675,0.9994419
9.846064,0.9989458
9.847452,0.9998899
9.848841,0.9995719
9.850230,1.0005348
9.851619,0.9995256
9.853008,0.9987796
9.854397,0.9992443
9.855786,0.9992897
9.857175,1.0004758
9.858564,1.0000777
9.859953,1.0007706
9.861342,1.0000755
9.862731,1.0000191
9.864119,0.9995083
9.865508,1.0002389
9.866897,0.9992155
9.868286,1.0001052
9.869675,1.0004304
9.871064,0.9997812
9.872453,1.0005284
9.873842,0.9995802
9.875231,0.9993612
9.876620,0.9995966
9.878009,0.9996522
9.879397,1.0000716
9.880786,0.9998412
9.882175,1.0000450
9.883564,0.9989280
9.884953,0.9994254
9.886342,1.0001182
9.887731,0.9998879
9.889120,0.9994263
9.890509,0.9995039
9.891898,1.0001538
9.893287,1.0000211
9.894676,0.9998704
9.896064,0.9993232
9.897453,0.9997782
9.898842,0.9987180
9.900231,0.9996303
9.901620,1.0009881
9.903009,1.0000000
9.904398,0.9994121
9.905787,0.9994776
9.907176,1.0002310
9.908565,0.9997171
9.909954,0.9997772
9.911342,1.0002260
9.912731,0.9999176
9.914120,1.0001329
9.915509,1.0002924
9.916898,0.9986812
9.918287,0.9998630
9.919676,1.0011637
9.921065,1.0002200
9.922454,1.0004975
9.923843,0.9998368
9.925232,1.0001832
9.926621,1.0005850
9.928009,1.0009296
9.929398,0.9992815
9.930787,1.0002704
9.932176,1.0000862
9.933565,1.0002834
9.934954,1.0002222
9.936343,1.0000080
9.937732,1.0007069
9.939121,1.0003720
9.940510,1.0004437
9.944676,0.9996529
9.946065,1.0002333
9.947454,1.0000267
9.948843,0.9997623
9.950232,1.0008943
9.951621,0.9996736
9.953010,1.0007126
9.954399,1.0001060
9.955788,1.0001832
9.957177,1.0001273
9.958566,1.0000798
9.959954,0.9998267
9.961343,0.9993685
9.962732,1.0006938
9.964121,1.0008684
9.965510,1.0004689
9.966899,1.0001208
9.968288,0.9995926
9.969677,1.0010179
9.971066,1.0005344
9.972455,1.0002492
9.973844,1.0006428
9.975233,0.9994582
9.976621,1.0004953
9.978010,1.0001212
9.979399,1.0005595
9.980788,1.0011229
9.982177,1.0009410
9.983566,1.0003229
9.984955,1.0003072
9.986344,0.9999429
9.987733,1.0006660
9.989122,1.0005397
9.990511,0.9998699
9.991899,0.9998101
9.993288,0.9996596
9.994677,0.9998824
9.996066,1.0005480
9.997455,0.9995191
9.998844,1.0019226
10.000233,1.0002972
10.001622,0.9994894
10.003011,0.9989579
10.004400,0.9998389
10.005789,1.0003206
10.007178,0.9996328
10.008566,0.9999486
10.009955,1.0001872
10.011344,1.0005586
10.012733,1.0003201
10.014122,1.0001646
10.015511,1.0028193
10.016900,0.9999464
10.018289,0.9997262
10.019678,0.9992498
10.030789,0.9993528
10.032178,1.0004739
10.033567,1.0000808
10.034956,0.9998580
10.036345,1.0002818
10.037734,0.9994888
10.039123,1.0004793
10.040511,1.0002465
10.041900,1.0008023
10.043289,0.9994121
10.044678,0.9997932
10.046067,1.0004680
10.047456,1.0001078
10.048845,0.9998334
10.050234,1.0000214
10.051623,0.9999065
10.053012,1.0005090
10.054401,1.0006798
10.055790,1.0001034
10.057178,0.9998763
10.058567,1.0004438
10.059956,0.9993681
10.061345,1.0002966
10.062734,0.9991946
10.064123,1.0006481
10.065512,1.0007814
10.066901,1.0015243
10.068290,0.9997448
10.069679,1.0008494
10.071068,0.9998931
10.072456,0.9999673
10.073845,0.9999782
10.075234,1.0001960
10.076623,0.9996584
10.078012,1.0003631
10.079401,0.9997918
10.080790,0.9999396
10.082179,0.9991583
10.083568,1.0002598
10.084957,1.0003520
10.086346,1.0004384
10.087735,1.0004642
10.089123,0.9992877
10.090512,0.9998594
10.091901,0.9991190
10.093290,1.0011350
10.094679,0.9997152
10.096068,0.9991880
10.097457,0.9998713
10.098846,0.9997599
10.100235,0.9998676
10.101624,1.0012445
10.103013,1.0002546
10.104402,1.0006024
10.105790,1.0005455
10.107179,1.0002368
10.108568,0.9995202
10.109957,1.0004784
10.111346,1.0002244
10.112735,0.9994043
10.114124,1.0008027
10.115513,1.0003575
10.116902,0.9999868
10.118291,1.0004595
10.119680,1.0000586
10.121068,1.0005693
10.122457,0.9994698
10.123846,1.0006478
10.125235,0.9997258
10.126624,0.9993500
10.128013,0.9996005
10.129402,1.0003951
10.130791,0.9999108
10.132180,1.0001425
10.133569,0.9993538
10.134958,0.9998749
10.136347,1.0004492
10.137735,1.0018980
10.139124,1.0003819
10.140513,1.0006713
10.141902,1.0000853
10.143291,0.9984181
10.144680,1.0006159
10.146069,1.0000176
10.147458,0.9995568
10.148847,0.9995477
10.150236,1.0002199
10.151625,1.0007436
10.153013,1.0001580
10.154402,1.0004908
10.155791,1.0007522
10.157180,1.0000202
10.158569,0.9992652
10.159958,0.9999155
10.161347,0.9990121
10.162736,1.0008422
10.164125,0.9998026
10.165514,0.9993077
10.166903,0.9991250
10.168292,1.0007717
10.169680,1.0006791
10.171069,1.0004812
10.172458,1.0002897
10.173847,1.0003245
10.175236,1.0004749
10.176625,1.0007909
10.178014,0.9993938
10.179403,1.0008678
10.180792,1.0004563
10.182181,0.9999701
10.183570,1.0006842
10.184958,1.0011126
10.186347,1.0000111
10.187736,0.9999894
10.189125,0.9999658
10.190514,1.0003513
10.191903,1.0000926
10.193292,0.9993540
10.194681,1.0002517
10.196070,0.9995053
10.197459,0.9995846
10.198848,1.0007156
10.200237,0.9993939
10.201625,1.0004120
10.203014,0.9999114
10.204403,0.9989215
10.205792,1.0000007
10.207181,0.9995675
10.208570,1.0012775
10.209959,0.9999641
10.211348,0.9996227
10.212737,1.0002808
10.214126,1.0003610
10.215515,0.9994896
10.216904,0.9990110
10.218292,0.9994960
10.219681,1.0000927
10.221070,1.0007497
10.222459,0.9998322
10.223848,0.9999563
10.225237,1.0013359
10.226626,1.0001307
10.228015,1.0000112
10.229404,0.9992767
10.230793,0.9989929
10.232182,0.9995396
10.233570,1.0003711
10.234959,0.9999396
10.236348,0.9993560
10.237737,1.0000973
10.239126,0.9994067
10.240515,1.0001765
10.241904,0.9991210
10.243293,0.9989218
10.244682,0.9991560
10.246071,1.0001784
10.247460,0.9999127
10.248849,1.0007069
10.250237,1.0007780
10.251626,1.0007915
10.253015,0.9989903
10.254404,1.0002032
10.255793,1.0009211
10.257182,0.9997483
10.258571,0.9990391
10.259960,0.9998270
10.261349,0.9993887
10.262738,1.0000128
10.264127,0.9999158
10.265515,1.0000753
10.266904,0.9995269
10.268293,0.9998776
10.269682,0.9997136
10.271071,1.0002920
10.272460,1.0001938
10.273849,1.0000675
10.275238,0.9994654
10.276627,0.9997968
10.278016,1.0002170
10.279405,1.0001421
10.280794,1.0001361
10.282182,1.0016718
10.283571,1.0013742
10.284960,0.9990069
10.286349,1.0000846
10.287738,0.9995268
10.289127,1.0001586
10.290516,0.9991429
10.291905,1.0006219
10.293294,0.9998419
10.294683,0.9998131
10.296072,0.9997991
10.297460,1.0001583
10.298849,1.0004723
10.300238,1.0004461
10.304405,1.0004518
10.305794,0.9999679
10.307183,0.9994909
10.308572,1.0004659
10.309961,1.0000658
10.311350,1.0000029
10.312739,1.0000532
10.314127,1.0008297
10.315516,1.0001551
10.316905,1.0008590
10.318294,1.0000853
10.319683,1.0001301
10.321072,0.9996809
10.322461,0.9997904
10.323850,1.0001179
10.325239,1.0002872
10.326628,0.9999808
10.328017,1.0003595
10.329405,0.9995676
10.330794,0.9991991
10.332183,1.0000546
10.333572,0.9996351
10.334961,1.0000516
10.336350,0.9992126
10.337739,0.9997896
10.339128,1.0005725
10.340517,1.0005322
10.341906,1.0007141
10.343295,0.9997504
10.344684,0.9993459
10.346072,0.9998954
10.347461,0.9995938
10.348850,1.0002238
10.350239,0.9999211
10.351628,1.0006244
10.353017,1.0009194
10.354406,0.9989768
10.355795,1.0010416
10.357184,1.0003394
10.358573,0.9999706
10.359962,1.0000126
10.361350,1.0007595
10.362739,1.0000128
10.364128,0.9999706
10.365517,1.0004169
10.366906,1.0013428
10.368295,0.9996863
10.369684,1.0002945
10.371073,1.0009975
10.372462,0.9998517
10.373851,1.0004397
10.375240,0.9995966
10.376629,0.9998425
10.378017,0.9999329
10.379406,0.9999700
10.380795,1.0002427
10.382184,1.0011086
10.383573,1.0003936
10.384962,0.9995363
10.386351,1.0005276
10.387740,1.0002326
10.389129,0.9998766
10.390518,1.0012613
10.391907,0.9998474
10.393296,1.0002171
10.394684,1.0010051
10.396073,0.9998867
10.397462,1.0004313
10.398851,0.9996377
10.400240,0.9999052
10.401629,1.0009365
10.403018,1.0002470
10.404407,1.0003546
10.405796,1.0002740
10.407185,0.9996637
10.408574,0.9998441
10.409962,1.0004366
10.411351,0.9998354
10.412740,0.9990567
10.414129,0.9998606
10.415518,0.9996234
10.416907,0.9998199
10.418296,1.0013480
10.419685,0.9991833
10.421074,1.0004498
10.422463,0.9996448
10.423852,1.0004855
10.425241,0.9999993
10.426629,0.9992067
10.428018,0.9987742
10.429407,1.0006950
10.430796,1.0007668
10.432185,1.0002477
10.433574,0.9996629
10.434963,1.0006723
10.436352,1.0002000
10.437741,1.0002803
10.439130,0.9998212
10.440519,0.9997676
10.441907,0.9999127
10.443296,0.9992061
10.444685,1.0000570
10.446074,0.9998950
10.447463,1.0000726
10.448852,1.0000971
10.450241,1.0006774
10.451630,1.0002577
10.453019,0.9994538
10.454408,1.0003631
10.455797,1.0002565
10.457186,0.9994526
10.458574,0.9998581
10.459963,0.9998577
10.461352,1.0001497
10.462741,1.0004174
10.464130,0.9996032
10.465519,1.0000109
10.466908,1.0003095
10.468297,0.9993441
10.469686,1.0004904
10.471075,0.9999587
10.472464,1.0001284
10.473852,1.0006096
10.475241,0.9997348
10.476630,1.0000347
10.478019,0.9994160
10.479408,1.0003737
10.480797,1.0000204
10.482186,1.0004780
10.483575,1.0002059
10.484964,0.9987597
10.486353,0.9998646
10.487742,1.0005096
10.489131,0.9999239
10.490519,0.9999274
10.491908,0.9996376
10.493297,0.9999349
10.494686,0.9994806
10.496075,1.0005670
10.497464,1.0007770
10.498853,1.0000302
10.500242,0.9999859
10.501631,0.9992206
10.503020,0.9998388
10.504409,1.0009024
10.505797,1.0009784
10.507186,1.0006766
10.508575,0.9997487
10.509964,0.9996095
10.511353,0.9998234
10.512742,1.0007010
10.514131,1.0002898
10.515520,0.9996011
10.516909,0.9997315
10.518298,1.0007023
10.519687,0.9994014
10.521076,1.0001583
10.522464,0.9997847
10.523853,0.9991143
10.525242,0.9998784
10.526631,0.9997895
10.528020,1.0010976
10.529409,1.0001989
10.530798,1.0004907
10.532187,0.9996997
10.533576,1.0000478
10.534965,1.0006551
10.536354,0.9999058
10.537742,0.9995417
10.539131,1.0004139
10.540520,0.9995126
10.541909,1.0002489
10.543298,1.0006280
10.544687,0.9992283
10.546076,1.0013697
10.547465,1.0001963
10.548854,0.9994726
10.550243,1.0007349
10.551632,1.0002370
10.553021,0.9999941
10.554409,0.9992048
10.555798,1.0007175
10.557187,0.9998364
10.558576,0.9998996
10.559965,1.0002846
10.561354,0.9999284
10.562743,0.9995233
10.564132,0.9998455
10.565521,0.9996389
10.566910,0.9994767
10.568299,1.0000796
10.569687,0.9987950
10.571076,1.0001755
10.572465,0.9993782
10.573854,0.9985450
10.575243,1.0004323
10.576632,0.9993766
10.578021,1.0001812
10.579410,0.9999182
10.580799,0.9994577
10.582188,0.9992099
10.583577,1.0003930
10.584966,0.9988251
10.586354,0.9997313
10.587743,1.0009543
10.589132,1.0007695
10.590521,0.9999579
10.591910,0.9998004
10.593299,0.9991504
10.594688,1.0001659
10.596077,0.9994271
10.597466,0.9997283
10.598855,0.9990641
10.600244,1.0002619
10.601632,0.9995305
10.603021,1.0005831
10.604410,0.9998713
10.605799,1.0012332
10.607188,0.9999432
10.608577,0.9994510
10.609966,0.9991785
10.611355,0.9996609
10.612744,0.9995621
10.614133,1.0004877
10.615522,0.9990000
10.616911,0.9987459
10.618299,1.0002501
10.619688,0.9988275
10.621077,0.9999503
10.622466,0.9995372
10.623855,0.9999111
10.625244,0.9998991
10.626633,0.9993155
10.628022,0.9996806
10.629411,1.0002988
10.630800,1.0008557
10.632189,0.9999978
10.633577,0.9995628
10.634966,0.9993211
10.636355,1.0000081
10.637744,0.9992390
10.639133,0.9990329
10.640522,0.9985609
10.641911,1.0000137
10.643300,0.9999620
10.644689,1.0008580
10.646078,0.9988252
10.647467,1.0001398
10.648856,1.0004378
10.650244,0.9995249
10.651633,1.0004494
10.653022,0.9999251
10.654411,1.0001097
10.655800,1.0001154
10.657189,0.9987795
10.658578,0.9990662
10.659967,0.9979426
10.661356,0.9962734
10.662745,0.9943234
10.664134,0.9921112
10.665522,0.9926937
10.666911,0.9917219
10.668300,0.9910853
10.669689,0.9901263
10.671078,0.9901442
10.672467,0.9912653
10.673856,0.9901458
10.675245,0.9906071
10.676634,0.9900095
10.678023,0.9893407
10.679412,0.9898587
10.680801,0.9895898
10.682189,0.9896545
10.683578,0.9890933
10.684967,0.9904240
10.686356,0.9889780
10.687745,0.9892615
10.689134,0.9891654
10.690523,0.9897074
10.691912,0.9898033
10.693301,0.9876607
10.694690,0.9895513
10.696079,0.9898975
10.697467,0.9884518
10.698856,0.9879956
10.700245,0.9890531
10.701634,0.9884422
10.703023,0.9897894
10.704412,0.9892251
10.705801,0.9883481
10.707190,0.9889891
10.708579,0.9896101
10.709968,0.9894264
10.711357,0.9889579
10.712746,0.9901097
10.714134,0.9891779
10.715523,0.9890936
10.716912,0.9900329
10.718301,0.9895465
10.719690,0.9889407
10.721079,0.9899630
10.722468,0.9890365
10.723857,0.9887796
10.725246,0.9897126
10.726635,0.9908502
10.728024,0.9892367
10.729412,0.9902504
10.730801,0.9892773
10.732190,0.9900522
10.733579,0.9911939
10.734968,0.9908694
10.736357,0.9912097
10.737746,0.9909463
10.739135,0.9910406
10.740524,0.9935157
10.741913,0.9953234
10.743302,0.9957358
10.744691,0.9982692
10.746079,0.9986529
10.747468,0.9993136
10.748857,1.0005891
10.750246,1.0000451
10.751635,0.9994678
10.753024,1.0012969
10.754413,0.9995912
10.755802,1.0004303
10.757191,0.9992254
10.758580,0.9992705
10.759969,0.9995092
10.761357,0.9997717
10.762746,1.0000260
10.764135,1.0001086
10.765524,1.0001860
10.766913,0.9989985
10.768302,0.9994646
10.769691,1.0003193
10.771080,0.9996183
10.772469,1.0002286
10.773858,1.0003300
10.775247,0.9992534
10.776635,0.9997925
10.778024,1.0000440
10.779413,0.9997148
10.780802,0.9993809
10.782191,0.9986480
10.783580,1.0000688
10.784969,0.9993006
10.786358,0.9989802
10.787747,1.0000075
10.789136,1.0003006
10.790525,0.9992906
10.791914,0.9995773
10.793302,0.9991812
10.794691,0.9993298
10.796080,1.0003455
10.797469,0.9996924
10.798858,0.9991548
10.800247,1.0003922
10.801636,0.9994643
10.803025,0.9995307
10.804414,0.9994783
10.805803,0.9989756
10.807192,1.0003302
10.808580,0.9996659
10.809969,0.9995636
10.811358,1.0003108
10.812747,0.9994979
10.814136,0.9990640
10.815525,1.0005397
10.816914,0.9989509
10.818303,1.0001456
10.819692,0.9995538
10.821081,0.9994439
10.822470,1.0006761
10.823859,0.9998869
10.825247,1.0001772
10.826636,0.9999280
10.828025,1.0006640
10.829414,0.9993251
10.830803,0.9995725
10.832192,1.0000353
10.833581,0.9994267
10.834970,0.9996618
10.836359,1.0002932
10.837748,0.9992561
10.839137,0.9995666
10.840525,1.0004859
10.841914,0.9990609
10.843303,0.9990209
10.844692,0.9999060
10.846081,0.9997596
10.847470,1.0002608
10.848859,0.9999199
10.850248,0.9999688
10.851637,1.0003176
10.853026,1.0000438
10.854415,0.9997123
10.855804,1.0006920
10.857192,1.0005815
10.858581,1.0001676
10.859970,0.9996713
10.861359,0.9994706
10.862748,1.0001079
10.864137,0.9997685
10.865526,1.0007305
10.866915,0.9997491
10.868304,1.0003178
10.869693,0.9994944
10.871082,1.0004477
10.872470,1.0002960
10.873859,0.9998619
10.875248,1.0006333
10.876637,1.0005596
10.878026,0.9999775
10.879415,1.0001562
10.880804,0.9989431
10.882193,1.0001191
10.883582,0.9991726
10.884971,1.0004224
10.886360,1.0001930
10.887749,1.0003277
10.889137,0.9998533
10.890526,0.9996929
10.891915,1.0007002
10.893304,1.0010006
10.894693,0.9996535
10.896082,0.9992178
10.897471,0.9998782
10.898860,0.9992060
10.900249,0.9997180
10.901638,1.0001976
10.903027,0.9998122
10.904415,1.0014512
10.905804,0.9999443
10.907193,1.0000801
10.908582,0.9994010
10.909971,0.9997418
10.911360,0.9998521
10.912749,1.0004396
10.914138,1.0001877
10.915527,1.0001662
10.916916,1.0008506
10.918305,1.0005186
10.919694,0.9994540
10.921082,1.0014081
10.922471,0.9998211
10.923860,1.0000061
10.925249,0.9997841
10.926638,0.9998819
10.928027,0.9998101
10.929416,1.0003824
10.930805,1.0003848
10.932194,1.0006154
10.933583,0.9999968
10.934972,0.9993419
10.936360,0.9997282
10.937749,0.9998006
10.939138,0.9993405
10.940527,1.0009369
10.941916,1.0011511
10.943305,1.0001965
10.944694,1.0001880
10.946083,1.0004431
10.947472,0.9992634
10.948861,1.0000640
10.950250,0.9995938
10.951638,0.9999911
10.953027,1.0005047
10.954416,1.0002658
10.955805,0.9998894
10.957194,0.9999073
10.958583,1.0006792
10.959972,1.0002849
10.961361,1.0004607
10.962750,0.9991879
10.964139,1.0001016
10.965528,1.0006034
10.966917,0.9992669
10.968305,0.9996761
10.969694,0.9998585
10.971083,0.9998578
10.972472,1.0005112
10.973861,1.0001919
10.975250,1.0002296
10.976639,1.0005653
10.978028,1.0002194
10.979417,0.9996008
10.980806,1.0007651
10.982195,0.9997487
10.983583,1.0001149
10.984972,0.9998057
10.986361,1.0001456
10.987750,0.9998085
10.989139,0.9995081
10.990528,0.9999644
10.991917,0.9995997
10.993306,0.9999686
10.994695,1.0002090
10.996084,0.9995801
10.997473,0.9999740
10.998862,1.0000612
11.000250,0.9998553
11.001639,1.0004026
11.003028,0.9999773
11.004417,1.0001147
11.005806,0.9997620
11.007195,0.9997561
11.008584,1.0002496
11.009973,1.0012602
11.011362,0.9993185
11.012751,0.9996433
11.014140,0.9996084
11.015528,1.0011913
11.016917,1.0010670
11.018306,0.9999889
11.019695,0.9993096
11.021084,1.0001169
11.022473,1.0005703
11.023862,1.0003439
11.025251,0.9993346
11.026640,1.0004793
11.028029,0.9999497
11.029418,1.0006694
11.030807,1.0007578
11.032195,0.9991953
11.033584,1.0005323
11.034973,0.9991929
11.036362,1.0007428
11.037751,0.9997678
11.039140,0.9998600
11.040529,1.0006405
11.041918,0.9994833
11.043307,0.9998614
11.044696,0.9994837
11.046085,1.0011508
11.047473,0.9995262
11.048862,1.0000539
11.050251,0.9992937
11.051640,0.9998768
11.053029,0.9999099
11.054418,0.9990906
11.055807,0.9992653
11.057196,1.0002541
11.058585,0.9995160
11.059974,1.0003332
11.061363,0.9993838
11.062752,1.0003849
11.064140,1.0001889
11.065529,0.9996776
11.066918,0.9997990
11.068307,1.0005994
11.069696,1.0004495
11.071085,0.9994163
11.072474,1.0000451
11.073863,1.0000544
11.075252,1.0001010
11.076641,1.0004561
11.078030,0.9999622
11.079418,0.9998930
11.080807,1.0001553
11.082196,1.0000905
11.083585,1.0003369
11.084974,1.0000804
11.086363,0.9998230
11.087752,1.0006472
11.089141,1.0004119
11.090530,0.9993708
11.091919,1.0002225
11.093308,1.0001416
11.094696,1.0000377
11.096085,1.0003773
11.097474,1.0010813
11.098863,0.9997195
11.100252,0.9989757
11.101641,1.0007015
11.103030,1.0000263
11.104419,1.0003664
11.105808,1.0005778
11.107197,0.9997865
11.108586,0.9993127
11.109975,0.9993211
11.111363,0.9996134
11.112752,1.0005198
11.114141,1.0004373
11.115530,1.0006717
11.116919,1.0005849
11.118308,0.9998468
11.119697,1.0006551
11.121086,0.9994216
11.122475,1.0003379
11.123864,1.0000326
11.125253,1.0005585
11.126641,0.9992974
11.128030,1.0003595
11.129419,1.0005621
11.130808,1.0000596
11.132197,1.0001061
11.133586,0.9999266
11.134975,0.9991559
11.136364,0.9996224
11.137753,0.9996183
11.139142,1.0000568
11.140531,0.9999456
11.141920,1.0003039
11.143308,1.0005873
11.144697,1.0002087
11.146086,1.0003874
11.147475,0.9998185
11.148864,0.9997287
11.150253,0.9999895
11.151642,0.9996791
11.153031,0.9998530
11.154420,0.9991516
11.155809,0.9999748
11.157198,0.9998236
11.158586,1.0001768
11.159975,0.9989739
11.161364,1.0005408
11.162753,0.9993709
11.164142,0.9991643
11.165531,0.9997897
11.166920,1.0005271
11.168309,0.9992673
11.169698,1.0004253
11.171087,1.0005882
11.172476,0.9993811
11.173864,0.9998548
11.175253,0.9986782
11.178031,0.9998945
11.179420,0.9991805
11.180809,1.0003808
11.182198,0.9996644
11.183587,1.0002592
11.184976,0.9995385
11.186365,0.9992835
11.187754,0.9996216
11.189143,0.9995392
11.190531,0.9988194
11.191920,0.9993975
11.193309,0.9986214
11.194698,1.0003745
11.196087,0.9996992
11.197476,1.0000923
11.198865,0.9999483
11.200254,0.9996046
11.201643,0.9991743
11.204421,0.9999542
11.205809,0.9992292
11.207198,0.9997004
11.208587,0.9995229
11.209976,1.0001571
11.211365,0.9994893
11.212754,0.9991263
11.214143,1.0001536
11.215532,1.0003246
11.216921,0.9994241
11.218310,1.0004529
11.219699,1.0005256
11.221088,0.9992188
11.222476,0.9993740
11.223865,0.9993563
11.225254,1.0003842
11.228032,0.9988602
11.229421,0.9993860
11.232199,1.0002333
11.233588,0.9991980
11.234977,0.9995407
11.236366,1.0000769
11.237754,1.0007699
11.239143,0.9997690
11.240532,0.9988497
11.241921,1.0000440
11.243310,0.9992870
11.244699,1.0000105
11.246088,1.0001207
11.247477,1.0001134
11.248866,1.0005658
11.250255,0.9998024
11.251644,1.0002623
11.253032,0.9999575
11.254421,0.9991626
11.255810,0.9999972
11.257199,1.0000191
11.258588,0.9996753
11.259977,0.9996591
11.261366,1.0004550
11.262755,0.9992812
11.264144,0.9993731
11.265533,0.9993661
11.266922,0.9994007
11.268311,0.9994765
11.269699,1.0005244
11.271088,1.0003516
11.272477,0.9999283
11.273866,1.0002071
11.275255,0.9991867
11.276644,1.0001674
11.278033,1.0010048
11.279422,0.9999815
11.280811,0.9991812
11.282200,1.0000369
11.283589,1.0004081
11.284977,1.0000580
11.286366,1.0003500
11.287755,0.9999616
11.289144,1.0001259
11.290533,0.9996219
11.291922,1.0001178
11.293311,1.0004321
11.294700,1.0007928
11.296089,1.0003062
11.297478,0.9993318
11.298867,0.9997150
11.300256,0.9999650
11.301644,1.0009589
11.303033,0.9984553
11.304422,1.0002681
11.305811,0.9997639
11.307200,1.0005281
11.308589,0.9997618
11.309978,0.9995923
11.311367,0.9999888
11.312756,1.0002203
11.314145,1.0008380
11.315534,1.0004351
11.316922,0.9997985
11.318311,1.0003964
11.319700,1.0001784
11.321089,1.0001070
11.322478,0.9999019
11.323867,0.9994413
11.325256,0.9992381
11.326645,1.0001699
11.328034,1.0003028
11.329423,1.0009415
11.330812,0.9998325
11.332200,1.0001604
11.333589,1.0001921
11.334978,1.0007365
11.336367,0.9994429
11.337756,0.9996256
11.339145,1.0001595
11.340534,1.0001350
11.341923,0.9996865
11.343312,0.9998238
11.344701,0.9994792
11.346090,1.0002401
11.347479,1.0000563
11.348867,1.0012712
11.350256,1.0000366
11.351645,0.9997923
11.353034,0.9994674
11.354423,1.0010134
11.355812,1.0007137
11.357201,0.9998745
11.358590,1.0005564
11.359979,1.0005520
11.361368,1.0001600
11.362757,1.0002928
11.364145,1.0003084
11.365534,0.9996310
11.366923,1.0006787
11.368312,0.9995918
11.369701,1.0007081
11.371090,1.0001072
11.372479,1.0006151
11.373868,1.0002633
11.375257,1.0000728
11.376646,1.0000254
11.378035,1.0014502
11.379424,1.0000177
11.380812,0.9999317
11.382201,1.0007463
11.383590,1.0006735
11.384979,0.9993196
11.386368,1.0009216
11.387757,1.0004550
11.389146,0.9992353
11.390535,1.0001785
11.391924,1.0006136
11.393313,1.0003910
11.394702,0.9994134
11.396090,0.9993617
11.397479,1.0000034
11.398868,1.0001858
11.400257,1.0004531
11.401646,0.9992764
11.403035,0.9999654
11.404424,1.0001094
11.405813,1.0000739
11.407202,1.0002772
11.408591,1.0006075
11.409980,0.9998418
11.411368,0.9998196
11.412757,1.0001292
11.414146,1.0001385
11.415535,1.0003966
11.416924,1.0006784
11.418313,1.0014202
11.419702,1.0026174
11.421091,1.0007562
11.422480,1.0001760
11.423869,1.0007314
11.425258,1.0007975
11.426647,1.0004647
11.428035,0.9998204
11.429424,1.0006923
11.430813,0.9999151
11.432202,1.0000079
11.433591,1.0015160
11.434980,0.9998126
11.436369,0.9998078
11.437758,0.9996529
11.439147,1.0012877
11.440536,0.9992582
11.441925,1.0003945
11.443313,1.0000817
11.444702,1.0003090
11.446091,1.0010312
11.447480,1.0002089
11.448869,1.0002076
11.450258,1.0006923
11.451647,1.0002508
11.453036,1.0006152
11.454425,1.0011378
11.455814,1.0015025
11.457203,1.0000084
11.458591,1.0005074
11.459980,1.0015297
11.461369,1.0005097
11.462758,1.0004639
11.464147,1.0000991
11.465536,1.0010255
11.466925,1.0008054
11.468314,1.0004785
11.469703,1.0003759
11.471092,1.0010154
11.472481,1.0009553
11.473870,0.9997996
11.475258,0.9997779
11.476647,0.9997143
11.478036,0.9997915
11.479425,0.9996789
11.480814,1.0000028
11.482203,0.9992207
11.483592,1.0006222
11.484981,1.0003620
11.486370,0.9998824
11.487759,1.0002493
11.489148,1.0004274
11.490536,1.0013327
11.491925,1.0010555
11.493314,1.0004226
11.494703,1.0009255
11.496092,0.9997668
11.497481,1.0001757
11.498870,1.0001604
11.500259,0.9998888
11.501648,1.0000709
11.503037,1.0014005
11.504426,0.9999809
11.505815,0.9997926
11.507203,1.0010473
11.508592,1.0004199
11.509981,0.9996004
11.511370,0.9990338
11.512759,1.0006714
11.514148,1.0000450
11.515537,0.9990446
11.516926,1.0000114
11.518315,0.9995686
11.519704,0.9998249
11.521093,0.9995541
11.522481,0.9994572
11.523870,0.9999384
11.525259,1.0005095
11.526648,1.0004975
11.528037,0.9989869
11.529426,0.9991830
11.530815,1.0000974
11.532204,0.9990224
11.533593,0.9998795
11.534982,1.0000475
11.536371,0.9998653
11.537759,1.0002449
11.539148,0.9999732
11.540537,0.9997377
11.541926,0.9996447
11.543315,1.0000523
11.544704,0.9995680
11.546093,0.9994783
11.547482,1.0006116
11.548871,0.9987259
11.550260,0.9985851
11.551649,0.9997542
11.553038,0.9998490
11.554426,0.9987614
11.555815,0.9997179
11.557204,0.9997007
11.558593,0.9990527
11.559982,0.9997155
11.561371,1.0002651
11.562760,1.0001433
11.564149,0.9997004
11.565538,1.0003502
11.566927,0.9990367
11.568316,0.9993800
11.569704,0.9993477
11.571093,1.0003534
11.572482,0.9999421
11.573871,0.9995707
11.575260,0.9998599
11.576649,0.9993752
11.578038,1.0001483
11.579427,1.0001515
11.580816,0.9998794
11.582205,0.9990622
11.583594,0.9995708
11.584982,0.9997135
11.586371,1.0001223
11.587760,1.0003401
11.589149,1.0005529
11.590538,0.9997300
11.591927,1.0001835
11.593316,1.0001086
11.594705,0.9990928
11.596094,0.9995483
11.597483,0.9990622
11.598872,1.0003323
11.600261,0.9990573
11.601649,0.9975957
11.603038,0.9953433
11.604427,0.9939046
11.605816,0.9935357
11.607205,0.9911881
11.608594,0.9904880
11.609983,0.9914634
11.611372,0.9900885
11.612761,0.9907543
11.614150,0.9901704
11.615539,0.9909690
11.616927,0.9900377
11.618316,0.9893068
11.619705,0.9891409
11.621094,0.9895182
11.622483,0.9885608
11.623872,0.9895419
11.625261,0.9894190
11.626650,0.9899492
11.628039,0.9889072
11.629428,0.9892696
11.630817,0.9890295
11.632205,0.9889366
11.633594,0.9891392
11.634983,0.9898392
11.636372,0.9891604
11.637761,0.9887320
11.639150,0.9894222
11.640539,0.9892902
11.641928,0.9888188
11.643317,0.9887002
11.644706,0.9897825
11.646095,0.9883441
11.647484,0.9887762
11.648872,0.9901746
11.650261,0.9893863
11.651650,0.9893087
11.653039,0.9896488
11.654428,0.9900347
11.655817,0.9897305
11.657206,0.9897207
11.658595,0.9886419
11.659984,0.9891727
11.661373,0.9894314
11.662762,0.9899061
11.664150,0.9901611
11.665539,0.9893380
11.666928,0.9896753
11.668317,0.9902456
11.669706,0.9908996
11.671095,0.9902171
11.672484,0.9907389
11.673873,0.9899182
11.675262,0.9913700
11.676651,0.9901750
11.678040,0.9908473
11.679428,0.9922266
11.680817,0.9928967
11.682206,0.9933126
11.683595,0.9957555
11.684984,0.9959601
11.686373,0.9986140
11.687762,0.9989845
11.689151,0.9992855
11.690540,1.0002455
11.691929,0.9999517
11.693318,1.0003405
11.694707,0.9990553
11.696095,1.0005178
11.697484,0.9994694
11.698873,0.9989190
11.700262,1.0003022
11.701651,0.9994235
11.703040,1.0002430
11.704429,0.9996362
11.705818,1.0001220
11.707207,1.0000051
11.708596,1.0013848
11.709985,1.0004113
11.711373,1.0002865
11.712762,1.0004432
11.714151,0.9999991
11.715540,0.9992185
11.716929,1.0000712
11.718318,1.0009321
11.719707,1.0001423
11.721096,0.9999256
11.722485,0.9993968
11.723874,0.9996122
11.725263,0.9995292
11.726651,0.9997689
11.728040,1.0001985
11.729429,0.9998321
11.730818,1.0006171
11.732207,0.9996101
11.733596,0.9997443
11.734985,0.9996788
11.736374,1.0003032
11.737763,1.0002564
11.739152,0.9994708
11.740541,0.9991191
11.741930,0.9996155
11.743318,0.9997675
11.744707,0.9999793
11.746096,0.9993874
11.747485,0.9999532
11.748874,0.9999891
11.750263,0.9996910
11.751652,0.9999679
11.753041,0.9998392
11.754430,0.9997189
11.755819,1.0000283
11.757208,1.0000384
11.758596,1.0004929
11.759985,1.0002722
11.761374,1.0005776
11.762763,1.0000626
11.764152,0.9994123
11.765541,0.9997894
11.766930,1.0005930
11.768319,1.0001311
11.769708,1.0009242
11.771097,1.0000618
11.773874,0.9999135
11.776652,0.9993310
11.778041,1.0004820
11.779430,1.0007783
11.780819,0.9999520
11.782208,1.0000091
11.783597,0.9994823
11.784986,1.0009170
11.786375,0.9996407
11.787764,1.0012710
11.789153,1.0002134
11.790541,0.9998834
11.791930,1.0003249
11.793319,1.0008281
11.794708,1.0006582
11.796097,0.9996144
11.797486,1.0005634
11.798875,0.9999412
11.800264,0.9999980
11.801653,1.0016191
11.803042,1.0017117
11.804431,1.0004142
11.805819,0.9997687
11.807208,1.0004225
11.808597,1.0004602
11.809986,1.0003265
11.811375,1.0011352
11.812764,1.0002651
11.814153,1.0002961
11.815542,1.0011740
11.816931,1.0001234
11.818320,1.0001009
11.819709,0.9998470
11.821097,1.0010346
11.822486,1.0019670
11.823875,0.9998869
11.825264,1.0004764
11.826653,0.9996064
11.828042,1.0007931
11.829431,1.0000137
11.830820,0.9998881
11.832209,1.0004717
11.833598,1.0009450
11.834987,1.0006667
11.836376,1.0010074
11.837764,1.0002265
11.839153,1.0003304
11.840542,1.0004571
11.841931,1.0013669
11.843320,1.0010552
11.844709,1.0005061
11.846098,1.0003855
11.847487,1.0008758
11.848876,1.0000758
11.850265,1.0012863
11.853042,1.0004634
11.854431,1.0005162
11.855820,1.0006677
11.857209,1.0002077
11.858598,1.0001455
11.859987,1.0001031
11.861376,0.9995400
11.862765,1.0008358
11.864154,1.0009997
11.865543,1.0002783
11.866932,1.0009472
11.868320,0.9998561
11.869709,1.0013074
11.871098,1.0000899
11.872487,1.0004128
11.875265,1.0010626
11.876654,0.9997135
11.878043,0.9988385
11.879432,1.0008398
11.880821,1.0000569
11.882210,1.0007845
11.883599,1.0001950
11.884987,0.9998633
11.886376,1.0007989
11.887765,1.0004456
11.889154,0.9998986
11.890543,0.9998282
11.891932,1.0009901
11.893321,0.9998285
11.894710,1.0002694
11.896099,0.9993649
11.897488,1.0007696
11.898877,1.0002529
11.900265,1.0003460
11.903043,1.0004545
11.904432,1.0005680
11.905821,1.0006653
11.908599,0.9994938
11.909988,1.0001616
11.911377,1.0005041
11.912766,0.9999508
11.914155,1.0000625
11.915543,1.0008933
11.916932,1.0002609
11.918321,1.0004209
11.919710,1.0008415
11.921099,0.9999282
11.922488,1.0015578
11.925266,0.9995567
11.926655,1.0005877
11.928044,1.0004481
11.929433,1.0006054
11.930822,0.9996070
11.932210,1.0000254
11.933599,1.0002013
11.934988,1.0002717
11.936377,1.0005137
11.937766,1.0007045
11.939155,1.0010088
11.940544,1.0001782
11.941933,1.0007477
11.943322,0.9998068
11.944711,1.0000190
11.946100,0.9996190
11.947488,1.0004591
11.948877,1.0008978
11.954433,1.0004723
11.955822,0.9988202
11.957211,1.0015562
11.958600,1.0010594
11.959989,1.0007663
11.964155,0.9999737
11.965544,1.0001286
11.966933,1.0000105
11.968322,1.0007393
11.971100,1.0000982
11.972489,1.0011407
11.973878,0.9995111
11.975267,1.0009295
11.976656,1.0001176
11.978045,1.0000299
11.979433,1.0013908
11.980822,1.0011135
11.982211,0.9995793
11.983600,0.9994100
11.984989,1.0003100
11.986378,1.0001576
11.987767,1.0003226
11.989156,0.9993700
11.990545,0.9999490
11.991934,1.0010061
11.993323,1.0005220
11.994711,1.0004921
11.996100,1.0002510
11.997489,0.9999213
11.998878,0.9996125
12.000267,1.0004743
12.001656,1.0010982
12.003045,1.0000337
12.004434,0.9999098
12.005823,1.0010184
12.007212,0.9993611
12.008601,1.0007518
12.009989,1.0006995
12.011378,0.9996890
12.012767,0.9993058
12.014156,1.0005625
12.015545,1.0006280
12.016934,1.0012755
12.018323,1.0000957
12.019712,1.0004133
12.021101,1.0002338
12.022490,1.0000978
12.023879,1.0005454
12.025268,1.0000972
12.026656,1.0011808
12.028045,1.0002954
12.029434,0.9996394
12.030823,1.0007798
12.033601,1.0007216
12.034990,1.0001737
12.036379,0.9997398
12.037768,1.0001651
12.039157,1.0001688
12.040546,0.9994622
12.041934,1.0003526
12.043323,0.9995657
12.044712,1.0001715
12.046101,0.9997801
12.047490,0.9997353
12.048879,1.0003354
12.050268,0.9996835
12.051657,1.0000425
12.053046,0.9999758
12.054435,0.9998227
12.055824,1.0003519
12.057212,0.9990793
12.058601,1.0003653
12.059990,0.9997032
12.061379,0.9993929
12.062768,0.9998551
12.064157,0.9991949
12.065546,0.9985148
12.066935,0.9990202
12.068324,0.9992122
12.069713,1.0002402
12.071102,1.0000000
12.072491,0.9991860
12.073879,0.9992119
12.075268,0.9994673
12.076657,0.9999546
12.078046,0.9992683
12.079435,0.9993485
12.080824,1.0005441
12.082213,0.9997116
12.084991,0.9990553
12.086380,0.9990581
12.087769,0.9988020
12.089157,0.9992321
12.090546,0.9993293
12.091935,0.9997116
12.093324,0.9994140
12.094713,0.9996735
12.096102,0.9997721
12.097491,0.9995397
12.098880,0.9990841
12.100269,1.0012627
12.101658,0.9992119
12.103047,0.9998583
12.104435,0.9994577
12.105824,0.9995324
12.107213,0.9998534
12.108602,1.0005571
12.109991,0.9995807
12.111380,0.9997470
12.112769,1.0004539
12.114158,1.0000694
12.115547,0.9998552
12.116936,0.9990280
12.119713,0.9991649
12.121102,1.0002623
12.122491,0.9986048
12.123880,1.0002093
12.125269,0.9997780
12.126658,0.9997970
12.128047,0.9989479
12.129436,0.9992735
12.130825,0.9993854
12.132214,0.9997257
12.133603,0.9986536
12.134992,0.9988513
12.136380,0.9988418
12.137769,0.9992146
12.139158,1.0004297
12.140547,0.9993545
12.141936,1.0001852
12.143325,0.9993822
12.144714,0.9995283
12.146103,0.9997869
12.147492,0.9991471
12.148881,0.9996925
12.150270,0.9993164
12.151658,0.9990315
12.153047,0.9985304
12.154436,1.0001425
12.155825,0.9998389
12.158603,1.0003002
12.159992,1.0006318
12.161381,0.9995616
12.162770,0.9988571
12.164159,1.0006047
12.165548,1.0008011
12.166936,0.9996887
12.169714,0.9999394
12.171103,0.9993389
12.172492,0.9995275
12.173881,1.0006251
12.175270,1.0001355
12.176659,1.0001344
12.178048,1.0003005
12.179437,0.9999355
12.180826,0.9997400
12.182215,0.9994228
12.183603,0.9992065
12.184992,0.9997016
12.186381,0.9997031
12.187770,0.9986788
12.189159,1.0002755
12.190548,0.9999346
12.191937,1.0002433
12.193326,0.9998129
12.194715,0.9998978
12.196104,1.0003084
12.197493,1.0002737
12.198881,1.0003744
12.200270,1.0002502
12.201659,1.0000639
12.203048,0.9998341
12.204437,1.0001607
12.205826,0.9995415
12.207215,1.0003074
12.208604,1.0004666
12.209993,1.0006420
12.211382,1.0005216
12.212771,1.0003774
12.214159,1.0006051
12.215548,0.9999983
12.216937,1.0004936
12.218326,1.0001819
12.219715,1.0003378
12.221104,1.0004281
12.222493,1.0008005
12.223882,1.0002740
12.226660,1.0003526
12.228049,0.9997999
12.229438,1.0012050
12.230826,0.9995820
12.232215,1.0003859
12.233604,0.9998854
12.234993,1.0002016
12.236382,1.0002468
12.237771,0.9996251
12.239160,1.0006171
12.240549,1.0003585
12.241938,1.0008868
12.244716,0.9998774
12.246104,0.9994847
12.247493,0.9998393
12.248882,0.9987202
12.250271,1.0004532
12.251660,0.9999947
12.253049,0.9993418
12.254438,1.0005034
12.255827,1.0012452
12.258605,0.9999562
12.259994,1.0004475
12.261382,0.9998863
12.262771,0.9993761
12.264160,1.0006092
12.265549,1.0000358
12.266938,0.9999710
12.268327,1.0006117
12.269716,0.9999749
12.271105,1.0010133
12.272494,0.9994856
12.273883,0.9998525
12.275272,1.0003814
12.276660,0.9993777
12.278049,0.9997156
12.279438,0.9994586
12.280827,1.0000151
12.282216,0.9996995
12.283605,1.0011726
12.284994,1.0002964
12.286383,0.9994281
12.287772,0.9995493
12.289161,1.0003922
12.290550,1.0006052
12.291939,1.0005823
12.293327,1.0007989
12.294716,0.9999857
12.296105,1.0000982
12.297494,1.0001647
12.300272,0.9993364
12.301661,1.0000037
12.303050,0.9997802
12.304439,1.0005534
12.305828,0.9997148
12.307217,0.9996427
12.309994,1.0001297
12.311383,1.0005113
12.312772,0.9991797
12.314161,1.0002685
12.315550,1.0005115
12.316939,1.0011054
12.318328,1.0004196
12.319717,0.9998402
12.321106,0.9996676
12.322495,1.0002595
12.323883,1.0005664
12.325272,1.0000758
12.326661,0.9994253
12.328050,0.9997481
12.329439,1.0002634
12.330828,1.0002393
12.332217,1.0002706
12.333606,0.9997033
12.334995,1.0005563
12.336384,0.9996407
12.337773,1.0002102
12.339162,0.9996782
12.340550,0.9993349
12.343328,0.9995577
12.344717,0.9997192
12.346106,0.9999593
12.347495,1.0006159
12.348884,0.9995762
12.350273,0.9995539
12.351662,1.0002946
12.353051,0.9998370
12.354440,1.0004596
12.355828,0.9997445
12.357217,0.9998558
12.358606,1.0000784
12.359995,1.0003522
12.361384,0.9991657
12.362773,0.9990070
12.364162,1.0007643
12.366940,1.0005769
12.368329,1.0001413
12.369718,0.9996231
12.371106,1.0001975
12.372495,0.9996003
12.373884,1.0000524
12.375273,1.0001216
12.376662,1.0009736
12.378051,0.9996349
12.379440,1.0012408
12.380829,0.9996433
12.382218,0.9999317
12.383607,0.9997685
12.384996,1.0006756
12.386385,1.0002065
12.389162,0.9996161
12.390551,0.9994501
12.391940,0.9990098
12.393329,0.9992073
12.394718,1.0000874
12.396107,0.9998577
12.397496,0.9999082
12.398885,1.0002521
12.400274,1.0004022
12.401663,0.9993481
12.403051,1.0001754
12.404440,1.0000636
12.405829,1.0004959
12.407218,0.9993112
12.408607,0.9999148
12.409996,1.0004282
12.411385,0.9990502
12.412774,1.0003729
12.414163,1.0003442
12.415552,0.9996051
12.416941,0.9996864
12.418329,1.0001807
12.419718,0.9995207
12.421107,0.9997688
12.422496,1.0004151
12.423885,0.9991003
12.425274,0.9998106
12.426663,1.0009412
12.428052,1.0008513
12.429441,0.9996121
12.430830,1.0000617
12.432219,0.9995140
12.433607,0.9996362
12.434996,0.9995815
12.436385,1.0000272
12.437774,0.9993885
12.439163,0.9998050
12.440552,0.9992270
12.441941,1.0005000
12.443330,0.9995474
12.444719,0.9988676
12.446108,0.9996448
12.447497,0.9994256
12.448886,0.9996773
12.450274,0.9996391
12.451663,1.0006144
12.453052,0.9994835
12.454441,0.9998987
12.455830,0.9990514
12.457219,1.0000209
12.458608,0.9999469
12.459997,0.9996159
12.461386,0.9991741
12.462775,1.0005593
12.464164,0.9995733
12.465552,0.9997355
12.466941,0.9992601
12.469719,0.9985946
12.471108,0.9994410
12.472497,0.9992154
12.473886,0.9987157
12.475275,0.9992577
12.476664,0.9985377
12.478053,0.9988077
12.479442,0.9999517
12.480830,0.9989070
12.482219,0.9999056
12.483608,0.9998134
12.484997,0.9987521
12.486386,0.9989535
12.487775,0.9988596
12.489164,0.9986276
12.490553,1.0013603
12.491942,1.0000070
12.494720,0.9991645
12.496109,0.9996409
12.497497,0.9999849
12.498886,0.9992137
12.500275,0.9997930
12.501664,0.9998498
12.503053,0.9997739
12.504442,0.9997611
12.505831,0.9999499
12.507220,0.9992273
12.508609,0.9999818
12.509998,0.9992317
12.512775,1.0008558
12.514164,0.9999539
12.515553,0.9996915
12.516942,0.9994057
12.518331,0.9987804
12.519720,0.9992415
12.530831,1.0000000
12.532220,1.0004572
12.533609,1.0001333
12.534998,0.9998819
12.536387,1.0008581
12.537776,1.0000498
12.539165,0.9996003
12.540554,0.9991539
12.541943,0.9988984
12.543331,0.9976028
12.544720,0.9960986
12.546109,0.9948932
12.547498,0.9940891
12.548887,0.9910001
12.550276,0.9907196
12.551665,0.9915131
12.553054,0.9908950
12.554443,0.9909138
12.555832,0.9899929
12.557221,0.9904465
12.558610,0.9903444
12.559998,0.9908940
12.561387,0.9904273
12.562776,0.9896410
12.564165,0.9905544
12.565554,0.9892751
12.566943,0.9897236
12.568332,0.9903202
12.569721,0.9892183
12.571110,0.9889969
12.572499,0.9893230
12.573888,0.9895752
12.575276,0.9900298
12.576665,0.9885305
12.578054,0.9896618
12.579443,0.9891347
12.580832,0.9886951
12.582221,0.9894952
12.583610,0.9889696
12.584999,0.9887317
12.586388,0.9886491
12.587777,0.9892851
12.589166,0.9884630
12.590554,0.9894999
12.591943,0.9898764
12.593332,0.9894012
12.594721,0.9891094
12.596110,0.9892145
12.597499,0.9894181
12.598888,0.9895866
12.600277,0.9892604
12.601666,0.9898955
12.603055,0.9892809
12.604444,0.9898452
12.605833,0.9888888
12.607221,0.9893806
12.608610,0.9892948
12.609999,0.9900561
12.611388,0.9888473
12.614166,0.9906744
12.615555,0.9893798
12.616944,0.9897517
12.618333,0.9916428
12.619722,0.9902339
12.621111,0.9916894
12.622499,0.9922521
12.623888,0.9932783
12.625277,0.9944896
12.626666,0.9966923
12.628055,0.9975050
12.629444,0.9986602
12.630833,0.9984990
12.632222,0.9985587
12.633611,1.0002635
12.635000,1.0004905
12.636389,1.0000055
12.637777,0.9988171
12.639166,1.0001034
12.640555,0.9994656
12.641944,1.0000156
12.643333,0.9987895
12.644722,1.0003823
12.646111,0.9996372
12.647500,1.0000009
12.648889,0.9983342
12.650278,0.9998261
12.651667,0.9989865
12.653055,1.0004279
12.654444,1.0000596
12.655833,0.9999121
12.657222,0.9991466
12.658611,0.9994434
12.660000,0.9995622
12.661389,0.9992725
12.662778,0.9992804
12.664167,1.0000063
12.665556,0.9986581
12.666945,0.9987244
12.668334,0.9998061
12.669722,0.9987226
12.671111,0.9988337
12.672500,0.9991103
12.673889,0.9995920
12.675278,1.0003553
12.676667,1.0003260
12.678056,0.9995988
12.679445,1.0002691
12.680834,1.0008919
12.682223,0.9998338
12.683612,0.9991417
12.685000,0.9993813
12.686389,0.9995488
12.687778,0.9995399
12.689167,0.9994710
12.690556,0.9995203
12.691945,0.9996210
12.693334,0.9989085
12.694723,0.9992009
12.696112,1.0007035
12.697501,1.0000957
12.698890,0.9994563
12.700278,0.9997114
12.701667,0.9990372
12.703056,0.9998753
12.704445,0.9999529
12.705834,0.9997492
12.707223,0.9998903
12.708612,0.9990812
12.710001,1.0008116
12.711390,1.0003525
12.712779,1.0001748
12.714168,1.0001020
12.715557,0.9992465
12.716945,0.9993941
12.718334,0.9995540
12.719723,1.0006617
12.721112,1.0004696
12.722501,0.9994302
12.723890,0.9993777
12.725279,1.0000196
12.726668,1.0002997
12.728057,0.9997365
12.729446,0.9990903
12.730835,0.9989451
12.732223,0.9999186
12.733612,0.9991655
12.735001,0.9999265
12.736390,0.9999991
12.737779,1.0006727
12.739168,0.9993857
12.740557,1.0005779
12.741946,0.9999583
12.743335,0.9993984
12.744724,1.0004997
12.746113,0.9995018
12.747501,1.0001430
12.748890,1.0002301
12.750279,0.9989228
12.751668,1.0000909
12.753057,0.9991302
12.754446,0.9997866
12.755835,1.0007077
12.757224,0.9997236
12.758613,0.9996246
12.760002,1.0004810
12.761391,1.0004247
12.762779,0.9998311
12.764168,0.9993352
12.765557,1.0010583
12.766946,0.9996928
12.768335,1.0008377
12.769724,1.0005422
12.771113,0.9996726
12.772502,0.9987367
12.773891,1.0004987
12.775280,0.9997011
12.776669,0.9994527
12.778058,0.9999376
12.779446,1.0003705
12.780835,1.0007668
12.782224,1.0001313
12.783613,0.9996574
12.785002,1.0007772
12.786391,0.9992396
12.787780,1.0003817
12.789169,0.9996623
12.790558,1.0000680
12.791947,0.9992418
12.793336,1.0001674
12.794724,1.0010036
12.796113,1.0006100
12.797502,0.9994040
12.798891,1.0012016
12.800280,1.0002326
12.801669,1.0010606
12.803058,1.0001117
12.804447,1.0008039
12.805836,1.0005906
12.807225,0.9997620
12.808614,1.0008054
12.810002,0.9995434
12.811391,0.9990969
12.812780,0.9993656
12.814169,0.9999323
12.815558,1.0001286
12.816947,1.0000232
12.818336,1.0000333
12.819725,0.9995627
12.821114,0.9993672
12.822503,0.9998760
12.823892,1.0002669
12.825281,0.9986348
12.826669,1.0011410
12.828058,0.9992303
12.829447,1.0012272
12.830836,1.0012488
12.832225,1.0006121
12.833614,1.0005803
12.835003,0.9997359
12.836392,1.0005210
12.837781,1.0006550
12.839170,1.0004010
12.840559,0.9999751
12.841947,0.9995160
12.843336,1.0002230
12.844725,1.0008115
12.846114,1.0004044
12.847503,1.0007309
12.848892,0.9998233
12.850281,0.9997213
12.851670,0.9997985
12.853059,0.9994272
12.854448,0.9995276
12.855837,1.0013909
12.857225,1.0000657
12.858614,0.9998411
12.860003,0.9999352
12.861392,1.0004346
12.862781,1.0001734
12.864170,0.9995346
12.865559,0.9999738
12.866948,1.0003404
12.868337,0.9999363
12.869726,1.0007805
12.871115,0.9995600
12.872503,1.0006321
12.873892,1.0008529
12.875281,1.0003043
12.876670,1.0002730
12.878059,1.0002430
12.879448,1.0002056
12.880837,1.0002019
12.882226,0.9995285
12.883615,0.9992758
12.885004,1.0006986
12.886393,1.0002184
12.887782,0.9993986
12.889170,1.0008263
12.890559,1.0005619
12.891948,1.0001196
12.893337,1.0004616
12.894726,0.9994700
12.896115,1.0000233
12.897504,1.0003635
12.898893,0.9999116
12.900282,1.0002650
12.901671,0.9999096
12.903060,1.0001365
12.904448,0.9995886
12.905837,0.9998871
12.907226,1.0002094
12.908615,0.9985132
12.910004,1.0003446
12.911393,0.9994098
12.912782,1.0002300
12.914171,0.9992984
12.915560,0.9996137
12.916949,1.0001068
12.918338,1.0009183
12.919726,1.0000271
12.921115,1.0010813
12.922504,0.9996648
12.923893,1.0003898
12.925282,0.9997015
12.926671,0.9995791
12.928060,0.9998171
12.929449,1.0000312
12.930838,0.9996287
12.932227,0.9992189
12.933616,1.0003817
12.935005,1.0000933
12.936393,1.0005463
12.937782,0.9992666
12.939171,0.9993361
12.940560,0.9999194
12.941949,0.9992243
12.943338,0.9998948
12.944727,1.0012289
12.946116,0.9993021
12.947505,1.0007004
12.948894,1.0005616
12.950283,1.0005019
12.951671,1.0003248
12.953060,1.0001916
12.954449,1.0007810
12.955838,1.0010481
12.957227,0.9989414
12.958616,0.9993381
12.960005,0.9996950
12.961394,1.0008417
12.962783,1.0001739
12.964172,1.0001380
12.965561,0.9998204
12.966949,0.9996254
12.968338,0.9990729
12.969727,1.0005015
12.971116,1.0005089
12.972505,0.9999971
12.973894,1.0000939
12.975283,1.0003275
12.976672,0.9993250
12.978061,0.9998897
12.979450,0.9999675
12.980839,1.0003362
12.982228,1.0004568
12.983616,1.0011590
12.985005,1.0007120
12.986394,1.0000633
12.987783,1.0005803
12.989172,0.9997189
12.990561,1.0003518
12.991950,1.0000164
12.993339,0.9995352
12.994728,0.9995133
12.996117,1.0007351
12.997506,1.0004365
12.998894,1.0002694
13.000283,0.9997868
13.001672,0.9998159
13.003061,0.9991572
13.004450,0.9998594
13.005839,0.9999058
13.007228,1.0002220
13.008617,0.9998867
13.010006,1.0006175
13.011395,0.9993218
13.012784,1.0000117
13.014172,0.9996641
13.015561,0.9992589
13.016950,0.9993841
13.018339,1.0002927
13.019728,1.0002676
13.021117,1.0003569
13.022506,0.9997148
13.023895,0.9998512
13.025284,1.0003967
13.026673,0.9996242
13.028062,1.0005643
13.029451,1.0005430
13.030839,1.0000201
13.032228,1.0005493
13.033617,1.0001936
13.035006,1.0002162
13.036395,1.0003330
13.037784,1.0003777
13.039173,1.0011457
13.040562,1.0009835
13.041951,1.0005318
13.043340,1.0010243
13.044729,1.0008752
14.493363,0.9933474
14.494752,0.9946307
14.496141,0.9935709
14.497530,0.9934135
14.498919,0.9934669
14.500308,0.9932017
14.501697,0.9935720
14.503086,0.9938264
14.504474,0.9948283
14.505863,0.9952145
14.507252,0.9954690
14.508641,0.9980394
14.510030,0.9996610
14.511419,0.9995465
14.512808,1.0004659
14.514197,1.0026583
14.515586,1.0020301
14.516975,1.0017641
14.518364,1.0021902
14.519752,1.0011580
14.521141,1.0015574
14.522530,1.0009653
14.523919,1.0007067
14.525308,1.0010058
14.526697,1.0006838
14.528086,1.0006308
14.529475,1.0007372
14.530864,1.0004319
14.532253,1.0001180
14.533642,1.0009591
14.535030,1.0000997
14.536419,1.0004247
14.537808,0.9990935
14.539197,1.0009043
14.540586,1.0006441
14.541975,1.0003623
14.543364,0.9994894
14.544753,1.0002189
14.546142,1.0000803
14.547531,0.9997538
14.548920,0.9998698
14.550309,0.9993128
14.551697,0.9990747
14.553086,1.0004354
14.554475,0.9992843
14.555864,0.9990177
14.557253,1.0000041
14.558642,1.0001013
14.560031,0.9988179
14.561420,0.9999738
14.562809,0.9990756
14.564198,0.9998460
14.565587,0.9998787
14.566975,1.0002653
14.568364,0.9998932
14.569753,1.0001447
14.571142,0.9998812
14.572531,0.9997643
14.573920,0.9997950
14.575309,0.9981929
14.576698,0.9986887
14.578087,0.9999517
14.579476,1.0001447
14.580865,0.9993132
14.582253,0.9998374
14.583642,0.9982116
14.585031,0.9989138
14.586420,0.9999423
14.587809,0.9990457
14.589198,0.9989387
14.590587,0.9999530
14.591976,0.9992376
14.593365,0.9990266
14.594754,0.9992756
14.596143,0.9995877
14.597531,0.9999853
14.598920,0.9985381
14.600309,0.9998226
14.601698,0.9995863
14.603087,1.0001365
14.604476,1.0002325
14.605865,0.9991436
14.607254,0.9992007
14.608643,0.9999949
14.610032,1.0001127
14.611421,0.9994701
14.612809,1.0000010
14.614198,1.0000766
14.615587,1.0003037
14.616976,0.9998377
14.618365,0.9999652
14.619754,1.0003612
14.621143,0.9992436
14.622532,0.9994822
14.623921,1.0009002
14.625310,1.0002541
14.626699,0.9989003
14.628087,0.9999897
14.629476,1.0003791
14.630865,1.0002654
14.632254,0.9995595
14.633643,1.0002361
14.635032,1.0009825
14.636421,1.0006009
14.637810,1.0000256
14.639199,0.9993163
14.640588,1.0006232
14.641977,0.9999935
14.643365,0.9996292
14.644754,0.9990223
14.646143,1.0005513
14.647532,1.0010284
14.648921,0.9996260
14.650310,1.0007581
14.651699,1.0000145
14.653088,0.9997288
14.654477,1.0006677
14.655866,0.9999639
14.657255,0.9998827
14.658643,0.9998964
14.660032,1.0004164
14.661421,1.0004964
14.662810,1.0003264
14.664199,0.9997643
14.665588,1.0004932
14.666977,1.0002386
14.668366,1.0007896
14.669755,1.0011546
14.671144,1.0000107
14.672533,1.0003790
14.673921,0.9995792
14.675310,1.0010235
14.676699,1.0004876
14.678088,1.0006085
14.679477,1.0003798
14.680866,1.0009903
14.682255,1.0009085
14.683644,1.0001720
14.685033,1.0005521
14.686422,1.0001026
14.687811,1.0004787
14.689199,1.0001818
14.690588,1.0007088
14.691977,1.0008154
14.693366,1.0003579
14.694755,1.0006701
14.696144,1.0005613
14.697533,0.9999373
14.698922,0.9995051
14.700311,1.0009707
14.701700,1.0007867
14.703089,1.0003067
14.704478,1.0009439
14.705866,1.0003057
14.707255,1.0001091
14.708644,0.9996851
14.710033,0.9994501
14.711422,1.0009380
14.712811,1.0002352
14.714200,1.0016415
14.715589,1.0002169
14.716978,0.9992169
14.718367,1.0009392
14.719756,1.0000866
14.721144,1.0012790
14.722533,1.0006159
14.723922,1.0003008
14.725311,1.0010275
14.726700,1.0003145
14.728089,1.0006186
14.729478,1.0008671
14.730867,0.9999066
14.732256,1.0005514
14.733645,1.0004173
14.735034,0.9999081
14.736422,1.0003462
14.737811,0.9991963
14.739200,0.9997446
14.740589,1.0005640
14.741978,1.0019771
14.743367,1.0006801
14.744756,1.0006778
14.746145,0.9996461
14.747534,1.0007824
14.748923,1.0001278
14.750312,1.0008544
14.751700,1.0007239
14.753089,1.0012158
14.754478,1.0006387
14.755867,0.9999602
14.757256,1.0008980
14.758645,0.9999567
14.760034,0.9997374
14.761423,1.0000132
14.762812,0.9999352
14.764201,1.0001646
14.765590,1.0006345
14.766978,1.0006543
14.768367,1.0004813
14.769756,1.0006127
14.771145,1.0004583
14.772534,1.0003979
14.773923,0.9997384
14.775312,0.9998614
14.776701,1.0004531
14.778090,1.0018872
14.779479,1.0000149
14.780868,1.0004715
14.782256,0.9997556
14.783645,0.9999452
14.785034,1.0003192
14.786423,0.9995641
14.787812,1.0004515
14.789201,1.0007452
14.790590,1.0001104
14.791979,0.9999144
14.793368,0.9999450
14.794757,1.0002172
14.796146,0.9996838
14.797534,1.0002419
14.798923,1.0000152
14.800312,0.9999238
14.801701,0.9999133
14.803090,1.0006589
14.804479,0.9996169
14.805868,1.0001140
14.807257,0.9998757
14.808646,1.0001407
14.810035,1.0000793
14.811424,0.9996354
14.812812,0.9997556
14.814201,1.0000159
14.815590,0.9998903
14.816979,1.0011001
14.818368,1.0004398
14.819757,0.9997859
14.821146,1.0002788
14.822535,1.0001820
14.823924,0.9995402
14.825313,0.9998944
14.826702,0.9992832
14.828090,0.9997625
14.829479,1.0004961
14.830868,0.9992456
14.832257,1.0003890
14.833646,1.0003130
14.835035,0.9999927
14.836424,0.9998286
14.837813,1.0000100
14.839202,0.9996808
14.840591,0.9992165
14.841980,0.9995465
14.843368,0.9998791
14.844757,1.0003208
14.846146,0.9995375
14.847535,1.0001841
14.848924,0.9996591
14.850313,1.0003484
14.851702,1.0000362
14.853091,0.9996260
14.854480,0.9993703
14.855869,1.0003042
14.857258,1.0010227
14.858646,1.0007430
14.860035,0.9996962
14.861424,0.9996228
14.862813,1.0010200
14.864202,1.0000877
14.865591,1.0004968
14.866980,0.9994530
14.868369,0.9996006
14.869758,0.9999567
14.871147,1.0000994
14.872536,0.9996308
14.873924,0.9996289
14.875313,1.0002414
14.876702,1.0004702
14.878091,1.0002609
14.879480,1.0005437
14.880869,1.0003201
14.882258,0.9990525
14.883647,0.9994921
14.885036,1.0001080
14.886425,1.0004265
14.887814,0.9992144
14.889202,1.0008296
14.890591,0.9992890
14.891980,0.9996759
14.893369,0.9992116
14.894758,0.9994955
14.896147,0.9993323
14.897536,0.9994993
14.898925,0.9992045
14.900314,0.9996646
14.901703,1.0001019
14.903092,0.9993836
14.904480,0.9991665
14.905869,0.9988268
14.907258,0.9999342
14.908647,0.9997419
14.910036,0.9994441
14.911425,1.0002550
14.912814,0.9996539
14.914203,1.0006734
14.915592,1.0002419
14.916981,1.0001437
14.918370,1.0007921
14.919758,0.9994748
14.921147,0.9990977
14.922536,1.0000747
14.923925,0.9993678
14.925314,1.0004420
14.926703,0.9983069
14.928092,1.0000135
14.929481,0.9998528
14.930870,0.9998983
14.932259,0.9992969
14.933648,1.0006167
14.935036,0.9993548
14.936425,0.9995392
14.937814,0.9993960
14.939203,1.0004402
14.940592,1.0000368
14.941981,0.9988982
14.943370,0.9993779
14.944759,0.9989493
14.946148,1.0010092
14.947537,0.9996855
14.948926,0.9989156
14.950314,0.9993233
14.951703,0.9998970
14.953092,1.0000327
14.954481,1.0001410
14.955870,0.9997077
14.957259,1.0007435
14.958648,0.9986911
14.960037,0.9999247
14.961426,0.9993436
14.962815,0.9995774
14.964204,0.9996699
14.965592,1.0005142
14.966981,0.9993075
14.968370,0.9991974
14.969759,0.9996123
14.971148,0.9998895
14.972537,0.9992773
14.973926,0.9991667
14.975315,0.9990248
14.976704,0.9993549
14.978093,0.9997928
14.979482,1.0005008
14.980870,0.9997678
14.982259,0.9996851
14.983648,1.0006924
14.985037,0.9998938
14.986426,0.9994262
14.987815,0.9994618
14.989204,0.9996394
14.990593,1.0004434
14.991982,1.0004980
14.993371,1.0006230
14.994760,0.9994349
14.996148,1.0001083
14.997537,0.9991020
14.998926,1.0001095
15.000315,1.0007179
15.001704,1.0002967
15.003093,1.0000599
15.004482,1.0009628
15.005871,0.9998304
15.007260,0.9996496
15.008649,1.0003094
15.010038,0.9998979
15.011426,1.0003242
15.012815,1.0000755
15.014204,0.9998696
15.015593,1.0006215
15.016982,0.9994857
15.018371,0.9998793
15.019760,0.9995707
15.021149,0.9992872
15.022538,1.0002835
15.023927,1.0002332
15.025316,0.9995823
15.026704,1.0003538
15.028093,0.9996657
15.029482,1.0001193
15.030871,1.0008790
15.032260,0.9992485
15.033649,0.9993944
15.035038,0.9996971
15.036427,0.9997635
15.037816,1.0001135
15.039205,0.9999646
15.040594,0.9996791
15.041982,1.0004768
15.043371,1.0003179
15.044760,0.9992772
15.046149,0.9996569
15.047538,0.9995453
15.048927,1.0000432
15.050316,0.9994078
15.051705,1.0003407
15.053094,1.0004234
15.054483,1.0004496
15.055872,1.0009822
15.057260,0.9995116
15.058649,0.9993313
15.060038,0.9998725
15.061427,0.9994926
15.062816,0.9998891
15.064205,1.0001776
15.065594,0.9997738
15.066983,1.0014218
15.068372,0.9999798
15.069761,1.0010327
15.071150,1.0007452
15.072538,1.0000507
15.073927,1.0004679
15.075316,1.0003253
15.076705,0.9998811
15.078094,0.9994376
15.079483,0.9999347
15.080872,1.0000739
15.082261,1.0002136
15.083650,1.0003535
15.085039,0.9997711
15.086428,1.0000907
15.087816,1.0011954
15.089205,0.9989510
15.090594,1.0005937
15.091983,0.9995895
15.093372,1.0003011
15.094761,1.0004322
15.096150,1.0005421
15.097539,1.0003043
15.098928,0.9997288
15.100317,1.0002440
15.101706,1.0007218
15.103094,0.9992521
15.104483,0.9998395
15.105872,1.0006912
15.107261,1.0001142
15.108650,1.0001733
15.110039,1.0000501
15.111428,0.9994564
15.112817,1.0001006
15.114206,1.0005923
15.115595,0.9997838
15.116984,0.9998618
15.118372,0.9996583
15.119761,1.0004854
15.121150,1.0011073
15.122539,1.0006037
15.123928,1.0008121
15.125317,1.0003471
15.126706,0.9994822
15.128095,1.0000226
15.129484,0.9994373
15.130873,1.0008925
15.132262,1.0000020
15.133650,0.9997627
15.135039,0.9992318
15.136428,0.9998953
15.137817,0.9995689
15.139206,1.0003951
15.140595,0.9999148
15.141984,1.0010897
15.143373,0.9993782
15.144762,1.0001406
15.146151,0.9990132
15.147540,1.0003192
15.148928,1.0007103
15.150317,1.0004806
15.151706,0.9996853
15.153095,0.9992288
15.154484,1.0002279
15.155873,1.0001152
15.157262,1.0011985
15.158651,0.9999208
15.160040,1.0007174
15.161429,1.0001524
15.162818,1.0003118
15.164206,1.0002329
15.165595,1.0005815
15.166984,1.0008089
15.168373,0.9996857
15.169762,1.0008653
15.171151,1.0001988
15.172540,1.0000701
15.173929,1.0002289
15.175318,0.9997014
15.176707,1.0012695
15.178096,1.0003727
15.179484,1.0005043
15.180873,0.9991906
15.182262,0.9998101
15.183651,1.0002945
15.185040,1.0000540
15.186429,0.9994956
15.187818,0.9997173
15.189207,0.9997278
15.190596,1.0005287
15.191985,1.0004819
15.193374,1.0004573
15.194762,1.0003277
15.196151,0.9997738
15.197540,0.9999865
15.198929,0.9982450
15.200318,0.9999094
15.201707,1.0003392
15.203096,0.9996889
15.204485,1.0004349
15.205874,1.0003607
15.207263,0.9998138
15.208652,0.9986137
15.210040,1.0005775
15.211429,0.9996641
15.212818,0.9999698
15.214207,1.0008121
15.215596,1.0008955
15.216985,0.9991052
15.218374,0.9995514
15.219763,1.0008397
15.221152,1.0008394
15.222541,1.0000749
15.223929,0.9984276
15.225318,0.9995146
15.226707,0.9996398
15.228096,0.9998359
15.229485,0.9989134
15.230874,1.0008112
15.232263,1.0002622
15.233652,0.9999027
15.235041,0.9996191
15.236430,1.0000399
15.237819,1.0004625
15.239207,1.0004954
15.240596,0.9998217
15.241985,0.9997713
15.243374,0.9999270
15.244763,0.9999239
15.246152,1.0000000
15.247541,0.9996017
15.248930,0.9994507
15.250319,1.0001749
15.251708,1.0003839
15.253097,0.9995129
15.254485,0.9997567
15.255874,1.0000285
15.257263,0.9996273
15.258652,1.0002668
15.260041,0.9995715
15.261430,0.9996023
15.262819,0.9995186
15.264208,1.0007734
15.265597,0.9997951
15.266986,0.9994246
15.268375,0.9999091
15.269763,1.0003646
15.271152,0.9996871
15.272541,1.0001877
15.273930,1.0008862
15.275319,0.9994786
15.276708,1.0003130
15.278097,1.0000304
15.279486,1.0001632
15.280875,0.9998069
15.282264,0.9993382
15.283653,0.9999504
15.285041,0.9998780
15.286430,0.9992711
15.287819,0.9997592
15.289208,0.9992042
15.290597,1.0000418
15.291986,0.9989816
15.293375,1.0004910
15.294764,0.9995750
15.296153,0.9989136
15.297542,1.0002983
15.298931,1.0001417
15.300319,0.9999133
15.301708,0.9997518
15.303097,1.0004486
15.304486,0.9988242
15.305875,0.9995529
15.307264,1.0000267
15.308653,0.9995171
15.310042,1.0001462
15.311431,1.0008407
15.312820,0.9994409
15.314209,1.0002806
15.315597,0.9989501
15.316986,0.9991292
15.318375,0.9991019
15.319764,0.9985037
15.321153,1.0001553
15.322542,0.9994269
15.323931,0.9991924
15.325320,0.9999578
15.326709,1.0008432
15.328098,1.0004209
15.329487,0.9997389
15.330875,0.9994221
15.332264,0.9996356
15.333653,1.0000578
15.335042,1.0002873
15.336431,0.9998020
15.337820,0.9986362
15.339209,0.9989637
15.340598,0.9997537
15.341987,0.9996979
15.343376,1.0002300
15.344765,1.0000818
15.346153,0.9992395
15.347542,1.0001804
15.348931,0.9996766
15.350320,0.9997504
15.351709,0.9983630
15.353098,0.9996698
15.354487,0.9991003
15.355876,0.9989967
15.357265,0.9994431
15.358654,0.9994022
15.360043,1.0003471
15.361431,0.9995549
15.362820,1.0002261
15.364209,0.9990237
15.365598,0.9977737
15.366987,0.9977882
15.368376,0.9966449
15.369765,0.9947703
15.371154,0.9932337
15.372543,0.9920029
15.373932,0.9912385
15.375320,0.9906749
15.376709,0.9901386
15.378098,0.9916220
15.379487,0.9897855
15.380876,0.9897053
15.382265,0.9902581
15.383654,0.9892698
15.385043,0.9893643
15.386432,0.9897409
15.387821,0.9901121
15.389210,0.9896456
15.390598,0.9893127
15.391987,0.9895037
15.393376,0.9899254
15.394765,0.9886283
15.396154,0.9884900
15.397543,0.9886212
15.398932,0.9895637
15.400321,0.9894227
15.401710,0.9884768
15.403099,0.9893850
15.404488,0.9891335
15.405876,0.9890935
15.407265,0.9893392
15.408654,0.9893286
15.410043,0.9893340
15.411432,0.9886430
15.412821,0.9890639
15.414210,0.9892606
15.415599,0.9875223
15.416988,0.9883869
15.418377,0.9899048
15.419766,0.9898100
15.421154,0.9891256
15.422543,0.9888405
15.423932,0.9893913
15.425321,0.9895859
15.426710,0.9899508
15.428099,0.9896519
15.429488,0.9891605
15.430877,0.9884568
15.432266,0.9899165
15.433655,0.9892662
15.435044,0.9902803
15.436432,0.9900938
15.437821,0.9905901
15.439210,0.9897069
15.440599,0.9903360
15.441988,0.9898501
15.443377,0.9912216
15.444766,0.9908726
15.446155,0.9925673
15.447544,0.9922813
15.448933,0.9938105
15.450322,0.9956775
15.451710,0.9971830
15.453099,0.9988203
15.454488,0.9998589
15.455877,0.9995908
15.457266,1.0004501
15.458655,0.9996074
15.460044,0.9994950
15.461433,1.0000002
15.462822,0.9995283
15.464211,1.0002601
15.465600,0.9995333
15.466988,0.9994949
15.468377,0.9997855
15.469766,0.9997827
15.471155,0.9990565
15.472544,1.0005232
15.473933,0.9999200
15.475322,0.9997335
15.476711,0.9994415
15.478100,0.9999396
15.479489,1.0002449
15.480877,0.9997233
15.482266,1.0006427
15.483655,0.9995242
15.485044,0.9998472
15.486433,0.9991905
15.487822,1.0010064
15.489211,0.9996481
15.490600,0.9996090
15.491989,1.0008945
15.493378,1.0006805
15.494767,0.9998047
15.496155,0.9998466
15.497544,0.9986355
15.498933,1.0002335
15.500322,0.9996192
15.501711,0.9993821
15.503100,1.0002790
15.504489,1.0000075
15.505878,1.0013735
15.507267,0.9991401
15.508656,0.9995823
15.510045,1.0006150
15.511433,0.9995302
15.512822,0.9997300
15.514211,1.0005006
15.515600,1.0000782
15.516989,0.9994661
15.518378,1.0005159
15.519767,0.9998025
15.521156,1.0003197
15.522545,0.9995046
15.523934,0.9998859
15.525323,0.9996430
15.526711,1.0004518
15.528100,0.9990314
15.529489,0.9994610
15.530878,0.9997836
15.532267,0.9989650
15.533656,0.9999162
15.535045,0.9995882
15.536434,0.9997670
15.537823,1.0005197
15.539212,0.9993997
15.540601,0.9997476
15.541989,0.9998416
15.543378,0.9999759
15.544767,0.9999913
15.546156,0.9994295
15.547545,0.9990323
15.548934,1.0005094
15.550323,0.9991472
15.551712,1.0001119
15.553101,1.0003161
15.554490,0.9994521
15.555879,1.0005489
15.557267,1.0001068
15.558656,0.9998996
15.560045,0.9994362
15.561434,0.9997598
15.562823,0.9994066
15.564212,0.9994879
15.565601,0.9990733
15.566990,1.0009528
15.568379,1.0001596
15.569768,0.9999876
15.571156,0.9991731
15.572545,0.9999839
15.573934,0.9999148
15.575323,0.9993730
15.576712,1.0004377
15.578101,1.0006946
15.579490,1.0012164
15.580879,1.0007838
15.582268,1.0009441
15.583657,0.9996591
15.585046,1.0005986
15.586434,1.0004015
15.587823,1.0002366
15.589212,1.0003599
15.590601,0.9999254
15.591990,0.9995480
15.593379,1.0001603
15.594768,1.0009295
15.596157,1.0000940
15.597546,1.0001137
15.598935,0.9997483
15.600324,0.9999755
15.601712,0.9999575
15.603101,1.0004215
15.604490,0.9998891
15.605879,1.0001821
15.607268,1.0003968
15.608657,1.0004863
15.610046,1.0000762
15.611435,0.9997688
15.612824,1.0005512
15.614213,1.0007001
15.615602,1.0009312
15.616990,0.9992251
15.618379,0.9996443
15.619768,1.0002215
15.621157,0.9996206
15.622546,1.0006047
15.623935,0.9999638
15.625324,1.0011690
15.626713,0.9998933
15.628102,1.0001760
15.629491,0.9999962
15.630880,1.0003745
15.632268,1.0001557
15.633657,1.0002500
15.635046,0.9989864
15.636435,0.9993485
15.637824,0.9995231
15.639213,1.0002105
15.640602,1.0004342
15.641991,1.0002075
15.643380,1.0008128
15.644769,0.9996823
15.646157,1.0005579
15.647546,1.0002952
15.648935,1.0001581
15.650324,0.9992857
15.651713,1.0002509
15.653102,0.9997272
15.654491,1.0002602
15.655880,1.0012056
15.657269,1.0000902
15.658658,1.0002885
15.660047,1.0000212
15.661435,1.0000517
15.662824,0.9998613
15.664213,1.0006292
15.665602,1.0001117
15.666991,1.0005867
15.668380,1.0003916
15.669769,1.0006580
15.671158,0.9997347
15.672547,1.0003362
15.673936,1.0002596
15.675325,0.9999968
15.676713,1.0012358
15.678102,1.0002748
15.679491,0.9997587
15.680880,1.0010169
15.682269,1.0005961
15.683658,0.9999598
15.685047,0.9999333
15.686436,0.9998869
15.687825,0.9995914
15.689214,1.0007480
15.690603,0.9999038
15.691991,1.0010563
15.693380,1.0002227
15.694769,0.9998681
15.696158,0.9996277
15.697547,0.9983330
15.698936,1.0002790
15.700325,1.0003505
15.701714,1.0000227
15.703103,1.0010649
15.704492,1.0007882
15.705881,0.9999136
15.707269,1.0009295
15.708658,1.0009250
15.710047,1.0007230
15.711436,1.0000141
15.712825,0.9992761
15.714214,1.0010229
15.715603,1.0000092
15.716992,0.9989940
15.718381,0.9997631
15.719770,0.9999651
15.721158,1.0000162
15.722547,1.0005508
15.723936,1.0013551
15.725325,1.0005883
15.726714,1.0006302
15.728103,1.0007862
15.729492,0.9997888
15.730881,0.9993100
15.732270,1.0002930
15.733659,1.0002048
15.735048,1.0004822
15.736436,1.0002304
15.737825,1.0003825
15.739214,1.0002023
15.740603,0.9998370
15.741992,1.0004911
15.743381,1.0003009
15.744770,1.0003418
15.746159,0.9999279
15.747548,0.9996033
15.748937,1.0000501
15.750326,1.0002551
15.751714,1.0000449
15.753103,1.0002531
15.754492,1.0004654
15.755881,1.0011466
15.757270,1.0007490
15.758659,1.0005789
15.760048,1.0007943
15.761437,1.0001269
15.762826,1.0005439
15.764215,1.0005209
15.765604,0.9997812
15.766992,1.0006054
15.768381,1.0004158
15.769770,0.9993828
15.771159,1.0005458
15.772548,1.0001799
15.773937,0.9994698
15.775326,1.0008243
15.776715,1.0002871
15.778104,1.0000919
15.779493,1.0002617
15.780881,0.9993814
15.782270,1.0009909
15.783659,0.9995120
15.785048,1.0006070
15.786437,1.0000357
15.787826,1.0009444
15.789215,1.0002232
15.790604,1.0008106
15.791993,0.9987112
15.793382,1.0005149
15.794771,0.9993472
15.796159,1.0011422
15.798937,0.9997258
15.800326,0.9996839
15.801715,0.9996599
15.803104,1.0002237
15.804493,1.0002361
15.805882,1.0003221
15.807271,1.0010527
15.808660,0.9998163
15.810049,1.0003448
15.812826,1.0001223
15.814215,0.9998771
15.815604,0.9996776
15.816993,0.9995606
15.818382,1.0003751
15.819771,1.0001719
15.821160,1.0005353
15.822549,0.9998829
15.823938,0.9998773
15.825327,0.9998164
15.826715,1.0002472
15.828104,1.0002399
15.829493,0.9996118
15.830882,1.0006356
15.832271,1.0004654
15.833660,1.0001753
15.836438,1.0002460
15.837827,1.0001216
15.839216,0.9998026
15.840604,1.0001102
15.841993,0.9993905
15.843382,0.9987529
15.844771,0.9986994
15.846160,1.0000765
15.847549,1.0004629
15.848938,0.9997564
15.850327,0.9997110
15.851716,0.9999305
15.853105,0.9995571
15.854494,1.0001573
15.855882,1.0005058
15.857271,0.9989714
15.861438,0.9987706
15.862827,0.9995211
15.864216,1.0001575
15.865605,0.9998522
15.866994,1.0003999
15.868383,1.0001876
15.869772,1.0002815
15.871160,0.9997202
15.872549,0.9996677
15.873938,0.9997405
15.875327,0.9999842
15.876716,0.9995720
15.878105,0.9996478
15.879494,0.9995284
15.880883,0.9996322
15.882272,1.0010032
15.883661,0.9997699
15.885050,1.0001153
15.886438,0.9998929
15.887827,1.0005806
15.889216,1.0000382
15.890605,1.0001118
15.891994,1.0001626
15.893383,1.0001063
15.894772,0.9998304
15.896161,1.0000750
15.897550,0.9997351
15.898939,0.9996442
15.900327,0.9987135
15.901716,1.0001010
15.903105,0.9993424
15.904494,1.0010905
15.905883,0.9988404
15.907272,0.9999250
15.908661,1.0001798
15.910050,0.9995171
15.911439,0.9994739
15.912828,0.9996241
15.914217,0.9992017
15.915605,0.9995581
15.916994,0.9986948
15.918383,0.9994469
15.919772,0.9994647
15.921161,0.9991979
15.922550,0.9993831
15.923939,0.9998202
15.925328,1.0007458
15.926717,1.0001094
15.928106,0.9994021
15.929495,1.0000178
15.930883,0.9994765
15.932272,1.0016553
15.933661,0.9999939
15.935050,0.9999157
15.936439,1.0001702
15.937828,1.0003905
15.940606,0.9997275
15.941995,1.0007389
15.943384,0.9996938
15.944773,1.0000053
15.946161,1.0002357
15.947550,1.0002090
15.948939,1.0004923
15.950328,0.9998339
15.951717,1.0000829
15.953106,0.9998199
15.954495,1.0006248
15.955884,1.0000843
15.957273,1.0005890
15.958662,1.0001346
15.960050,1.0003022
15.961439,1.0000743
15.962828,0.9998734
15.964217,1.0001414
15.965606,0.9992089
15.966995,0.9995359
15.968384,1.0001817
15.969773,1.0006427
15.971162,0.9996477
15.972551,1.0002923
15.973940,0.9991353
15.975328,1.0004406
15.976717,0.9998570
15.978106,0.9992655
15.979495,1.0004263
15.980884,0.9995718
15.982273,1.0005323
15.983662,0.9997373
15.985051,1.0003046
15.986440,1.0004723
15.987829,0.9998614
15.989218,0.9998913
15.990606,1.0010020
15.991995,0.9997135
15.993384,1.0003804
15.994773,0.9993786
15.996162,1.0003882
15.997551,1.0003031
15.998940,1.0004529
16.000329,1.0001668
16.001718,1.0004177
16.003107,1.0000962
16.004496,0.9992224
16.005884,1.0000557
16.008662,0.9989348
16.010051,1.0001259
16.011440,1.0013999
16.012829,1.0005789
16.014218,0.9993974
16.015607,1.0000000
16.016996,1.0008176
16.018385,0.9995140
16.019773,0.9997787
16.021162,0.9998317
16.022551,1.0005487
16.023940,1.0005907
16.025329,1.0001935
16.026718,0.9997968
16.028107,1.0000499
16.029496,1.0003296
16.030885,0.9992555
16.032274,1.0003527
16.033663,1.0001157
16.035051,1.0006011
16.036440,0.9999035
16.037829,1.0011314
16.039218,1.0005220
16.040607,1.0000765
16.041996,1.0003443
16.043385,0.9998580
16.044774,1.0003090
16.046163,1.0008902
16.047552,0.9995379
16.048941,0.9998748
16.050329,0.9994352
16.051718,0.9997167
16.053107,1.0002405
16.054496,1.0001191
16.055885,0.9995603
16.057274,1.0003967
16.058663,1.0009363
16.060052,1.0009501
16.061441,1.0002847
16.062830,1.0001593
16.064218,0.9988981
16.065607,0.9995778
16.066996,1.0003467
16.068385,1.0002164
16.069774,0.9995305
16.071163,1.0005673
16.072552,1.0000006
16.073941,0.9996311
16.075330,1.0001601
16.076719,1.0001830
16.078108,1.0002416
16.079496,0.9998474
16.080885,0.9999517
16.082274,1.0018943
16.083663,0.9996509
16.085052,0.9990902
16.086441,0.9995114
16.087830,0.9990995
16.089219,1.0002595
16.090608,1.0005085
16.091997,1.0000930
16.093386,1.0001051
16.094774,1.0003586
16.096163,1.0003151
16.097552,0.9999414
16.098941,1.0000657
16.100330,1.0002983
16.101719,1.0006284
16.103108,0.9993949
16.104497,1.0004924
16.105886,0.9998377
16.107275,0.9989839
16.108663,1.0015175
16.110052,0.9996582
16.111441,0.9999717
16.112830,1.0005929
16.114219,0.9997847
16.115608,1.0003171
16.116997,0.9993300
16.118386,1.0000630
16.119775,0.9997595
16.121164,0.9994174
16.122553,1.0003999
16.123941,0.9998062
16.125330,1.0001986
16.126719,0.9998363
16.128108,1.0004657
16.129497,0.9990863
16.130886,0.9992059
16.132275,0.9991747
16.133664,0.9998905
16.135053,1.0003057
16.136442,0.9990954
16.137831,0.9998041
16.139219,1.0002909
16.140608,1.0006360
16.141997,0.9992942
16.143386,0.9997672
16.144775,0.9994885
16.146164,0.9993430
16.147553,1.0002163
16.148942,1.0000379
16.150331,0.9994513
16.151720,1.0000856
16.153108,1.0000635
16.154497,1.0007258
16.155886,1.0004332
16.157275,0.9993506
16.158664,1.0009072
16.160053,0.9999180
16.161442,0.9997625
16.162831,1.0002175
16.164220,1.0008656
16.165609,0.9996817
16.166998,0.9997125
16.168386,0.9996358
16.169775,1.0000124
16.171164,1.0003085
16.172553,0.9998817
16.173942,0.9999232
16.175331,1.0004936
16.176720,1.0001786
16.178109,0.9999720
16.179498,0.9997110
16.180887,0.9995508
16.182276,0.9999629
16.183664,1.0004753
16.185053,0.9995987
16.186442,0.9994571
16.187831,1.0011521
16.189220,0.9998840
16.190609,0.9997418
16.191998,1.0011422
16.193387,1.0002035
16.194776,1.0002600
16.196165,0.9999765
16.197553,0.9998665
16.198942,1.0005363
16.200331,0.9996808
16.201720,1.0003649
16.203109,1.0002519
16.204498,0.9992402
16.205887,1.0003322
16.207276,1.0006846
16.208665,0.9993749
16.210054,1.0001019
16.211443,0.9997454
16.212831,0.9994542
16.214220,0.9994133
16.215609,0.9998898
16.216998,0.9994097
16.218387,0.9996034
16.219776,0.9990943
16.221165,1.0001198
16.222554,0.9993500
16.223943,0.9998097
16.225332,0.9994574
16.226721,0.9996106
16.228109,0.9992727
16.229498,0.9998375
16.230887,1.0006905
16.232276,1.0004323
16.233665,0.9993383
16.235054,0.9995676
16.236443,0.9996124
16.237832,0.9994807
16.239221,0.9999661
16.240610,1.0003180
16.241998,0.9998651
16.243387,0.9997149
16.244776,0.9993096
16.246165,0.9998223
16.247554,1.0003342
16.248943,1.0003190
16.250332,0.9990486
16.251721,1.0004217
16.253110,0.9991073
16.254499,0.9997261
16.255888,0.9996083
16.257276,0.9991954
16.258665,0.9991424
16.260054,1.0001589
16.261443,0.9991442
16.262832,0.9996747
16.264221,0.9990410
16.265610,0.9986642
16.266999,1.0002525
16.268388,1.0011268
16.269777,0.9990182
16.271166,1.0001496
16.272554,0.9991729
16.273943,1.0005505
16.276721,0.9999655
16.278110,0.9993190
16.279499,1.0001375
16.280888,1.0003323
16.282277,0.9993808
16.283666,0.9992786
16.285055,0.9996035
16.286443,0.9990389
16.287832,1.0002122
16.289221,0.9997634
16.290610,1.0009628
16.291999,0.9997014
16.293388,0.9998459
16.294777,0.9990232
16.296166,1.0004350
16.297555,0.9990495
16.298944,1.0000173
16.300333,0.9997355
16.301721,0.9997135
16.303110,0.9996964
16.304499,0.9998781
16.305888,0.9998167
16.307277,0.9991033
16.308666,0.9974502
16.310055,0.9962332
16.311444,0.9950607
16.312833,0.9932269
16.314222,0.9923605
16.315611,0.9913961
16.316999,0.9900392
16.318388,0.9900606
16.319777,0.9914672
16.321166,0.9900645
16.322555,0.9902263
16.323944,0.9911027
16.325333,0.9895829
16.326722,0.9899135
16.328111,0.9897955
16.329500,0.9887767
16.330888,0.9884934
16.332277,0.9900369
16.333666,0.9888855
16.335055,0.9888196
16.336444,0.9889766
16.337833,0.9893446
16.339222,0.9899062
16.340611,0.9887521
16.342000,0.9884707
16.343389,0.9895114
16.344778,0.9882927
16.346166,0.9888287
16.347555,0.9892339
16.348944,0.9888587
16.350333,0.9890710
16.351722,0.9885714
16.353111,0.9887308
16.354500,0.9891708
16.355889,0.9889329
16.357278,0.9890656
16.358667,0.9900124
16.360056,0.9893291
16.361444,0.9894498
16.362833,0.9895612
16.364222,0.9894777
16.365611,0.9885806
16.367000,0.9890995
16.368389,0.9884630
16.369778,0.9900697
16.371167,0.9893064
16.372556,0.9893716
16.373945,0.9890444
16.375333,0.9896031
16.376722,0.9906561
16.378111,0.9900300
16.379500,0.9904292
16.380889,0.9912411
16.382278,0.9903128
16.383667,0.9916839
16.385056,0.9909461
16.386445,0.9910170
16.387834,0.9931917
16.389223,0.9934374
16.390611,0.9950556
16.392000,0.9954731
16.393389,0.9972990
16.394778,0.9985677
16.396167,0.9997303
16.397556,1.0000078
16.398945,0.9992902
16.400334,0.9998887
16.401723,0.9999332
16.403112,1.0000950
16.404500,0.9997640
16.405889,0.9991531
16.407278,1.0004913
16.408667,0.9994595
16.410056,0.9998677
16.411445,0.9997981
16.412834,1.0002475
16.414223,0.9995367
16.415612,1.0001162
16.417001,1.0002564
16.418390,0.9996940
16.419778,0.9996878
16.421167,1.0003426
16.422556,1.0003870
16.423945,1.0009287
16.425334,0.9999240
16.426723,1.0005594
16.428112,0.9996948
16.429501,1.0007632
16.430890,1.0000790
16.432279,1.0002090
16.433668,0.9994410
16.435056,0.9988962
16.436445,1.0003057
16.437834,1.0002359
16.439223,0.9995281
16.440612,0.9997432
16.442001,1.0003997
16.443390,1.0002432
16.444779,0.9999096
16.446168,0.9991671
16.447557,0.9993911
16.448945,0.9995506
16.450334,0.9993263
16.451723,0.9990743
16.453112,1.0003349
16.454501,0.9988917
16.455890,0.9986110
16.457279,1.0001241
16.458668,0.9993581
16.460057,0.9990916
16.461446,1.0005635
16.462835,0.9999132
16.464223,0.9997079
16.465612,1.0005736
16.467001,0.9997431
16.468390,0.9995071
16.469779,0.9996724
16.471168,0.9990982
16.472557,1.0001059
16.473946,1.0007434
16.475335,1.0011951
16.476724,0.9995081
16.478112,0.9996507
16.479501,0.9992840
16.480890,1.0004851
16.482279,1.0000818
16.483668,1.0002626
16.485057,1.0004656
16.486446,0.9992460
16.487835,1.0002801
16.489224,0.9992231
16.490613,1.0007930
16.492002,0.9997335
16.493390,1.0002405
16.496168,0.9996201
16.497557,1.0000338
16.498946,1.0001455
16.500335,1.0001600
16.501724,1.0000672
16.503113,0.9987490
16.504502,1.0006694
16.505891,0.9994091
16.507280,1.0005994
16.508668,1.0008587
16.510057,1.0001524
16.511446,1.0004659
16.514224,0.9994194
16.515613,1.0005387
16.517002,0.9995989
16.518391,0.9996062
16.519780,0.9999393
16.521169,1.0006009
16.522557,0.9999710
16.523946,0.9988939
16.525335,0.9995663
16.526724,1.0003557
16.528113,1.0001977
16.529502,0.9994922
16.530891,1.0001289
16.532280,1.0004834
16.533669,1.0004189
16.535058,1.0010129
16.536447,0.9998430
16.537835,0.9997393
16.539224,0.9992543
16.540613,1.0006573
16.542002,1.0010124
16.543391,1.0006426
16.544780,1.0008455
16.546169,1.0002805
16.547558,1.0010972
16.548947,1.0002232
16.553113,1.0006804
16.554502,0.9998134
16.555891,1.0003112
16.557280,1.0012386
16.558669,1.0003062
16.560058,1.0008464
16.561447,1.0005216
16.562836,1.0000994
16.564225,1.0001716
16.565614,0.9995106
16.567002,0.9996557
16.568391,0.9994661
16.569780,1.0007447
16.571169,0.9995807
16.575336,0.9990772
16.576725,0.9999615
16.578114,0.9999710
16.580892,1.0000362
16.585058,1.0004681
16.586447,1.0010550
16.589225,1.0006427
16.590614,0.9998428
16.592003,1.0006048
16.593392,1.0003294
16.594781,1.0005401
16.596169,1.0005601
16.597558,1.0011972
16.598947,1.0014295
16.600336,1.0007686
16.601725,1.0007772
16.603114,1.0006909
16.604503,1.0005535
16.605892,0.9999221
16.607281,1.0005558
16.608670,1.0001237
16.610059,1.0005508
16.611447,1.0010827
16.612836,1.0002270
16.614225,0.9998840
16.615614,1.0001925
16.617003,1.0011320
16.621170,1.0015761
16.622559,1.0003341
16.623948,1.0005590
16.625336,1.0010055
16.626725,0.9998243
16.628114,1.0008371
16.629503,1.0002042
16.630892,0.9996339
16.632281,1.0006863
16.633670,0.9997282
16.635059,1.0000925
16.636448,1.0001616
16.637837,1.0003430
16.639226,0.9999719
16.640614,1.0001348
16.642003,1.0005927
16.643392,1.0011825
16.644781,0.9998575
16.646170,1.0000247
16.647559,1.0005915
16.648948,0.9997578
16.650337,1.0000842
16.651726,1.0014130
16.653115,1.0003503
16.654503,1.0005976
16.655892,0.9995882
16.657281,0.9998318
16.658670,1.0004884
16.660059,0.9998559
16.661448,0.9998000
16.662837,0.9992092
16.664226,1.0007728
16.665615,1.0008105
16.667004,1.0007763
16.668393,1.0005758
16.669781,1.0001218
16.671170,1.0006056
16.672559,1.0020866
16.673948,0.9997235
16.675337,1.0004157
16.676726,1.0012499
16.678115,1.0004002
16.679504,0.9999996
16.680893,1.0003247
16.682282,1.0001622
16.683670,1.0001285
16.685059,1.0002032
16.686448,0.9988625
16.687837,0.9996598
16.689226,1.0001811
16.690615,0.9994252
16.692004,1.0012466
16.693393,1.0006216
16.694782,0.9997207
16.696171,1.0001055
16.697560,0.9991761
16.698948,1.0003586
16.701726,1.0017878
16.703115,0.9986971
16.704504,1.0007277
16.705893,1.0004575
16.707282,1.0003025
16.708671,1.0009437
16.710060,1.0002537
16.711449,1.0002342
16.712838,1.0008941
16.714226,1.0004872
16.715615,0.9993800
16.717004,1.0002700
16.718393,0.9999910
16.719782,1.0002138
16.721171,1.0002121
16.723949,1.0008915
16.725338,1.0003315
16.726727,1.0002144
16.728115,1.0005314
16.729504,0.9998730
16.730893,0.9997181
16.732282,0.9994694
16.733671,0.9987264
16.735060,1.0002999
16.736449,1.0001450
16.737838,0.9998601
16.739227,1.0011850
16.740616,0.9996091
16.742005,1.0010332
16.743393,0.9995364
16.744782,1.0000120
16.746171,1.0012498
16.747560,1.0000018
16.748949,0.9994366
16.750338,0.9999017
16.751727,0.9996241
16.753116,0.9995992
16.754505,1.0001120
16.755894,1.0004872
16.757282,0.9997650
16.758671,1.0002636
16.760060,0.9997239
16.761449,1.0016760
16.762838,1.0012856
16.764227,0.9998137
16.765616,0.9999615
16.767005,0.9998150
16.768394,0.9995001
16.769783,1.0004953
16.771172,1.0006134
16.772560,1.0000237
16.773949,1.0008771
16.775338,0.9995413
16.776727,1.0002237
16.778116,0.9997997
16.779505,0.9997063
16.780894,0.9992160
16.782283,0.9991203
16.783672,1.0002548
16.785061,0.9992653
16.786449,0.9990540
16.787838,0.9995250
16.789227,0.9992863
16.790616,0.9989636
16.792005,1.0003008
16.793394,1.0002608
16.794783,0.9994280
16.796172,0.9988748
16.797561,0.9996361
16.798950,0.9997721
16.800339,0.9993464
16.801727,1.0003516
16.803116,0.9995128
16.804505,0.9991410
16.805894,0.9993263
16.807283,0.9995669
16.808672,0.9991499
16.810061,0.9993292
16.811450,0.9992494
16.812839,1.0000641
16.814228,1.0006690
16.815616,1.0003249
16.817005,0.9994233
16.818394,0.9984805
16.819783,1.0011663
16.821172,0.9988471
16.822561,1.0000309
16.823950,0.9997563
16.825339,1.0003001
16.826728,1.0001174
16.828117,1.0004664
16.829506,0.9995895
16.830894,0.9991513
16.832283,1.0000488
16.833672,0.9989263
16.835061,0.9992701
16.836450,0.9990298
16.837839,0.9999205
16.839228,0.9996615
16.840617,0.9998558
16.842006,0.9993160
16.843395,0.9999336
16.844783,0.9999599
16.846172,0.9992630
16.847561,0.9995544
16.848950,0.9997421
16.850339,0.9996622
16.851728,0.9991585
16.853117,0.9994346
16.854506,1.0002395
16.855895,0.9995360
16.857284,1.0000236
16.858673,1.0007066
16.860061,0.9992923
16.861450,1.0004469
16.862839,0.9991766
16.864228,1.0002926
16.865617,0.9991116
16.867006,0.9995157
16.868395,1.0004216
16.869784,0.9997865
16.871173,1.0000767
16.872562,1.0008281
16.873950,0.9993872
16.875339,0.9996444
16.876728,0.9998315
16.878117,0.9997676
16.879506,0.9994428
16.880895,0.9991342
16.882284,0.9994442
16.883673,0.9996441
16.885062,0.9997519
16.886451,0.9998254
16.887840,0.9989997
16.889228,0.9997073
16.890617,0.9995139
16.892006,1.0002337
16.893395,0.9996561
16.894784,1.0001998
16.896173,1.0000716
16.897562,0.9999628
16.898951,0.9992116
16.900340,1.0010551
16.901729,0.9994235
16.903117,1.0004562
16.904506,1.0006736
16.905895,0.9999358
16.907284,0.9999210
16.908673,1.0002246
16.910062,0.9997450
16.911451,0.9991861
16.912840,0.9998735
16.914229,0.9993386
16.915618,1.0000004
16.917007,0.9998407
16.918395,0.9993279
16.919784,1.0002528
16.921173,0.9998837
16.922562,1.0002414
16.923951,0.9997229
16.925340,1.0005446
16.928118,0.9997731
16.929507,1.0005304
16.930896,1.0000457
16.932284,1.0011004
16.933673,1.0000628
16.935062,0.9985777
16.936451,0.9994651
16.937840,1.0006410
16.939229,1.0005002
16.940618,1.0004434
16.942007,0.9996418
16.944785,0.9993587
16.946174,0.9997137
16.947562,0.9999482
16.948951,0.9999055
16.951729,0.9998659
16.953118,1.0001471
16.954507,0.9999408
16.955896,0.9988675
16.957285,1.0005417
16.958674,1.0004822
16.960063,1.0001801
16.961451,1.0006487
16.962840,0.9994753
16.964229,0.9994426
16.965618,1.0004168
16.967007,1.0004069
16.968396,0.9994680
16.969785,0.9996276
16.971174,0.9999532
16.972563,0.9991333
16.973952,0.9993308
16.975341,0.9995771
16.976729,0.9987929
16.978118,0.9993305
16.979507,0.9995566
16.980896,0.9995742
16.982285,0.9999488
16.983674,0.9996905
16.985063,1.0004820
16.986452,0.9998439
16.987841,1.0006351
16.989230,1.0007477
16.990618,0.9997635
16.992007,1.0005692
16.993396,1.0005687
16.994785,0.9990682
16.996174,0.9998111
16.997563,1.0010049
16.998952,1.0000100
17.000341,0.9989494
17.001730,0.9995454
17.004508,1.0002940
17.005896,0.9998537
17.007285,1.0004984
17.008674,0.9996756
17.010063,1.0004161
17.011452,1.0004402
17.012841,1.0005439
17.023952,0.9993676
17.025341,1.0001122
17.026730,1.0011333
17.028119,1.0014126
17.029508,0.9996277
17.030897,1.0007168
17.032286,0.9998830
17.033675,0.9992614
17.035063,1.0005489
17.036452,0.9999358
17.037841,1.0009931
17.039230,0.9995674
17.040619,0.9997724
17.042008,0.9995188
17.043397,0.9998317
17.044786,1.0000245
17.046175,0.9994359
17.047564,1.0007990
17.048952,1.0011225
17.050341,0.9996864
17.051730,0.9994924
17.053119,1.0004307
17.054508,0.9987843
17.055897,1.0003177
17.057286,1.0001535
17.058675,0.9985873
17.060064,1.0007264
17.061453,1.0004837
17.062842,0.9994019
17.064230,0.9994934
17.065619,1.0004437
17.067008,1.0003475
17.068397,1.0000966
17.069786,1.0003570
17.071175,1.0002433
17.072564,0.9991011
17.073953,1.0002084
17.075342,1.0000000
17.076731,1.0002580
17.078119,1.0002960
17.079508,1.0006629
17.080897,1.0001640
17.082286,1.0003141
17.083675,1.0005340
17.085064,1.0000410
17.086453,0.9999959
17.087842,0.9996249
17.089231,0.9992831
17.090620,1.0001287
17.092009,1.0007468
17.093397,1.0003901
17.094786,1.0001094
17.096175,0.9994044
17.097564,1.0000181
17.098953,1.0012214
17.100342,1.0002581
17.101731,0.9993745
17.103120,1.0000743
17.104509,1.0002966
17.105898,1.0009540
17.107286,1.0014022
17.108675,1.0007586
17.110064,0.9998932
17.111453,1.0014190
17.112842,1.0003650
17.114231,0.9991722
17.115620,0.9993256
17.117009,0.9991433
17.118398,0.9999753
17.119787,1.0002653
17.121176,1.0000445
17.122564,0.9992980
17.123953,1.0001444
17.125342,1.0000864
17.126731,0.9997693
17.128120,0.9996249
17.129509,1.0006571
17.130898,0.9996227
17.132287,0.9992490
17.133676,1.0001328
17.135065,0.9999378
17.136453,0.9992726
17.137842,0.9990556
17.139231,0.9998285
17.140620,0.9997576
17.142009,1.0011000
17.143398,0.9998113
17.144787,1.0008831
17.146176,1.0002779
17.147565,0.9989965
17.148954,1.0002492
17.150343,0.9990464
17.151731,1.0006968
17.153120,0.9995152
17.154509,1.0004489
17.155898,1.0001057
17.157287,1.0011876
17.158676,1.0007677
17.160065,0.9995348
17.161454,0.9996833
17.162843,1.0004098
17.164232,1.0005300
17.165620,1.0001429
17.167009,1.0007779
17.168398,0.9999716
17.169787,0.9995955
17.171176,0.9999888
17.172565,1.0001287
17.173954,0.9997306
17.175343,1.0003592
17.176732,1.0010481
17.178121,1.0002477
17.179510,0.9996961
17.180898,1.0004685
17.182287,0.9994692
17.183676,0.9992796
17.185065,1.0002168
17.186454,0.9991850
17.187843,0.9994370
17.189232,1.0000414
17.190621,0.9998644
17.192010,1.0009204
17.193399,1.0003453
17.194787,1.0000930
17.196176,0.9994028
17.197565,1.0004610
17.198954,1.0003735
17.200343,0.9986716
17.201732,0.9992538
17.203121,1.0001208
17.204510,1.0003250
17.205899,0.9991264
17.207288,0.9999620
17.208676,1.0001734
17.210065,0.9993383
17.211454,0.9996367
17.212843,0.9998034
17.214232,1.0004047
17.215621,1.0001789
17.217010,0.9993387
17.218399,0.9995454
17.219788,0.9996572
17.221177,0.9997142
17.222566,1.0000413
17.223954,0.9995004
17.225343,1.0000854
17.226732,1.0002850
17.228121,1.0006728
17.229510,0.9991795
17.230899,0.9998946
17.232288,0.9998722
17.233677,0.9989696
17.235066,0.9995271
17.236455,0.9997007
17.237843,0.9994763
17.239232,0.9997843
17.240621,0.9996483
17.242010,0.9993411
17.243399,0.9999482
17.244788,0.9995233
17.246177,0.9995727
17.247566,0.9999817
17.248955,0.9997169
17.250344,0.9974981
17.251733,0.9963769
17.253121,0.9943157
17.254510,0.9931598
17.255899,0.9917484
17.257288,0.9917134
17.258677,0.9908221
17.260066,0.9907645
17.261455,0.9907970
17.262844,0.9896997
17.264233,0.9905942
17.265622,0.9899912
17.267010,0.9901617
17.268399,0.9893287
17.269788,0.9899634
17.271177,0.9892013
17.272566,0.9896720
17.273955,0.9896947
17.275344,0.9890173
17.276733,0.9893435
17.278122,0.9891626
17.279511,0.9888716
17.280900,0.9891012
17.282288,0.9889720
17.283677,0.9894732
17.285066,0.9887819
17.286455,0.9888191
17.287844,0.9883624
17.289233,0.9894074
17.290622,0.9883097
17.292011,0.9895752
17.293400,0.9892379
17.294789,0.9887717
17.296177,0.9892516
17.297566,0.9882895
17.298955,0.9894831
17.300344,0.9885263
17.301733,0.9891071
17.303122,0.9896493
17.304511,0.9885114
17.305900,0.9889669
17.307289,0.9888288
17.308678,0.9896945
17.310066,0.9889538
17.311455,0.9890199
17.312844,0.9896674
17.314233,0.9895469
17.315622,0.9905930
17.317011,0.9893578
17.318400,0.9909156
17.319789,0.9902378
17.321178,0.9901531
17.322567,0.9903133
17.323956,0.9897438
17.325344,0.9902142
17.326733,0.9897780
17.328122,0.9911519
17.329511,0.9924511
17.330900,0.9938067
17.332289,0.9951950
17.333678,0.9971960
17.335067,0.9976547
17.336456,0.9982409
17.337845,0.9993303
17.339233,0.9999403
17.340622,1.0000000
17.342011,0.9998385
17.343400,0.9998773
17.344789,0.9990102
17.346178,0.9992105
17.347567,0.9997874
17.348956,0.9999225
17.350345,0.9989386
17.351734,1.0006448
17.353123,1.0001003
17.354511,0.9999792
17.355900,0.9999607
17.357289,1.0005158
17.358678,0.9992138
17.360067,0.9997274
17.361456,0.9996843
17.362845,0.9989487
17.364234,0.9995036
17.365623,0.9997036
17.367012,0.9995039
17.368400,0.9993419
17.369789,0.9992578
17.371178,1.0004402
17.372567,1.0006609
17.373956,0.9994694
17.375345,0.9994650
17.376734,1.0001953
17.378123,1.0000276
17.379512,0.9996997
17.380901,0.9998370
17.382290,0.9987546
17.383678,0.9997712
17.385067,0.9998395
17.386456,1.0002982
17.387845,0.9994785
17.389234,0.9995603
17.390623,1.0003246
17.392012,0.9997433
17.393401,0.9999195
17.394790,1.0005528
17.396179,1.0006198
17.397567,0.9995503
17.398956,0.9993374
17.400345,0.9998106
17.401734,0.9997864
17.403123,1.0000506
17.404512,0.9991825
17.405901,1.0002006
17.407290,1.0000055
17.408679,1.0004254
17.410068,1.0002366
17.411456,1.0005547
17.412845,0.9991266
17.414234,1.0006611
17.415623,1.0007307
17.417012,0.9995540
17.418401,1.0004866
17.419790,0.9998930
17.421179,1.0002794
17.422568,1.0009484
17.423957,1.0006873
17.425346,1.0004648
17.426734,0.9998986
17.428123,1.0000229
17.429512,1.0003226
17.430901,0.9996919
17.432290,0.9993567
17.433679,1.0001408
17.435068,1.0010881
17.436457,0.9992322
17.437846,1.0008095
17.439235,1.0010753
17.440623,1.0004837
17.442012,1.0007303
17.443401,1.0003587
17.444790,1.0003956
17.446179,0.9996797
17.447568,1.0005692
17.448957,1.0002572
17.450346,0.9997961
17.451735,1.0000352
17.453124,0.9995682
17.454513,1.0007444
17.455901,0.9997054
17.457290,1.0001741
17.458679,0.9999441
17.460068,0.9997522
17.461457,0.9997086
17.462846,0.9998938
17.464235,1.0000006
17.465624,0.9997833
17.467013,0.9995603
17.468402,1.0002731
17.469790,0.9999211
17.471179,1.0001450
17.472568,1.0004258
17.473957,1.0012441
17.475346,1.0010968
17.476735,0.9998034
17.478124,1.0014254
17.479513,0.9999749
17.480902,1.0007777
17.482291,1.0004371
17.483679,1.0000766
17.485068,0.9998103
17.486457,1.0010638
17.487846,1.0001028
17.489235,1.0001872
17.490624,1.0004484
17.492013,1.0005580
17.493402,1.0012561
17.494791,1.0004065
17.496180,1.0012898
17.497569,1.0009964
17.498957,0.9994466
17.500346,1.0000420
17.501735,0.9997367
17.503124,1.0001386
17.504513,1.0009888
17.505902,0.9999225
17.507291,1.0003454
17.508680,0.9996475
17.510069,1.0004770
17.511458,0.9996331
17.512846,0.9999487
17.514235,0.9996934
17.515624,0.9998303
17.517013,1.0012969
17.518402,1.0007953
17.519791,1.0000893
17.521180,1.0010286
17.522569,0.9992003
17.523958,1.0003671
17.525347,1.0000298
17.526736,1.0002234
17.528124,1.0004610
17.529513,1.0005082
17.530902,1.0010419
17.532291,0.9998923
17.533680,1.0001634
17.535069,1.0000852
17.536458,1.0008217
17.537847,0.9993522
17.539236,1.0000812
17.540625,1.0000961
17.542013,1.0009675
17.543402,0.9998365
17.544791,1.0004157
17.546180,1.0011569
17.547569,1.0003328
17.548958,0.9998868
17.550347,1.0000492
17.551736,0.9994198
17.553125,1.0000301
17.554514,0.9992614
17.555902,1.0001692
17.557291,0.9998541
17.558680,1.0006595
17.560069,0.9996694
17.561458,1.0020007
17.562847,0.9998326
17.564236,1.0006413
17.565625,1.0008370
17.567014,1.0000995
17.568403,1.0007642
17.569792,1.0003687
17.571180,1.0008599
17.572569,0.9990353
17.573958,1.0003076
17.575347,1.0003148
17.576736,0.9994670
17.578125,0.9997967
17.579514,1.0004177
17.580903,1.0011884
17.582292,1.0000155
17.583681,0.9999966
17.585069,1.0006271
17.586458,0.9998929
17.587847,1.0000831
17.589236,0.9998728
17.590625,0.9996451
17.592014,1.0002105
17.593403,1.0006451
17.594792,0.9991751
17.596181,1.0005597
17.597570,1.0001768
17.598958,1.0001594
17.600347,1.0006096
17.601736,1.0016179
17.603125,1.0006165
17.604514,0.9996877
17.605903,1.0001556
17.607292,0.9998284
17.608681,0.9999425
17.610070,0.9991988
17.611459,1.0002942
17.612848,1.0001838
17.614236,0.9997982
17.615625,0.9996852
17.617014,0.9999413
17.618403,0.9997401
17.619792,0.9998490
17.621181,1.0001224
17.622570,1.0007248
17.623959,1.0012378
17.625348,1.0001106
17.626737,0.9999961
17.628125,1.0003618
17.629514,1.0006274
17.630903,1.0006599
17.632292,1.0008374
17.633681,1.0000407
17.635070,1.0002948
17.636459,1.0005224
17.637848,0.9994066
17.639237,0.9999634
17.640626,0.9997496
17.642014,0.9997113
17.643403,1.0003215
17.644792,0.9994777
17.646181,1.0003853
17.647570,1.0001986
17.648959,1.0004499
17.650348,0.9995244
17.651737,1.0000092
17.653126,1.0013493
17.654515,1.0004924
17.655904,1.0005466
17.657292,0.9993655
17.658681,1.0001283
17.660070,0.9999773
17.661459,1.0000610
17.662848,1.0002932
17.664237,0.9994154
17.665626,1.0002375
17.667015,1.0005962
17.668404,1.0005571
17.669793,0.9998748
17.671181,1.0001528
17.672570,1.0005543
17.673959,1.0002445
17.675348,1.0006211
17.676737,1.0003064
17.678126,1.0007498
17.679515,0.9997871
17.680904,1.0006846
17.682293,1.0003445
17.683682,0.9994168
17.685071,0.9994263
17.686459,0.9992713
17.687848,0.9996208
17.689237,1.0002308
17.690626,0.9995295
17.692015,1.0005314
17.693404,0.9998026
17.694793,0.9995483
17.696182,0.9997561
17.697571,0.9993841
17.698960,0.9996985
17.700348,0.9998882
17.701737,1.0004202
17.703126,1.0003090
17.704515,1.0008796
17.705904,1.0000006
17.707293,1.0000876
17.708682,1.0002379
17.710071,0.9998793
17.711460,1.0007067
17.712849,0.9992484
17.714237,0.9999962
17.715626,0.9998339
17.717015,1.0003435
17.718404,1.0002602
17.719793,0.9998945
17.721182,0.9997234
17.722571,1.0003548
17.723960,0.9998323
17.725349,1.0002652
17.726738,0.9986798
17.728127,0.9991817
17.729515,0.9998274
17.730904,0.9997648
17.732293,0.9995145
17.733682,0.9992440
17.735071,0.9994958
17.736460,0.9996604
17.737849,0.9990350
17.739238,0.9993615
17.740627,0.9996681
17.742016,0.9998136
17.743404,1.0002518
17.744793,0.9999077
17.746182,0.9999745
17.747571,1.0000870
17.748960,0.9988888
17.750349,1.0001833
17.751738,1.0000086
17.753127,1.0003509
17.754516,0.9999981
17.755905,1.0003840
17.757293,0.9993491
17.758682,0.9995574
17.760071,0.9991000
17.761460,0.9988873
17.762849,0.9991203
17.764238,0.9998116
17.765627,1.0003075
17.767016,0.9989145
17.768405,0.9987969
17.769794,0.9996950
17.771183,0.9993190
17.772571,1.0001570
17.773960,0.9994577
17.775349,0.9990115
17.776738,1.0004497
17.778127,1.0003067
17.779516,0.9999630
17.780905,0.9996978
17.782294,0.9989981
17.783683,0.9996603
17.785072,1.0007341
17.786460,1.0010517
17.787849,0.9988691
17.789238,1.0001571
17.790627,1.0003414
17.792016,0.9997751
17.793405,1.0000522
17.794794,0.9994233
17.796183,0.9995493
17.797572,1.0004930
17.798961,0.9990692
17.800349,0.9995591
17.801738,0.9995010
17.803127,1.0009555
17.804516,1.0003329
17.805905,0.9993500
17.807294,0.9992727
17.808683,1.0006311
17.810072,0.9997596
17.811461,1.0003103
17.812850,0.9998374
17.814239,0.9994463
17.815627,1.0005352
17.817016,0.9997146
17.818405,1.0001899
17.819794,1.0007525
17.821183,0.9988543
17.822572,0.9993957
17.823961,1.0000489
17.825350,0.9996805
17.826739,0.9999015
17.828128,1.0000496
17.829516,0.9999895
17.830905,0.9994443
17.832294,1.0008353
17.833683,0.9997414
17.835072,1.0000182
17.836461,1.0007223
17.837850,0.9998315
17.839239,1.0004752
17.840628,1.0008230
17.842017,1.0001553
17.843405,1.0004704
17.844794,0.9997973
17.846183,1.0006255
17.847572,1.0005696
17.848961,1.0000267
17.850350,0.9999109
17.851739,1.0003411
17.853128,1.0008800
17.854517,1.0014958
17.855906,1.0004622
17.857295,0.9997099
17.858683,1.0003278
17.860072,0.9997535
17.861461,1.0000260
17.862850,1.0000465
17.864239,1.0004885
17.865628,1.0006425
17.867017,1.0004551
17.868406,1.0008397
17.869795,1.0010653
17.871184,1.0001667
17.872572,1.0007116
17.873961,0.9995473
17.875350,1.0004194
17.876739,0.9999794
17.878128,0.9999441
17.879517,1.0004715
17.880906,1.0004190
17.882295,1.0002937
17.883684,0.9997713
17.885073,1.0004155
17.886461,0.9994569
17.887850,0.9996448
17.889239,0.9999651
17.890628,1.0007684
17.892017,0.9998851
17.893406,1.0003520
17.894795,0.9996106
17.896184,1.0006762
17.897573,1.0000134
17.898962,1.0010512
17.900350,1.0003196
17.901739,1.0008771
17.903128,1.0001168
17.904517,1.0001680
17.905906,1.0010172
17.907295,0.9999400
17.908684,1.0007140
17.910073,0.9998332
17.911462,1.0009673
17.912851,1.0010447
17.914240,0.9996171
17.915628,0.9998625
17.917017,1.0004972
17.918406,1.0006254
17.919795,1.0004125
17.921184,1.0007687
17.922573,1.0011694
17.923962,1.0003240
17.925351,0.9995126
17.926740,1.0008198
17.928129,1.0003485
17.929517,1.0010702
17.930906,1.0002060
17.932295,0.9998965
17.933684,1.0002712
17.935073,0.9999522
17.936462,0.9999939
17.937851,0.9992833
17.939240,1.0007452
17.940629,0.9998641
17.942018,0.9997039
17.943406,1.0003516
17.944795,1.0002528
17.946184,0.9995208
17.947573,1.0002630
17.948962,0.9999549
17.950351,0.9993558
17.951740,1.0004527
17.953129,0.9999981
17.954518,1.0005425
17.955907,1.0002928
17.957296,0.9994622
17.958684,1.0007531
17.960073,0.9998490
17.961462,0.9999387
17.962851,1.0002101
17.964240,1.0000115
17.965629,0.9999438
17.967018,1.0000756
17.968407,0.9999189
17.969796,0.9998050
17.971185,1.0003536
17.972573,1.0000403
17.973962,0.9993843
17.975351,1.0007754
17.976740,0.9996645
17.978129,1.0007609
17.979518,0.9999819
17.980907,1.0007226
17.982296,1.0006543
17.983685,1.0000528
17.985074,1.0009072
17.986462,0.9993626
17.987851,1.0003924
17.989240,1.0003779
17.990629,0.9998192
17.992018,1.0004393
17.993407,1.0004692
17.994796,0.9997321
17.996185,1.0000151
17.997574,1.0007777
17.998963,1.0001811
18.000352,1.0003859
18.001740,1.0003866
18.003129,0.9993313
18.004518,1.0007846
18.005907,0.9995122
18.007296,1.0001233
18.008685,1.0001233
18.010074,0.9997478
18.011463,0.9993303
18.012852,0.9984174
18.014241,0.9994701
18.015629,1.0010522
18.017018,1.0003690
18.018407,1.0005034
18.019796,0.9999358
18.021185,0.9992322
18.022574,1.0004825
18.023963,1.0001832
18.025352,1.0009138
18.026741,1.0011017
18.028130,0.9995053
18.029518,1.0001197
18.030907,0.9993817
18.032296,0.9999984
18.033685,0.9999751
18.035074,1.0004565
18.036463,0.9999052
18.037852,0.9998471
18.039241,0.9996737
18.040630,1.0011064
18.042019,0.9998488
18.043407,1.0004379
18.044796,0.9989289
18.046185,0.9999238
18.047574,1.0000047
18.048963,0.9996334
18.050352,0.9997823
18.051741,1.0004661
18.053130,0.9991519
18.054519,0.9992779
18.055908,1.0000025
18.057297,1.0003949
18.058685,0.9995264
18.060074,0.9997396
18.061463,1.0001683
18.062852,0.9995658
18.064241,0.9989288
18.065630,0.9999144
18.067019,0.9992039
18.068408,0.9998215
18.069797,0.9997233
18.071186,0.9994070
18.072574,1.0009898
18.073963,0.9998004
18.075352,0.9998937
18.076741,0.9995714
18.078130,0.9986233
18.079519,1.0000755
18.080908,1.0005898
18.082297,0.9993749
18.083686,0.9992264
18.085075,0.9998595
18.086463,1.0003936
18.087852,1.0000413
18.089241,0.9999399
18.090630,0.9997255
18.092019,1.0000763
18.093408,0.9988376
18.094797,0.9990345
18.096186,1.0007544
18.097575,1.0003079
18.098964,0.9996531
18.100353,0.9998754
18.101741,1.0007370
18.103130,0.9995650
18.104519,0.9999273
18.105908,0.9997761
18.107297,0.9993604
18.108686,0.9999053
18.110075,0.9996555
18.111464,1.0006194
18.112853,0.9992236
18.114242,1.0004199
18.115630,0.9997318
18.117019,1.0002163
18.118408,1.0000622
18.119797,1.0001138
18.121186,0.9994088
18.122575,0.9999699
18.123964,0.9992605
18.125353,0.9992992
18.126742,0.9981169
18.128131,0.9992881
18.129519,1.0000142
18.130908,1.0000389
18.132297,0.9996848
18.133686,1.0002284
18.135075,1.0001820
18.136464,1.0000647
18.137853,0.9997486
18.139242,1.0001966
18.140631,0.9988509
18.142020,0.9997429
18.143408,0.9993542
18.144797,1.0000848
18.146186,0.9997883
18.147575,0.9986205
18.148964,0.9995326
18.150353,1.0001646
18.151742,0.9996694
18.153131,0.9990700
18.154520,0.9987156
18.155909,0.9992274
18.157298,0.9994551
18.158686,0.9990570
18.160075,0.9999594
18.161464,1.0001696
18.162853,0.9993758
18.164242,0.9994820
18.165631,0.9991468
18.167020,0.9994133
18.168409,1.0001344
18.169798,0.9993100
18.171187,0.9997561
18.172575,0.9998609
18.173964,0.9983679
18.175353,0.9995245
18.176742,0.9992143
18.178131,1.0003104
18.179520,0.9998725
18.180909,0.9983397
18.182298,0.9996547
18.183687,0.9993611
18.185076,0.9988710
18.186464,0.9996084
18.187853,0.9993107
18.189242,0.9984526
18.190631,0.9980670
18.192020,0.9975562
18.193409,0.9954300
18.194798,0.9940135
18.196187,0.9919953
18.197576,0.9910919
18.198965,0.9909158
18.200353,0.9900194
18.201742,0.9903256
18.203131,0.9912847
18.204520,0.9900888
18.205909,0.9896657
18.207298,0.9895533
18.208687,0.9897337
18.210076,0.9900655
18.211465,0.9893167
18.212854,0.9886953
18.214243,0.9890115
18.215631,0.9894654
18.217020,0.9890913
18.218409,0.9899916
18.219798,0.9893668
18.221187,0.9901566
18.222576,0.9890773
18.223965,0.9901923
18.225354,0.9886780
18.226743,0.9894451
18.228132,0.9890688
18.229520,0.9883336
18.230909,0.9887053
18.232298,0.9887124
18.233687,0.9879144
18.235076,0.9897623
18.236465,0.9893042
18.237854,0.9893342
18.239243,0.9884611
18.240632,0.9886028
18.242021,0.9884952
18.243409,0.9894501
18.244798,0.9891539
18.246187,0.9893443
18.247576,0.9887668
18.248965,0.9895180
18.250354,0.9877888
18.251743,0.9883362
18.253132,0.9892989
18.254521,0.9893203
18.255910,0.9889740
18.257298,0.9902027
18.258687,0.9892815
18.260076,0.9895594
18.261465,0.9896796
18.262854,0.9898885
18.264243,0.9893548
18.265632,0.9903113
18.267021,0.9900695
18.268410,0.9915247
18.269799,0.9915734
18.271188,0.9922989
18.272576,0.9930865
18.273965,0.9940301
18.275354,0.9973803
18.276743,0.9983239
18.278132,0.9982622
18.279521,1.0001468
18.280910,0.9999787
18.282299,0.9997402
18.283688,1.0009477
18.285077,0.9987011
18.286465,0.9985626
18.287854,1.0000267
18.289243,0.9994800
18.290632,0.9985829
18.292021,0.9990641
18.293410,0.9992948
18.294799,0.9996395
18.297577,1.0001650
18.298966,0.9990672
18.300354,1.0000436
18.301743,0.9992081
18.303132,0.9999817
18.304521,0.9995234
18.305910,1.0000150
18.307299,0.9994507
18.308688,0.9999984
18.310077,1.0003473
18.311466,0.9995947
18.312855,0.9988407
18.314243,0.9984511
18.315632,1.0001030
18.318410,0.9995719
18.319799,0.9988838
18.321188,1.0002354
18.322577,0.9991814
18.323966,0.9997792
18.325355,1.0000753
18.326744,0.9993707
18.328133,0.9989894
18.329521,1.0002943
18.330910,0.9993345
18.332299,0.9987203
18.333688,0.9999158
18.335077,1.0001335
18.336466,0.9993072
18.337855,0.9998046
18.339244,0.9990788
18.340633,0.9995575
18.342022,0.9997787
18.343410,0.9991244
18.344799,1.0001005
18.346188,0.9988928
18.347577,0.9985611
18.348966,0.9995949
18.350355,1.0000378
18.351744,0.9996092
18.353133,1.0004867
18.355911,0.9999098
18.357299,0.9984858
18.358688,1.0000707
18.360077,0.9997754
18.361466,0.9997341
18.362855,1.0009490
18.364244,0.9994813
18.365633,0.9994242
18.367022,0.9991108
18.368411,0.9993414
18.369800,1.0003886
18.371188,0.9995712
18.372577,1.0000600
18.373966,0.9997273
18.375355,0.9987947
18.376744,0.9999912
18.378133,1.0001459
18.379522,0.9994244
18.380911,0.9998370
18.382300,0.9999105
18.383689,0.9992976
18.386466,0.9999015
18.387855,0.9992896
18.389244,0.9998025
18.390633,0.9997288
18.392022,0.9998761
18.393411,0.9991266
18.394800,0.9998196
18.396189,1.0002628
18.397578,1.0002037
18.398967,0.9997744
18.400355,1.0004216
18.401744,0.9989482
18.403133,0.9994216
18.404522,1.0001347
18.405911,0.9992772
18.407300,0.9999947
18.408689,1.0004098
18.410078,1.0005123
18.411467,0.9996776
18.412856,1.0008751
18.414244,1.0001150
18.415633,0.9997246
18.417022,1.0001882
18.418411,0.9997888
18.419800,0.9999022
18.421189,1.0001412
18.422578,1.0003801
18.423967,1.0001071
18.425356,0.9993117
18.426745,0.9997442
18.428133,1.0004512
18.429522,1.0011819
18.430911,1.0002829
18.432300,1.0008392
18.433689,0.9997423
18.435078,1.0007507
18.436467,0.9998662
18.437856,1.0002641
18.439245,1.0013332
18.440634,0.9996754
18.442022,0.9997741
18.443411,1.0001986
18.444800,0.9991945
18.447578,0.9993854
18.448967,1.0006929
18.450356,0.9992665
18.451745,0.9990333
18.453134,1.0008260
18.454523,1.0000439
18.455912,1.0007364
18.457300,0.9998556
18.458689,1.0000152
18.460078,1.0003551
18.461467,1.0002999
18.462856,0.9998415
18.464245,1.0002792
18.465634,1.0006356
18.467023,1.0006866
18.468412,1.0000401
18.469801,1.0002616
18.471189,1.0004809
18.472578,0.9996413
18.473967,1.0004557
18.475356,1.0004013
18.476745,1.0001297
18.478134,1.0014093
18.479523,0.9996527
18.480912,1.0002178
18.482301,1.0000782
18.483690,1.0004428
18.485078,0.9998714
18.486467,1.0005329
18.487856,0.9999737
18.489245,1.0001780
18.490634,1.0000954
18.492023,0.9991916
18.493412,0.9999790
18.494801,0.9995247
18.496190,0.9998477
18.497579,1.0010560
18.498967,1.0009112
18.500356,1.0000461
18.501745,1.0006558
18.503134,0.9996620
18.504523,1.0003127
18.505912,1.0006500
18.507301,1.0001373
18.508690,1.0007075
18.510079,0.9999595
18.511468,0.9996973
18.512856,1.0013804
18.514245,0.9999010
18.515634,1.0005416
18.517023,0.9995092
18.518412,0.9993580
18.519801,1.0004283
18.521190,1.0002189
18.522579,1.0004261
18.523968,1.0003586
18.525357,1.0010038
18.526746,1.0009116
18.528134,0.9990340
18.529523,1.0004198
18.530912,0.9998774
18.532301,0.9998288
18.533690,1.0003298
18.535079,1.0005380
18.536468,0.9998123
18.537857,0.9997399
18.539246,0.9998527
18.540635,1.0007229
18.542023,1.0001001
18.543412,1.0009007
18.544801,1.0003397
18.546190,0.9999116
18.547579,0.9999620
18.548968,0.9994038
18.550357,1.0003288
18.551746,1.0000329
18.553135,0.9999394
18.554524,0.9994072
18.555912,0.9997050
18.557301,1.0005497
18.558690,1.0009171
18.560079,1.0003564
18.561468,1.0002017
18.562857,1.0001449
18.564246,1.0006203
18.565635,0.9982929
18.567024,0.9996311
18.568413,0.9998928
18.569801,1.0008741
18.571190,0.9995038
18.572579,1.0006294
18.573968,1.0007918
18.575357,1.0005739
18.576746,1.0003511
18.578135,1.0006840
18.579524,1.0002884
18.580913,1.0007610
18.582302,0.9999107
18.583690,1.0010678
18.585079,0.9999850
18.586468,1.0002296
18.587857,1.0005178
18.589246,1.0003745
18.590635,1.0000329
18.592024,1.0001004
18.593413,0.9993709
18.594802,1.0008060
18.596191,0.9998742
18.597580,0.9999533
18.598968,0.9999742
18.600357,1.0003271
18.601746,1.0005753
18.603135,0.9996926
18.604524,1.0003457
18.605913,0.9991695
18.607302,1.0008429
18.608691,1.0003917
18.610080,0.9998222
18.611469,1.0015535
18.612857,1.0008746
18.614246,1.0005178
18.615635,0.9995616
18.617024,1.0007628
18.618413,1.0002718
18.619802,1.0004929
18.621191,1.0003921
18.622580,1.0004045
18.623969,0.9994337
18.625358,1.0004467
18.626746,1.0010513
18.628135,1.0005596
18.629524,0.9995866
18.630913,0.9998866
18.632302,0.9993906
18.633691,1.0007111
18.635080,0.9993542
18.636469,1.0003145
18.637858,1.0011891
18.639247,1.0009287
18.640635,0.9998527
18.642024,0.9996175
18.643413,1.0007749
18.644802,0.9996080
18.646191,0.9999218
18.647580,0.9998186
18.648969,1.0002234
18.650358,0.9997873
18.651747,1.0002717
18.653136,1.0002030
18.654524,1.0004916
18.655913,1.0006139
18.657302,1.0010833
18.658691,0.9999635
18.660080,1.0000842
18.661469,0.9996983
18.662858,1.0000671
18.664247,0.9997247
18.665636,1.0003874
18.667025,1.0003340
18.668413,0.9996140
18.669802,0.9998670
18.671191,0.9998368
18.672580,0.9998945
18.673969,0.9993087
18.675358,0.9990963
18.676747,0.9992462
18.678136,0.9995747
18.679525,0.9999877
18.680914,0.9996945
18.682303,0.9987846
18.683691,0.9989898
18.685080,0.9996460
18.686469,0.9988646
18.687858,1.0004020
18.689247,0.9992184
18.690636,0.9999245
18.692025,0.9994101
18.693414,0.9986906
18.694803,1.0001742
18.696192,0.9992054
18.697580,0.9988096
18.698969,1.0005547
18.700358,1.0003006
18.701747,0.9992304
18.703136,0.9998017
18.704525,0.9997856
18.705914,0.9992111
18.707303,0.9984679
18.708692,0.9995368
18.710081,0.9988913
18.711469,0.9996099
18.712858,0.9994497
18.714247,0.9999540
18.715636,1.0000820
18.717025,0.9998294
18.718414,1.0002640
18.719803,1.0001051
18.721192,0.9990990
18.722581,0.9994590
18.723970,0.9999153
18.725358,1.0004233
18.726747,1.0001160
18.728136,1.0001823
18.729525,0.9993949
18.730914,1.0009242
18.732303,0.9984086
18.733692,0.9994336
18.735081,0.9993333
18.736470,0.9996443
18.737859,0.9996211
18.739247,0.9998676
18.740636,0.9992669
18.742025,0.9994529
18.743414,0.9998997
18.744803,1.0006489
18.746192,0.9995360
18.747581,1.0006666
18.748970,0.9992176
18.750359,0.9995661
18.751748,1.0000953
18.753136,0.9997358
18.754525,0.9999288
18.755914,0.9996178
18.757303,1.0008190
18.758692,1.0006082
18.760081,0.9997205
18.761470,1.0000913
18.762859,0.9994750
18.764248,0.9994882
18.765637,0.9997759
18.767026,0.9996592
18.768414,0.9994283
18.769803,0.9994589
18.771192,0.9998184
18.772581,0.9999221
18.773970,0.9997881
18.775359,1.0000074
18.776748,0.9992321
18.778137,1.0001955
18.779526,0.9999378
18.780915,1.0001823
18.782303,0.9998930
18.783692,1.0002642
18.785081,0.9992309
18.786470,0.9999614
18.787859,1.0005650
18.789248,0.9991724
18.790637,1.0001490
18.792026,0.9998599
18.793415,0.9999858
18.794804,0.9996436
18.796192,0.9998448
18.797581,0.9995661
18.798970,0.9999148
18.800359,0.9997599
18.801748,0.9998120
18.803137,0.9994915
18.804526,1.0013105
18.805915,0.9999074
18.807304,1.0003723
18.808693,1.0010406
18.810081,0.9992489
18.811470,1.0007651
18.812859,1.0000226
18.814248,1.0000321
18.815637,1.0000000
18.817026,1.0003849
18.818415,1.0003257
18.819804,1.0005478
18.821193,1.0004514
18.822582,0.9999569
18.823970,1.0006597
18.825359,1.0008424
18.826748,1.0000474
18.828137,1.0004222
18.829526,1.0003455
18.830915,0.9999436
18.832304,0.9998542
18.833693,0.9999056
18.835082,1.0009579
18.836471,0.9999695
18.837859,1.0001566
18.839248,1.0004117
18.840637,1.0002882
18.842026,0.9994620
18.843415,0.9999595
18.844804,1.0014597
18.846193,1.0003676
18.847582,1.0002570
18.848971,1.0012048
18.850360,1.0004492
18.851748,1.0006271
18.853137,1.0002122
18.854526,0.9994991
18.855915,1.0005465
18.857304,0.9994454
18.858693,1.0008854
18.860082,1.0001202
18.861471,1.0014454
18.862860,1.0007321
18.864249,1.0005601
18.865638,1.0005388
18.867026,1.0008455
18.868415,0.9998478
18.869804,1.0006323
18.871193,0.9999577
18.872582,1.0009629
18.873971,1.0005888
18.875360,1.0001505
18.876749,1.0002354
18.878138,1.0007056
18.879527,1.0006351
18.880915,0.9999903
18.882304,1.0005111
18.883693,1.0000105
18.885082,0.9995676
18.886471,1.0002557
18.887860,1.0007518
18.889249,1.0006351
18.890638,1.0004642
18.892027,0.9998335
18.893416,0.9994368
18.894804,1.0004427
18.896193,1.0004935
18.897582,0.9997913
18.898971,0.9997069
18.900360,1.0003721
18.901749,1.0001376
18.903138,0.9994081
18.904527,1.0004652
18.905916,1.0007259
18.907305,1.0007495
18.908693,1.0000921
18.910082,1.0001179
18.911471,0.9999616
18.912860,1.0005709
18.914249,1.0002386
18.915638,1.0003023
18.917027,0.9995363
18.918416,1.0004236
18.919805,1.0004874
18.921194,1.0001278
18.922582,1.0008631
18.923971,0.9993885
18.925360,1.0001700
18.926749,1.0004829
18.928138,0.9998578
18.929527,0.9995412
18.930916,0.9996298
18.932305,0.9990740
18.933694,0.9994710
18.935083,1.0001342
18.936471,1.0002093
18.937860,0.9998018
18.939249,0.9999679
18.940638,1.0004299
18.942027,1.0000573
18.943416,0.9998670
18.944805,1.0008292
18.946194,0.9999904
18.947583,1.0001156
18.948972,1.0003443
18.950360,0.9999931
18.951749,1.0009449
18.953138,0.9991265
18.954527,1.0003163
18.955916,0.9994424
18.957305,1.0011818
18.958694,1.0000442
18.960083,1.0003458
18.961472,1.0004616
18.962861,1.0005461
18.964249,1.0015186
18.965638,1.0004125
18.967027,0.9988001
18.968416,1.0008563
18.969805,1.0000966
18.971194,1.0009116
18.972583,1.0001315
18.973972,1.0000656
18.975361,1.0008416
18.976750,1.0004840
18.978139,1.0006670
18.979527,0.9999483
18.980916,0.9987401
18.982305,0.9997436
18.983694,1.0004094
18.985083,1.0006062
18.986472,0.9999148
18.987861,1.0003909
18.989250,1.0005126
18.990639,1.0010802
18.992028,0.9998462
18.993416,1.0008956
18.994805,1.0004490
18.996194,1.0010103
18.997583,1.0000184
18.998972,1.0005327
19.000361,1.0001323
19.001750,1.0005843
19.003139,1.0002762
19.004528,0.9995755
19.005917,1.0001571
19.007305,0.9999103
19.008694,0.9991235
19.010083,0.9997716
19.011472,1.0007439
19.012861,1.0010354
19.014250,1.0011499
19.015639,1.0004203
19.017028,0.9996335
19.018417,0.9995812
19.019806,0.9997538
19.021194,1.0010243
19.022583,1.0003505
19.023972,1.0005335
19.025361,0.9998809
19.026750,1.0001949
19.028139,0.9997478
19.029528,1.0009405
19.030917,1.0005719
19.032306,1.0010717
19.035083,1.0007769
19.036472,0.9997612
19.037861,0.9999679
19.039250,1.0005569
19.040639,1.0005237
19.042028,0.9997754
19.043417,0.9996008
19.044806,0.9996874
19.046195,0.9988959
19.047584,0.9999234
19.048972,0.9999862
19.050361,1.0003146
19.051750,0.9998361
19.053139,1.0009344
19.055917,1.0002752
19.057306,0.9997043
19.058695,1.0001734
19.060084,0.9995924
19.061473,0.9994445
19.062861,1.0003549
19.064250,0.9998444
19.065639,0.9984846
19.067028,0.9998880
19.068417,0.9993580
19.069806,0.9994403
19.071195,0.9997770
19.072584,1.0005826
19.073973,1.0000635
19.075362,0.9998783
19.078139,1.0002044
19.079528,1.0005173
19.080917,0.9996451
19.082306,1.0014503
19.085084,1.0003123
19.086473,1.0003098
19.087862,0.9996970
19.089251,1.0008044
19.090639,1.0002030
19.092028,1.0005248
19.093417,0.9994867
19.094806,1.0000375
19.096195,0.9998412
19.097584,0.9998386
19.098973,0.9996489
19.101751,0.9998231
19.103140,0.9993333
19.104528,0.9992420
19.107306,0.9992753
19.108695,1.0002818
19.110084,0.9998455
19.111473,0.9986434
19.112862,1.0003197
19.114251,0.9999124
19.115640,1.0007928
19.118418,0.9992663
19.119806,0.9995111
19.121195,0.9999781
19.122584,0.9991569
19.123973,0.9997177
19.125362,1.0008122
19.126751,1.0001269
19.128140,0.9984220
19.129529,0.9988253
19.130918,1.0002184
19.132307,0.9982769
19.133695,0.9974136
19.135084,0.9958727
19.136473,0.9941989
19.137862,0.9935447
19.139251,0.9928083
19.140640,0.9910302
19.142029,0.9907363
19.143418,0.9903892
19.144807,0.9909889
19.146196,0.9901721
19.147584,0.9898376
19.148973,0.9900017
19.150362,0.9899893
19.151751,0.9905332
19.153140,0.9897484
19.154529,0.9893575
19.155918,0.9888902
19.157307,0.9890846
19.158696,0.9895359
19.160085,0.9897655
19.161473,0.9895099
19.162862,0.9884962
19.165640,0.9896407
19.167029,0.9894115
19.168418,0.9887780
19.169807,0.9888775
19.172585,0.9885733
19.173974,0.9886958
19.175362,0.9891524
19.176751,0.9886905
19.179529,0.9888096
19.180918,0.9896584
19.182307,0.9888429
19.183696,0.9897627
19.185085,0.9896115
19.186474,0.9894713
19.187863,0.9886406
19.189251,0.9890290
19.192029,0.9888700
19.193418,0.9898151
19.194807,0.9885042
19.196196,0.9898329
19.197585,0.9895470
19.198974,0.9898039
19.200363,0.9905327
19.201752,0.9897995
19.203140,0.9899450
19.204529,0.9895728
19.205918,0.9897306
19.207307,0.9904237
19.208696,0.9905891
19.210085,0.9902214
19.211474,0.9916784
19.212863,0.9917314
19.214252,0.9934957
19.215641,0.9952987
19.217029,0.9973212
19.218418,0.9978536
19.219807,0.9992088
19.221196,0.9993395
19.222585,1.0006410
19.223974,0.9994505
19.225363,0.9998191
19.226752,0.9997198
19.228141,0.9992614
19.229530,0.9994682
19.230918,0.9993269
19.232307,1.0002373
19.233696,0.9997214
19.235085,0.9993170
19.236474,1.0000200
19.237863,0.9996216
19.239252,0.9998363
19.240641,0.9995901
19.242030,0.9996112
19.243419,1.0000719
19.244807,0.9989922
19.246196,1.0000823
19.247585,1.0002628
19.248974,0.9996401
19.250363,0.9999085
19.251752,0.9997429
19.253141,0.9994891
19.255919,0.9999284
19.257308,1.0001532
19.258696,1.0012407
19.262863,1.0010432
19.264252,0.9998093
19.265641,0.9994067
19.267030,0.9994775
19.268419,0.9995577
19.269808,0.9995326
19.272585,0.9994523
19.273974,0.9999296
19.275363,1.0001413
19.276752,0.9992602
19.279530,0.9997939
19.280919,1.0002752
19.282308,0.9989539
19.283697,1.0010540
19.285086,0.9998368
19.286475,0.9998009
19.287863,0.9997378
19.289252,1.0005911
19.290641,1.0009246
19.292030,1.0003976
19.293419,1.0004850
19.294808,1.0000838
19.296197,0.9999110
19.297586,0.9996303
19.298975,0.9993711
19.300364,1.0006899
19.301752,0.9996087
19.303141,1.0007070
19.304530,1.0002271
19.305919,0.9997750
19.307308,0.9997713
19.308697,1.0008983
19.310086,1.0005280
19.311475,1.0000399
19.312864,0.9989528
19.314253,0.9999578
19.315641,0.9998113
19.317030,0.9998425
19.318419,0.9998408
19.319808,0.9999151
19.321197,0.9999740
19.322586,1.0003355
19.323975,0.9994925
19.325364,1.0000242
19.326753,0.9987500
19.328142,1.0000260
19.330919,0.9987357
19.332308,0.9999952
19.333697,0.9999165
19.335086,1.0003983
19.336475,1.0000411
19.337864,1.0008292
19.339253,1.0002039
19.340642,0.9997423
19.342031,1.0002887
19.343419,1.0000052
19.344808,0.9995022
19.346197,1.0005664
19.347586,1.0004509
19.348975,0.9999561
19.350364,0.9993997
19.351753,1.0003657
19.354531,0.9996295
19.355920,0.9998048
19.357308,0.9990361
19.358697,1.0005794
19.360086,0.9999813
19.361475,1.0007185
19.362864,1.0004870
19.364253,0.9995467
19.365642,1.0004476
19.367031,1.0002637
19.368420,0.9998403
19.369809,0.9999031
19.371197,1.0001356
19.372586,0.9994167
19.373975,1.0000977
19.375364,0.9991741
19.376753,0.9997407
19.378142,0.9999040
19.379531,1.0007550
19.380920,1.0006260
19.382309,1.0010005
19.383698,0.9991769
19.385086,1.0011794
19.386475,0.9989137
19.387864,1.0002734
19.389253,0.9995565
19.390642,1.0001625
19.392031,0.9998284
19.393420,1.0000301
19.394809,1.0007369
19.396198,0.9987771
19.397587,1.0003050
19.400364,1.0004603
19.401753,1.0004482
19.403142,1.0005242
19.404531,0.9994983
19.405920,1.0002617
19.407309,0.9998515
19.408698,0.9995503
19.410087,1.0006830
19.411476,1.0009115
19.412864,1.0004051
19.414253,0.9997333
19.415642,1.0001899
19.417031,1.0008906
19.418420,0.9995918
19.419809,0.9998466
19.421198,1.0005625
19.422587,0.9997592
19.423976,0.9999175
19.425365,1.0001778
19.426753,1.0009762
19.428142,1.0008209
19.429531,1.0001896
19.430920,1.0000486
19.432309,1.0001528
19.433698,1.0003843
19.435087,0.9995100
19.436476,0.9985140
19.437865,1.0006994
19.439254,0.9998242
19.440642,1.0000425
19.442031,1.0001265
19.443420,0.9999688
19.444809,0.9998613
19.446198,1.0005821
19.448976,1.0006544
19.450365,1.0003749
19.453143,1.0002802
19.454531,1.0000349
19.455920,0.9999568
19.457309,1.0001766
19.458698,1.0011276
19.460087,1.0001737
19.461476,1.0008846
19.462865,0.9993260
19.464254,1.0010933
19.465643,1.0001217
19.467032,1.0008201
19.468420,0.9997131
19.469809,0.9993456
19.471198,1.0002534
19.472587,1.0005453
19.473976,1.0000036
19.475365,0.9999448
19.476754,0.9998443
19.478143,0.9995847
19.479532,0.9996238
19.480921,1.0010049
19.482309,0.9999964
19.483698,0.9999198
19.485087,1.0009532
19.486476,1.0004145
19.487865,1.0005844
19.489254,1.0007443
19.490643,0.9987634
19.492032,1.0008697
19.493421,0.9996197
19.494810,1.0007037
19.496198,1.0002157
19.497587,1.0005128
19.498976,1.0002160
19.500365,0.9997315
19.501754,0.9995871
19.503143,1.0002160
19.504532,1.0004981
19.505921,0.9995302
19.507310,1.0002186
19.508699,1.0008489
19.510087,0.9996475
19.511476,1.0006994
19.512865,0.9999256
19.523976,1.0002576
19.525365,0.9997277
19.526754,1.0005672
19.528143,0.9992689
19.529532,1.0003135
19.530921,0.9996508
19.532310,1.0005841
19.533699,1.0008523
19.535088,1.0014498
19.536477,1.0009606
19.537865,1.0004405
19.539254,1.0011102
19.540643,1.0010082
19.542032,1.0007042
19.543421,0.9996256
19.544810,1.0004343
19.546199,1.0008615
19.547588,1.0011016
19.548977,0.9997458
19.550366,0.9997845
19.551754,1.0009525
19.553143,0.9999049
19.554532,1.0008640
19.555921,0.9999607
19.557310,0.9996758
19.558699,1.0002064
19.560088,0.9999094
19.561477,1.0003052
19.562866,0.9993585
19.564255,0.9996306
19.565643,0.9982333
19.567032,1.0004615
19.568421,0.9992643
19.569810,1.0000968
19.571199,0.9989678
19.572588,1.0000844
19.573977,0.9995902
19.575366,0.9987577
19.576755,0.9992718
19.578144,0.9994760
19.579532,1.0003731
19.580921,0.9995180
19.582310,1.0001164
19.583699,0.9989650
19.585088,1.0004399
19.586477,0.9998033
19.587866,0.9997590
19.589255,1.0006618
19.590644,1.0005759
19.592033,0.9999858
19.593421,0.9998091
19.594810,0.9999781
19.596199,0.9995797
19.597588,1.0009198
19.598977,1.0006428
19.600366,1.0004446
19.601755,1.0010387
19.603144,1.0005101
19.604533,1.0003778
19.605922,1.0001387
19.607310,1.0002371
19.608699,0.9999526
19.610088,1.0002690
19.611477,0.9993215
19.612866,0.9998568
19.614255,0.9994146
19.615644,0.9997286
19.617033,1.0001693
19.618422,0.9992930
19.619811,0.9987997
19.621199,1.0002393
19.622588,1.0006957
19.623977,0.9991913
19.625366,0.9999733
19.626755,0.9994443
19.628144,0.9991340
19.629533,0.9995108
19.630922,0.9998020
19.632311,0.9993913
19.633700,1.0006819
19.635088,0.9995574
19.636477,1.0000939
19.637866,0.9989987
19.639255,0.9996058
19.640644,1.0001422
19.642033,0.9997252
19.643422,1.0007679
19.644811,1.0003237
19.646200,0.9997648
19.647589,0.9987113
19.648977,0.9992655
19.650366,0.9997794
19.651755,0.9999678
19.653144,0.9998052
19.654533,1.0000000
19.655922,0.9993733
19.657311,0.9996901
19.658700,0.9998323
19.660089,1.0001280
19.661478,0.9996569
19.662866,0.9996555
19.664255,0.9994641
19.665644,1.0005383
19.667033,0.9998191
19.668422,1.0003569
19.669811,0.9995831
19.671200,0.9990120
19.672589,1.0008107
19.673978,1.0000891
19.675367,0.9993037
19.676755,0.9991567
19.678144,0.9999719
19.679533,0.9996841
19.680922,1.0002653
19.682311,0.9993618
19.683700,0.9994272
19.685089,0.9996681
19.686478,0.9998971
19.687867,0.9998065
19.689256,0.9994505
19.690644,0.9997947
19.692033,1.0005375
19.693422,1.0002263
19.694811,1.0000720
19.696200,1.0002490
19.697589,1.0002201
19.698978,0.9990567
19.700367,1.0005916
19.701756,0.9996019
19.703145,1.0002994
19.704533,0.9991571
19.705922,1.0001705
19.707311,1.0003401
19.708700,1.0000164
19.710089,0.9994093
19.711478,0.9996016
19.712867,1.0002282
19.714256,0.9994980
19.715645,0.9997428
19.717034,1.0006199
19.718422,0.9998308
19.719811,0.9999984
19.721200,0.9989784
19.722589,1.0001275
19.723978,0.9995090
19.725367,1.0001810
19.726756,0.9993995
19.728145,0.9999935
19.729534,1.0001455
19.730923,1.0002717
19.732311,0.9995468
19.733700,1.0008258
19.735089,0.9994021
19.736478,1.0000209
19.737867,1.0001925
19.739256,1.0010606
19.740645,0.9994224
19.742034,0.9999768
19.743423,0.9999618
19.744812,0.9996658
19.746200,1.0004829
19.747589,1.0006273
19.748978,1.0007563
19.750367,1.0010275
19.751756,1.0002902
19.753145,0.9994933
19.754534,1.0008631
19.755923,1.0012340
19.757312,0.9993950
19.758701,0.9997454
19.760089,0.9999603
19.761478,1.0002398
19.762867,0.9986610
19.764256,1.0002009
19.765645,0.9999618
19.767034,0.9999690
19.768423,1.0001301
19.769812,1.0010040
19.771201,1.0000410
19.772590,0.9989815
19.773978,1.0005577
19.775367,0.9999450
19.776756,1.0000911
19.778145,1.0008853
19.779534,1.0003552
19.780923,0.9999139
19.782312,1.0006372
19.783701,0.9999944
19.785090,1.0001115
19.786479,1.0003058
19.787867,1.0006225
19.789256,1.0006402
19.790645,0.9996130
19.792034,1.0009491
19.793423,0.9998408
19.794812,0.9997023
19.796201,0.9998960
19.797590,0.9995639
19.798979,1.0009657
19.800368,1.0002896
19.801756,1.0001969
19.803145,1.0011880
19.804534,1.0007813
19.805923,1.0004637
19.807312,1.0000081
19.808701,1.0011983
19.810090,1.0000982
19.811479,0.9999287
19.812868,1.0003228
19.814257,1.0003606
19.815645,1.0007017
19.817034,1.0000916
19.818423,0.9990691
19.819812,1.0000631
19.821201,0.9994439
19.822590,1.0003586
19.823979,1.0005891
19.825368,1.0000898
19.826757,1.0006507
19.828146,1.0003415
19.829534,1.0011760
19.830923,0.9992874
19.832312,0.9999889
19.833701,1.0004018
19.835090,1.0003315
19.836479,0.9996857
19.837868,1.0005990
19.839257,1.0000088
19.840646,0.9997982
19.842035,0.9998264
19.843423,1.0018827
19.844812,0.9998287
19.846201,1.0009790
19.847590,1.0005318
19.848979,1.0007328
19.850368,1.0007080
19.851757,1.0003112
19.853146,1.0011182
19.854535,0.9996868
19.855924,1.0017222
19.857312,1.0008675
19.858701,0.9998801
19.860090,1.0005731
19.861479,1.0003633
19.862868,1.0000694
19.864257,0.9997125
19.865646,1.0005975
19.869813,1.0001705
19.871201,1.0005844
19.872590,0.9995390
19.873979,0.9998205
19.875368,0.9996013
19.876757,1.0009535
19.878146,0.9996555
19.879535,0.9996654
19.880924,1.0002626
19.882313,0.9998650
19.883702,0.9999066
19.885090,1.0006169
19.886479,1.0011819
19.887868,1.0007551
19.889257,1.0006638
19.890646,0.9998061
19.892035,1.0005812
19.893424,1.0005027
19.894813,1.0003091
19.896202,1.0005838
19.897591,1.0000933
19.898979,1.0003562
19.900368,1.0000866
19.901757,1.0007709
19.903146,0.9999050
19.904535,0.9996960
19.905924,1.0005864
19.907313,1.0003916
19.908702,1.0010261
19.910091,0.9998726
19.911480,1.0010963
19.912868,1.0002576
19.914257,0.9993966
19.915646,0.9991972
19.917035,1.0010106
19.918424,0.9999316
19.919813,1.0003328
19.921202,1.0001482
19.922591,1.0012330
19.923980,1.0003849
19.925369,1.0008938
19.926757,0.9996776
19.928146,0.9999587
19.929535,0.9995571
19.930924,1.0000466
19.932313,0.9999542
19.933702,1.0002055
19.935091,1.0003660
19.936480,0.9997188
19.937869,1.0001184
19.939258,1.0003002
19.940646,1.0005200
19.942035,1.0003196
19.943424,1.0000050
19.944813,0.9995124
19.946202,0.9998150
19.947591,1.0003864
19.948980,0.9999298
19.950369,1.0001289
19.951758,1.0009449
19.953147,1.0003230
19.954535,1.0004019
19.955924,1.0002144
19.957313,1.0011178
19.958702,0.9992574
19.960091,0.9998037
19.961480,1.0001037
19.962869,1.0007235
19.964258,1.0002588
19.965647,0.9993840
19.967036,1.0001273
19.968424,1.0000927
19.969813,1.0001931
19.971202,0.9998408
19.972591,1.0008782
19.973980,0.9990523
19.975369,1.0008464
19.976758,1.0000854
19.978147,1.0001739
19.979536,0.9992140
19.980925,1.0000064
19.982313,0.9994586
19.983702,1.0004937
19.985091,1.0000553
19.986480,0.9991455
19.987869,0.9995459
19.989258,1.0005603
19.990647,1.0000135
19.992036,0.9988501
19.993425,0.9999244
19.994814,0.9996986
19.996202,1.0009234
19.997591,1.0006503
19.998980,0.9989418
20.000369,1.0001959
20.001758,0.9995556
20.003147,0.9997436
20.004536,1.0001863
20.005925,1.0012500
20.007314,0.9993548
20.008703,1.0004546
20.010091,1.0002744
20.011480,0.9992908
20.012869,0.9994275
20.014258,0.9993391
20.015647,0.9995825
20.017036,0.9991238
20.018425,0.9993903
20.019814,0.9997198
20.021203,0.9995578
20.022592,0.9994915
20.023980,0.9990355
20.025369,0.9991699
20.026758,0.9999263
20.028147,0.9996956
20.029536,1.0001495
20.030925,0.9995520
20.032314,0.9995962
20.033703,0.9996564
20.035092,0.9999495
20.036481,0.9994697
20.037869,0.9992502
20.039258,1.0003413
20.040647,0.9982308
20.042036,1.0001491
20.043425,0.9993365
20.044814,0.9999339
20.046203,0.9994548
20.047592,1.0001093
20.048981,0.9989203
20.050370,0.9995311
20.051758,0.9990507
20.053147,0.9991361
20.054536,0.9987761
20.055925,0.9994052
20.057314,0.9994913
20.058703,0.9994967
20.060092,0.9990310
20.061481,0.9993636
20.062870,0.9992865
20.064258,0.9992250
20.065647,1.0006629
20.067036,0.9980301
20.068425,0.9993510
20.069814,0.9998097
20.071203,0.9996063
20.072592,0.9986305
20.073981,0.9982733
20.075370,0.9968034
20.076759,0.9952230
20.078147,0.9941460
20.079536,0.9917227
20.080925,0.9915020
20.082314,0.9908632
20.083703,0.9909772
20.085092,0.9901017
20.086481,0.9899038
20.087870,0.9895196
20.089259,0.9896479
20.090648,0.9901373
20.092036,0.9896862
20.093425,0.9894784
20.094814,0.9898595
20.096203,0.9888722
20.097592,0.9890489
20.098981,0.9887827
20.100370,0.9895082
20.101759,0.9892963
20.103148,0.9890980
20.104537,0.9892251
20.105925,0.9902282
20.107314,0.9879243
20.108703,0.9888961
20.110092,0.9890506
20.111481,0.9893293
20.112870,0.9887927
20.114259,0.9890728
20.115648,0.9887640
20.117037,0.9880663
20.118426,0.9884098
20.119814,0.9892488
20.121203,0.9889591
20.122592,0.9885005
20.123981,0.9892298
20.125370,0.9895789
20.126759,0.9890155
20.128148,0.9893592
20.129537,0.9891388
20.130926,0.9895384
20.132315,0.9889433
20.133703,0.9891225
20.135092,0.9887867
20.136481,0.9891782
20.137870,0.9887452
20.139259,0.9900743
20.140648,0.9896452
20.142037,0.9892773
20.143426,0.9894088
20.144815,0.9899672
20.146204,0.9905052
20.147592,0.9902585
20.148981,0.9903468
20.150370,0.9914835
20.151759,0.9909224
20.153148,0.9912112
20.154537,0.9931505
20.155926,0.9950017
20.157315,0.9958191
20.158704,0.9971138
20.160093,0.9986555
20.161481,0.9994660
20.162870,1.0001739
20.164259,0.9999556
20.165648,0.9992935
20.167037,0.9994150
20.168426,0.9992878
20.169815,0.9997346
20.171204,0.9996445
20.172593,0.9987265
20.173982,0.9995645
20.175370,0.9997694
20.176759,0.9989130
20.178148,0.9999092
20.179537,1.0002262
20.180926,1.0001398
20.182315,0.9999754
20.183704,1.0000976
20.185093,0.9996542
20.186482,0.9997589
20.187871,0.9997997
20.189259,0.9995136
20.190648,1.0003502
20.192037,0.9992232
20.193426,1.0002287
20.194815,1.0000182
20.196204,0.9993677
20.197593,1.0002843
20.198982,0.9997319
20.200371,0.9990899
20.201760,0.9999773
20.203148,0.9999710
20.204537,0.9998701
20.205926,1.0006595
20.207315,0.9988826
20.208704,0.9999720
20.210093,0.9991429
20.211482,1.0002897
20.212871,0.9993153
20.214260,0.9998332
20.215649,0.9999366
20.217037,0.9992459
20.218426,1.0001703
20.219815,0.9998304
20.221204,0.9992051
20.222593,1.0002784
20.223982,0.9998921
20.225371,1.0000986
20.226760,1.0005840
20.228149,1.0005041
20.229538,1.0000160
20.230926,1.0006347
20.232315,1.0008784
20.233704,1.0004140
20.235093,1.0001715
20.236482,1.0002590
20.237871,1.0004664
20.239260,0.9999849
20.240649,0.9996494
20.242038,0.9996341
20.243426,1.0004842
20.244815,0.9999087
20.246204,1.0001586
20.247593,0.9999487
20.248982,0.9998034
20.250371,0.9989683
20.251760,1.0001031
20.253149,0.9999613
20.254538,1.0001198
20.255927,1.0000236
20.257315,1.0000640
20.258704,1.0008054
20.260093,0.9997885
20.261482,1.0003415
20.262871,1.0004330
20.264260,1.0008769
20.265649,0.9998393
20.267038,1.0004438
20.268427,1.0004105
20.269816,1.0004807
20.271204,1.0005951
20.272593,0.9997656
20.273982,0.9992928
20.275371,1.0009916
20.276760,1.0003091
20.278149,0.9993761
20.279538,1.0001840
20.280927,0.9995530
20.282316,1.0004165
20.283705,0.9992681
20.285093,1.0001957
20.286482,1.0004359
20.287871,0.9997392
20.289260,1.0003948
20.290649,1.0002020
20.292038,1.0007446
20.293427,0.9997638
20.294816,0.9991341
20.296205,1.0006189
20.297594,0.9998707
20.298982,1.0005665
20.300371,0.9996202
20.301760,0.9990793
20.303149,0.9990097
20.304538,0.9985645
20.305927,1.0001868
20.307316,1.0001033
20.308705,1.0008253
20.310094,1.0000868
20.311483,1.0006932
20.312871,1.0010089
20.314260,1.0000935
20.315649,1.0000595
20.317038,0.9999895
20.318427,1.0005934
20.319816,1.0004476
20.321205,0.9995839
20.322594,1.0007899
20.323983,1.0000119
20.325372,0.9986379
20.326760,1.0002362
20.328149,1.0006555
20.329538,1.0003670
20.330927,1.0010516
20.332316,0.9997920
20.333705,1.0001652
20.335094,1.0003391
20.336483,0.9996963
20.337872,0.9998158
20.339261,1.0005229
20.340649,0.9993014
20.342038,1.0014932
20.343427,1.0002431
20.344816,0.9995556
20.346205,1.0001404
20.347594,1.0001391
20.348983,1.0004854
20.350372,1.0001180
20.351761,1.0003822
20.353150,0.9999689
20.354538,0.9998899
20.355927,1.0007328
20.357316,1.0005758
20.358705,1.0002173
20.360094,1.0002384
20.361483,0.9999375
20.362872,0.9995900
20.364261,1.0004899
20.365650,1.0001781
20.367038,1.0007368
20.368427,1.0007260
20.369816,0.9991192
20.371205,0.9998759
20.372594,0.9998822
20.373983,1.0007789
20.375372,0.9996539
20.376761,0.9993085
20.378150,1.0003777
20.379539,1.0006036
20.380927,1.0004970
20.382316,0.9997414
20.383705,1.0006635
20.385094,1.0008587
20.386483,1.0007958
20.387872,0.9992733
20.389261,1.0009217
20.390650,1.0005996
20.392039,1.0012262
20.393428,1.0005416
20.394816,1.0010792
20.396205,1.0009588
20.397594,1.0004053
20.398983,1.0003706
20.400372,0.9999299
20.401761,0.9999206
20.403150,1.0003306
20.404539,0.9997319
20.405928,0.9992974
20.407317,0.9998332
20.408705,1.0001633
20.410094,0.9999600
20.411483,1.0000273
20.412872,0.9993795
20.414261,0.9999253
20.415650,1.0005442
20.417039,0.9996561
20.418428,1.0002043
20.419817,0.9998961
20.421206,1.0002797
20.422594,0.9993286
20.423983,1.0020598
20.425372,0.9997546
20.426761,0.9991860
20.428150,0.9991780
20.429539,0.9992640
20.430928,0.9998060
20.432317,1.0005056
20.433706,0.9996897
20.435095,0.9992336
20.436483,0.9996147
20.437872,1.0004941
20.439261,1.0007739
20.440650,0.9994744
20.442039,1.0011195
20.443428,0.9996669
20.444817,0.9993467
20.446206,0.9994101
20.447595,0.9999801
20.448984,0.9998099
20.450372,1.0000000
20.451761,0.9999816
20.453150,1.0006461
20.454539,1.0002147
20.455928,1.0005283
20.457317,0.9999039
20.458706,0.9999150
20.460095,0.9990744
20.461484,1.0004388
20.462873,1.0003749
20.464261,1.0000433
20.465650,0.9993683
20.467039,1.0010554
20.468428,0.9994667
20.469817,0.9997916
20.471206,1.0007581
20.472595,1.0000659
20.473984,0.9999009
20.475373,0.9992192
20.476762,0.9994245
20.478150,0.9987999
20.479539,0.9995674
20.480928,1.0007095
20.482317,1.0007991
20.483706,1.0008507
20.485095,1.0001117
20.486484,0.9997401
20.487873,1.0002572
20.489262,0.9996682
20.490650,1.0006561
20.492039,1.0002090
20.493428,0.9999018
20.494817,0.9995855
20.496206,1.0001914
20.497595,1.0000621
20.498984,1.0002870
20.500373,1.0002160
20.501762,0.9997332
20.503151,1.0003742
20.504539,1.0008923
20.505928,1.0003445
20.507317,1.0009992
20.508706,0.9997819
20.510095,0.9999696
20.511484,1.0000671
20.512873,1.0007330
20.514262,0.9990048
20.515651,1.0004881
20.517040,0.9989511
20.518428,0.9999565
20.519817,0.9995613
20.521206,1.0008531
20.522595,1.0010720
20.523984,1.0000494
20.525373,1.0000039
20.526762,0.9995855
20.528151,0.9996668
20.529540,0.9999804
20.530929,1.0008282
20.532317,1.0006862
20.533706,1.0002390
20.535095,1.0009598
20.536484,1.0005281
20.537873,1.0002447
20.539262,0.9996763
20.540651,0.9995478
20.542040,1.0000944
20.543429,1.0000526
20.544818,1.0001075
20.546206,1.0003112
20.547595,0.9997148
20.548984,0.9998798
20.550373,0.9993086
20.551762,0.9998789
20.553151,1.0006069
20.554540,0.9995131
20.555929,1.0003189
20.557318,0.9993276
20.558707,0.9999939
20.560095,0.9987859
20.561484,1.0004737
20.562873,1.0000537
20.564262,1.0001652
20.565651,1.0004409
20.567040,0.9997845
20.568429,1.0003265
20.569818,0.9998160
20.571207,0.9996704
20.572596,0.9994336
20.573984,0.9994863
20.575373,1.0001563
20.576762,1.0005488
20.578151,0.9992834
20.579540,1.0002392
20.580929,0.9996599
20.582318,1.0002456
20.583707,0.9999559
20.585096,0.9987355
20.586484,1.0000919
20.587873,0.9997872
20.589262,0.9994625
20.590651,1.0005135
20.592040,0.9990503
20.593429,1.0000393
20.594818,0.9999705
20.596207,0.9987735
20.597596,0.9995226
20.598985,0.9996006
20.600373,0.9989896
20.601762,0.9990348
20.603151,0.9990022
20.604540,0.9987611
20.605929,0.9994241
20.607318,0.9997190
20.608707,0.9995208
20.610096,1.0003915
20.611485,1.0000004
20.612874,1.0000537
20.614262,1.0000251
20.615651,1.0003371
20.617040,0.9993512
20.618429,0.9999292
20.619818,0.9995328
20.621207,1.0000970
20.622596,0.9992272
20.623985,1.0000394
20.625374,1.0007069
20.626763,0.9997546
20.628151,0.9997914
20.629540,0.9997333
20.630929,1.0000757
20.632318,0.9993142
20.633707,0.9993662
20.635096,1.0003188
20.636485,1.0006267
20.637874,1.0000389
20.639263,0.9995127
20.640652,0.9994250
20.642040,1.0007421
20.643429,0.9989848
20.644818,1.0006656
20.646207,1.0000128
20.647596,1.0009978
20.648985,1.0000421
20.650374,0.9999054
20.651763,1.0004960
20.653152,0.9993782
20.654541,1.0003795
20.655929,0.9996424
20.657318,1.0005833
20.658707,1.0001982
20.660096,0.9995902
20.661485,0.9995264
20.662874,1.0002679
20.664263,0.9992357
20.665652,0.9990411
20.667041,1.0002358
20.668429,1.0000396
20.669818,0.9993243
20.671207,1.0000835
20.672596,1.0003261
20.673985,1.0004533
20.675374,0.9997549
20.676763,1.0017287
20.678152,0.9991135
20.679541,1.0003406
20.680930,0.9998541
20.682318,0.9998653
20.683707,0.9995357
20.685096,0.9997758
20.686485,1.0006653
20.687874,1.0005264
20.689263,1.0004793
20.690652,1.0012920
20.692041,0.9998475
20.693430,0.9999012
20.694819,1.0000016
20.696207,0.9996636
20.697596,0.9996023
20.698985,1.0004198
20.700374,1.0006278
20.701763,1.0000936
20.703152,0.9998075
20.704541,1.0001209
20.705930,0.9998755
20.707319,1.0000748
20.708708,0.9994272
20.710096,0.9992443
20.711485,0.9999452
20.712874,1.0003568
20.714263,1.0002057
20.715652,1.0000562
20.717041,1.0001735
20.718430,1.0005455
20.719819,0.9992898
20.721208,0.9990575
20.722597,0.9991823
20.723985,0.9993575
20.725374,1.0001040
20.726763,0.9998868
20.728152,0.9999755
20.729541,1.0007370
20.730930,0.9998721
20.732319,0.9996697
20.733708,1.0000317
20.735097,1.0005391
20.736486,0.9996138
20.737874,0.9996843
20.739263,0.9999930
20.740652,0.9999229
20.742041,0.9992034
20.743430,0.9996949
20.744819,0.9993005
20.746208,0.9996322
20.747597,1.0008409
20.748986,1.0003562
20.750374,1.0002948
20.751763,1.0003805
20.753152,1.0001653
20.754541,1.0005431
20.755930,0.9999803
20.757319,0.9990361
20.758708,1.0004981
20.760097,0.9995436
20.761486,1.0001647
20.764263,1.0003298
20.765652,0.9999601
20.767041,0.9999603
20.768430,0.9985197
20.769819,0.9999238
20.771208,0.9996712
20.772597,0.9988799
20.773986,0.9998988
20.775375,0.9999108
20.776764,0.9994614
20.778152,1.0007958
20.779541,1.0002625
20.780930,1.0000425
20.782319,1.0006591
20.786486,0.9989248
20.787875,1.0001283
20.789264,0.9993807
20.790653,1.0003058
20.792041,1.0000083
20.793430,0.9993534
20.794819,0.9998451
20.796208,1.0003382
20.797597,0.9999145
20.798986,1.0001996
20.800375,0.9994979
20.801764,0.9999320
20.803153,1.0003007
20.804542,1.0003688
20.805930,0.9998914
20.807319,0.9995132
20.808708,0.9998880
20.810097,1.0007445
20.811486,1.0002968
20.812875,0.9994657
20.814264,0.9986582
20.815653,1.0002557
20.817042,1.0002182
20.818431,1.0003616
20.819819,0.9991889
20.821208,1.0001746
20.822597,1.0006036
20.823986,0.9994607
20.825375,1.0008981
20.826764,0.9994728
20.828153,1.0001570
20.829542,1.0002079
20.830931,1.0007443
20.832319,0.9998091
20.833708,1.0001117
20.835097,0.9999982
20.836486,1.0005180
20.837875,1.0004792
20.839264,1.0007298
20.840653,1.0006271
20.842042,0.9996021
20.843431,1.0009849
20.844820,1.0005335
20.846208,1.0002375
20.847597,0.9996300
20.848986,1.0003948
20.850375,1.0001997
20.851764,1.0001831
20.853153,1.0008711
20.854542,1.0001687
20.855931,1.0006434
20.857320,0.9997813
20.858709,0.9995134
20.861486,1.0009372
20.862875,1.0000011
20.864264,1.0002766
20.865653,0.9993130
20.867042,0.9999843
20.868431,0.9993146
20.869820,1.0003626
20.871209,1.0000510
20.872598,0.9990624
20.873986,1.0001338
20.875375,0.9987970
20.876764,0.9997135
20.878153,1.0003972
20.879542,0.9999665
20.880931,1.0002507
20.882320,1.0001189
20.883709,1.0007952
20.885098,1.0005346
20.886487,1.0001047
20.887875,1.0003660
20.889264,0.9998949
20.890653,0.9997310
20.892042,1.0003010
20.893431,0.9996052
20.894820,0.9998896
20.896209,0.9993277
20.897598,0.9992098
20.898987,1.0003352
20.900375,1.0005051
20.901764,0.9994274
20.903153,0.9994960
20.904542,0.9995801
20.905931,0.9994870
20.907320,1.0004932
20.908709,1.0000421
20.910098,1.0001862
20.911487,0.9997996
20.912876,0.9990294
20.914264,0.9997818
20.915653,1.0008443
20.917042,1.0000074
20.918431,1.0004519
20.919820,1.0009998
20.921209,0.9997544
20.922598,0.9997703
20.923987,0.9990023
20.925376,0.9998804
20.926765,0.9989744
20.928153,0.9999054
20.929542,1.0002881
20.930931,0.9998085
20.932320,0.9996034
20.933709,1.0003247
20.935098,0.9985929
20.936487,0.9997406
20.937876,1.0006669
20.939265,1.0003839
20.940654,1.0005006
20.942042,0.9997355
20.943431,1.0004660
20.944820,1.0011211
20.946209,0.9998645
20.947598,0.9997651
20.948987,0.9998580
20.950376,1.0002437
20.951765,0.9995907
20.953154,0.9998793
20.954543,1.0006285
20.955931,1.0001582
20.957320,0.9990054
20.958709,1.0000154
20.960098,0.9995690
20.961487,1.0001220
20.962876,0.9997667
20.964265,1.0007971
20.965654,0.9999978
20.967043,1.0000816
20.968431,1.0001476
20.969820,1.0003229
20.971209,1.0003091
20.972598,1.0000662
20.973987,1.0010548
20.975376,1.0003815
20.976765,0.9998867
20.978154,0.9989136
20.979543,0.9998742
20.980932,1.0002130
20.982320,0.9996817
20.983709,0.9991670
20.985098,0.9995737
20.986487,1.0009420
20.987876,0.9998517
20.989265,0.9996649
20.990654,0.9991810
20.992043,1.0003759
20.993432,0.9998616
20.994821,0.9993046
20.996209,1.0002624
20.997598,0.9995355
20.998987,0.9997079
21.000376,0.9994434
21.001765,1.0000239
21.003154,1.0002667
21.004543,0.9994614
21.005932,0.9985461
21.007321,1.0006436
21.008710,1.0008111
21.010098,0.9998928
21.011487,0.9998654
21.012876,0.9999198
21.014265,0.9987685
21.015654,0.9980061
21.017043,0.9967138
21.018432,0.9946578
21.019821,0.9948429
21.021210,0.9924009
21.022599,0.9916165
21.023987,0.9913904
21.025376,0.9904089
21.026765,0.9893313
21.028154,0.9896752
21.029543,0.9903089
21.030932,0.9902877
21.032321,0.9891613
21.033710,0.9910389
21.035099,0.9897650
21.036487,0.9904867
21.037876,0.9898297
21.039265,0.9900178
21.040654,0.9895203
21.042043,0.9895456
21.043432,0.9894654
21.044821,0.9889136
21.046210,0.9896957
21.047599,0.9897045
21.048988,0.9896041
21.050376,0.9887439
21.051765,0.9888354
21.053154,0.9888304
21.054543,0.9893263
21.055932,0.9886110
21.057321,0.9892759
21.058710,0.9893811
21.060099,0.9892267
21.061488,0.9887941
21.062877,0.9891099
21.064265,0.9893526
21.065654,0.9896188
21.067043,0.9891945
21.068432,0.9882676
21.069821,0.9888217
21.071210,0.9888983
21.072599,0.9900572
21.073988,0.9898605
21.075377,0.9895330
21.076766,0.9889769
21.078154,0.9892982
21.079543,0.9899527
21.080932,0.9901381
21.082321,0.9895426
21.083710,0.9895480
21.085099,0.9899293
21.086488,0.9896683
21.087877,0.9902169
21.089266,0.9911880
21.090654,0.9911344
21.092043,0.9911920
21.093432,0.9907060
21.094821,0.9922253
21.096210,0.9926358
21.097599,0.9940468
21.098988,0.9959078
21.100377,0.9977834
21.101766,0.9985296
21.103155,1.0002238
21.104543,1.0003137
21.105932,1.0003331
21.107321,0.9995680
21.108710,0.9997354
21.110099,0.9998092
21.111488,1.0000277
21.112877,0.9983956
21.114266,0.9999858
21.115655,0.9998750
21.117044,0.9996241
21.118432,1.0001490
21.119821,1.0003317
21.121210,0.9991080
21.122599,0.9996982
21.123988,1.0000372
21.125377,0.9998691
21.126766,0.9999210
21.128155,1.0002951
21.129544,0.9998821
21.130933,0.9995867
21.132321,1.0001535
21.133710,0.9998434
21.135099,0.9995928
21.136488,0.9997197
21.137877,1.0001424
21.139266,1.0004544
21.140655,0.9994499
21.142044,1.0004888
21.143433,0.9999553
21.144822,1.0001678
21.146210,1.0008424
21.147599,1.0000262
21.148988,0.9995805
21.150377,0.9996229
21.151766,1.0006745
21.153155,0.9992294
21.154544,0.9993797
21.155933,0.9997571
21.157322,0.9999998
21.158710,1.0000246
21.160099,1.0003586
21.161488,0.9999960
21.162877,0.9996744
21.164266,1.0002871
21.165655,0.9996982
21.167044,0.9989473
21.168433,0.9995598
21.169822,1.0006860
21.171211,0.9996323
21.172599,1.0007087
21.173988,1.0009772
21.175377,0.9996209
21.176766,0.9998137
21.178155,1.0009334
21.179544,0.9992751
21.180933,1.0006284
21.182322,0.9991268
21.183711,1.0003578
21.185100,0.9996140
21.186488,1.0011017
21.187877,0.9998387
21.189266,1.0003068
21.190655,0.9991388
21.192044,1.0009956
21.193433,1.0002007
21.194822,1.0002149
21.196211,1.0000964
21.197600,0.9994429
21.198989,0.9996488
21.200377,1.0001324
21.201766,1.0005141
21.203155,1.0003049
21.204544,1.0000604
21.205933,1.0001764
21.207322,0.9996686
21.208711,0.9999601
21.210100,0.9997794
21.211489,0.9997450
21.212877,1.0004579
21.214266,0.9998021
21.215655,0.9998483
21.217044,0.9997609
21.218433,1.0003829
21.219822,0.9993686
21.221211,0.9987136
21.222600,1.0006824
21.223989,1.0004159
21.225378,0.9999413
21.226766,0.9995010
21.228155,1.0003997
21.229544,0.9997165
21.232322,0.9993346
21.233711,0.9998618
21.235100,0.9998218
21.236489,1.0005648
21.237878,1.0003702
21.239267,1.0003212
21.240655,1.0004519
21.242044,0.9998447
21.243433,0.9998030
21.244822,0.9997668
21.246211,0.9991480
21.247600,1.0006719
21.248989,0.9991423
21.250378,1.0007717
21.251767,0.9995459
21.253156,1.0001982
21.254544,1.0002869
21.255933,1.0010972
21.257322,0.9999793
21.258711,1.0000284
21.260100,0.9993631
21.261489,1.0003364
21.262878,0.9997923
21.264267,0.9999340
21.265656,0.9995362
21.267044,1.0002711
21.268433,0.9998419
21.269822,0.9994884
21.271211,1.0000317
21.272600,1.0014576
21.273989,0.9998402
21.275378,0.9998578
21.276767,0.9996140
21.278156,1.0006554
21.279545,1.0002034
21.280933,1.0008790
21.282322,0.9998088
21.283711,1.0010303
21.285100,1.0006017
21.286489,1.0013672
21.287878,1.0006254
21.289267,0.9999994
21.290656,1.0014078
21.292045,0.9997897
21.293434,1.0001376
21.294822,0.9989395
21.296211,1.0007700
21.297600,1.0000654
21.298989,1.0004034
21.300378,1.0002123
21.301767,1.0011066
21.303156,1.0000721
21.304545,1.0005204
21.305934,0.9991509
21.307323,1.0002789
21.308711,0.9992751
21.310100,1.0006858
21.311489,0.9997369
21.312878,0.9993625
21.314267,1.0003206
21.315656,1.0004343
21.317045,0.9999827
21.318434,1.0004374
21.319823,1.0007485
21.321211,0.9986405
21.322600,1.0003540
21.323989,1.0004225
21.325378,0.9993380
21.326767,1.0002051
21.328156,1.0006815
21.329545,1.0001024
21.330934,1.0000349
21.332323,0.9998715
21.333712,1.0003593
21.335100,0.9995020
21.336489,1.0002946
21.337878,1.0002910
21.339267,1.0009515
21.340656,0.9999167
21.342045,1.0015840
21.343434,1.0001561
21.344823,0.9996834
21.346212,1.0010274
21.347601,1.0000002
21.348989,1.0008949
21.350378,1.0010115
21.351767,1.0000796
21.353156,0.9998294
21.354545,1.0002819
21.355934,1.0003054
21.357323,1.0008327
21.358712,0.9997373
21.360101,0.9999928
21.361490,1.0008857
21.362878,0.9999442
21.364267,1.0003130
21.365656,1.0015077
21.367045,0.9999654
21.368434,1.0003853
21.369823,1.0012724
21.371212,0.9996701
21.372601,1.0007097
21.373990,0.9995635
21.375378,1.0003085
21.376767,1.0005611
21.378156,1.0005261
21.379545,0.9999692
21.380934,1.0002768
21.382323,0.9988856
21.383712,1.0011853
21.385101,0.9994210
21.386490,1.0000155
21.387879,0.9999753
21.389267,0.9995725
21.390656,1.0000773
21.392045,1.0004565
21.393434,1.0007706
21.394823,0.9997742
21.396212,1.0001508
21.397601,0.9998098
21.398990,1.0002640
21.400379,1.0007735
21.401768,0.9986839
21.403156,0.9999597
21.404545,1.0002497
21.405934,1.0008264
21.407323,0.9998351
21.408712,1.0003516
21.410101,1.0000965
21.411490,1.0005038
21.412879,1.0012850
21.414268,0.9999915
21.415656,1.0007447
21.417045,0.9994086
21.418434,0.9997606
21.419823,0.9993510
21.421212,0.9998965
21.422601,0.9995448
21.423990,1.0001319
21.425379,1.0005251
21.426768,0.9996858
21.428157,1.0004257
21.429545,1.0005810
21.430934,1.0011151
21.432323,0.9989534
21.433712,1.0015506
21.435101,0.9995541
21.436490,0.9997160
21.437879,1.0004480
21.439268,0.9997396
21.440657,0.9999915
21.442046,0.9997189
21.443434,1.0002722
21.444823,0.9996979
21.446212,1.0006993
21.447601,0.9998811
21.448990,0.9996066
21.450379,1.0001811
21.451768,1.0006659
21.454546,1.0000530
21.455935,0.9988651
21.457323,0.9993353
21.458712,1.0002883
21.460101,0.9997363
21.461490,0.9992749
21.462879,1.0007170
21.464268,1.0000856
21.465657,1.0003276
21.467046,1.0002793
21.468435,1.0000097
21.469823,0.9992760
21.471212,0.9997683
21.472601,1.0007502
21.473990,1.0002096
21.475379,1.0004790
21.476768,0.9996801
21.478157,1.0005795
21.479546,1.0004829
21.480935,0.9997981
21.482324,1.0007341
21.483712,1.0002544
21.485101,0.9996823
21.486490,0.9996516
21.487879,0.9990170
21.489268,1.0007834
21.490657,1.0000913
21.492046,1.0007427
21.493435,1.0002676
21.494824,0.9992974
21.496213,0.9991853
21.497601,0.9987625
21.498990,0.9995244
21.500379,1.0002268
21.501768,1.0003809
21.503157,1.0001043
21.504546,0.9998384
21.505935,0.9986224
21.507324,0.9997711
21.508713,1.0002266
21.511490,0.9998860
21.512879,0.9999428
21.514268,0.9995087
21.515657,1.0011789
21.517046,0.9995553
21.518435,1.0007695
21.519824,0.9995426
21.521213,0.9993892
21.523990,1.0005125
21.525379,0.9988790
21.526768,0.9995197
21.528157,0.9997618
21.529546,0.9989584
21.530935,0.9995359
21.532324,1.0001000
21.535102,0.9998272
21.536491,0.9990170
21.539268,0.9998387
21.540657,0.9989613
21.542046,0.9990430
21.543435,1.0001440
21.544824,0.9994479
21.546213,1.0001688
21.547602,0.9993333
21.548991,0.9999448
21.550380,0.9997735
21.551768,1.0002233
21.553157,0.9994848
21.554546,1.0000668
21.555935,0.9999806
21.557324,1.0003856
21.558713,0.9987581
21.560102,0.9994096
21.561491,1.0000397
21.562880,1.0002277
21.564268,0.9998798
21.565657,0.9990214
21.567046,0.9997322
21.568435,0.9992254
21.569824,0.9996132
21.571213,1.0003406
21.572602,0.9994421
21.573991,0.9998352
21.575380,0.9994037
21.576769,1.0000575
21.578157,0.9995867
21.579546,0.9998214
21.580935,1.0005894
21.582324,1.0008563
21.583713,1.0005897
21.585102,1.0004048
21.586491,1.0005149
21.587880,0.9998622
21.589269,1.0003827
21.590658,1.0005270
21.592046,1.0002833
21.593435,0.9991973
21.594824,1.0000918
21.596213,0.9999118
21.597602,0.9998030
21.598991,1.0009361
21.600380,0.9998995
21.601769,1.0004187
21.603158,0.9998240
21.604546,0.9998196
21.605935,1.0008008
21.607324,0.9998035
21.608713,0.9999997
21.610102,1.0000105
21.611491,0.9996131
21.612880,1.0000632
21.614269,1.0001795
21.615658,0.9990903
21.617047,0.9995973
21.618435,0.9998559
21.619824,1.0001523
21.621213,1.0012854
21.622602,1.0000022
21.623991,1.0014032
21.625380,1.0009152
21.626769,1.0005148
21.628158,0.9996021
21.629547,1.0000909
21.630936,0.9989503
21.632324,1.0003718
21.633713,0.9993257
21.635102,0.9997755
21.636491,1.0000946
21.637880,0.9995090
21.639269,0.9995964
21.640658,1.0007901
21.642047,1.0005611
21.643436,0.9998793
21.644824,1.0008797
21.646213,0.9998371
21.647602,0.9993898
21.648991,1.0006880
21.650380,1.0005906
21.651769,0.9983032
21.653158,0.9999538
21.654547,1.0005217
21.655936,1.0005988
21.657325,1.0000084
21.658713,0.9996067
21.660102,0.9997574
21.661491,1.0007700
21.662880,1.0004832
21.664269,1.0002567
21.665658,0.9988513
21.667047,1.0009062
21.668436,0.9991473
21.669825,0.9995676
21.671214,0.9993425
21.672602,1.0007866
21.673991,1.0001891
21.675380,1.0004485
21.676769,1.0001455
21.678158,1.0008267
21.679547,1.0002995
21.680936,1.0005151
21.683714,1.0001480
21.685103,0.9998442
21.686491,0.9998235
21.687880,1.0001353
21.689269,1.0001901
21.690658,1.0008222
21.692047,1.0002166
21.693436,1.0004905
21.694825,0.9989365
21.696214,1.0007269
21.697603,0.9992857
21.698991,0.9991742
21.700380,1.0006351
21.701769,1.0002759
21.703158,1.0001180
21.704547,1.0002984
21.705936,1.0003035
21.707325,1.0012053
21.708714,0.9999198
21.710103,1.0005010
21.711492,1.0006851
21.712880,0.9996726
21.714269,1.0009143
21.715658,0.9997945
21.717047,0.9995329
21.718436,0.9999432
21.721214,0.9998002
21.722603,1.0000263
21.723992,1.0006814
21.725381,1.0002408
21.726769,0.9995258
21.728158,0.9998515
21.729547,0.9995257
21.730936,0.9997621
21.732325,1.0005711
21.733714,1.0016557
21.735103,1.0000295
21.736492,0.9999263
21.737881,1.0004280
21.739269,1.0005064
21.740658,1.0000794
21.742047,1.0016786
21.743436,0.9994601
21.744825,1.0010428
21.746214,1.0001248
21.747603,1.0002168
21.748992,1.0000491
21.750381,1.0012277
21.751770,1.0014817
21.753158,1.0005675
21.754547,1.0005532
21.755936,1.0003516
21.757325,1.0003134
21.761492,0.9999629
21.762881,1.0001827
21.764270,0.9996547
21.765659,0.9996178
21.767047,1.0002565
21.768436,1.0003080
21.769825,0.9995773
21.771214,0.9999975
21.772603,0.9996088
21.773992,1.0012514
21.775381,0.9995661
21.776770,1.0008711
21.778159,1.0009327
21.779547,1.0004250
21.780936,0.9997488
21.782325,0.9999836
21.783714,1.0002875
21.785103,1.0005227
21.786492,0.9992612
21.787881,0.9995465
21.789270,0.9993499
21.790659,0.9998672
21.792048,1.0007318
21.793436,0.9996341
21.796214,1.0003567
21.797603,1.0001811
21.798992,1.0000179
21.800381,1.0005829
21.801770,1.0002873
21.803159,1.0004734
21.804548,0.9998934
21.805937,0.9995859
21.807325,0.9993199
21.808714,1.0006871
21.810103,1.0008767
21.811492,0.9997913
21.812881,1.0003898
21.814270,1.0006141
21.815659,1.0001042
21.817048,1.0005092
21.818437,1.0000405
21.819825,0.9999600
21.821214,1.0003050
21.822603,0.9996005
21.823992,0.9999547
21.825381,1.0000128
21.826770,1.0003456
21.829548,0.9997409
21.830937,0.9994035
21.832326,1.0000656
21.833714,0.9990194
21.835103,0.9991218
21.836492,1.0003970
21.837881,1.0003711
21.839270,0.9996588
21.840659,0.9997265
21.842048,1.0004549
21.843437,0.9994161
21.844826,1.0008846
21.846215,1.0001409
21.847603,1.0005582
21.848992,0.9993345
21.850381,0.9992974
21.851770,0.9994915
21.853159,0.9999304
21.854548,1.0002573
21.855937,1.0002659
21.857326,1.0014127
21.858715,1.0006812
21.860103,0.9991996
21.861492,0.9994185
21.862881,0.9994496
21.864270,0.9988435
21.867048,0.9993684
21.868437,0.9997132
21.869826,1.0001437
21.871215,0.9992703
21.872604,1.0000530
21.873992,1.0001535
21.875381,1.0002864
21.876770,0.9989509
21.878159,0.9997522
21.879548,0.9993441
21.880937,0.9994313
21.882326,0.9999574
21.883715,1.0010689
21.885104,1.0003512
21.886493,0.9986194
21.887881,0.9989348
21.889270,0.9993945
21.890659,0.9987631
21.892048,0.9995064
21.893437,0.9989839
21.896215,1.0006795
21.897604,0.9998245
21.898993,1.0003731
21.900381,1.0006460
21.901770,1.0006907
21.903159,0.9992637
21.904548,0.9988015
21.905937,0.9994744
21.907326,0.9995894
21.908715,0.9990321
21.910104,1.0010086
21.912882,0.9991703
21.914270,0.9998413
21.915659,0.9994898
21.917048,0.9987171
21.918437,0.9997133
21.919826,0.9988265
21.921215,0.9995477
21.922604,1.0005714
21.923993,0.9988331
21.925382,0.9989044
21.926771,1.0000425
21.928159,0.9995112
21.929548,0.9989082
21.930937,0.9997027
21.932326,0.9996879
21.933715,0.9998320
21.935104,0.9996245
21.936493,0.9993760
21.937882,0.9997063
21.939271,1.0000887
21.940659,0.9996062
21.942048,0.9998329
21.943437,0.9999126
21.944826,0.9995045
21.946215,1.0007506
21.947604,0.9992012
21.950382,0.9991812
21.951771,0.9997570
21.953160,0.9992272
21.954548,1.0000184
21.955937,0.9983904
21.957326,0.9972507
21.958715,0.9962603
21.961493,0.9929033
21.962882,0.9918484
21.964271,0.9910831
21.965660,0.9905598
21.967049,0.9901521
21.968437,0.9900903
21.971215,0.9892242
21.972604,0.9894206
21.973993,0.9900899
21.975382,0.9893308
21.976771,0.9890078
21.978160,0.9895014
21.979549,0.9891591
21.980937,0.9890718
21.982326,0.9899230
21.983715,0.9892174
21.985104,0.9883047
21.986493,0.9886609
21.987882,0.9890380
21.989271,0.9885772
21.990660,0.9900178
21.992049,0.9902169
21.994826,0.9890467
21.996215,0.9892022
21.997604,0.9888477
21.998993,0.9898302
22.000382,0.9892761
22.001771,0.9885667
22.003160,0.9879723
22.004549,0.9886246
22.007326,0.9887531
22.008715,0.9893045
22.010104,0.9886211
22.011493,0.9882099
22.012882,0.9878909
22.023993,0.9896467
22.025382,0.9893782
22.026771,0.9897629
22.028160,0.9890991
22.029549,0.9902215
22.030938,0.9899875
22.032327,0.9904758
22.033716,0.9902919
22.035104,0.9904194
22.036493,0.9916867
22.037882,0.9928737
22.039271,0.9947249
22.040660,0.9956095
22.042049,0.9982068
22.043438,0.9985991
22.044827,0.9987882
22.046216,0.9999419
22.047604,0.9997398
22.048993,1.0000173
22.050382,0.9991061
22.051771,0.9992586
22.053160,0.9993335
22.054549,0.9994629
22.055938,1.0004389
22.057327,0.9989059
22.058716,0.9993012
22.060105,0.9989528
22.061493,0.9997276
22.062882,0.9987888
22.064271,0.9996212
22.065660,0.9986865
22.067049,1.0003784
22.068438,0.9994680
22.069827,0.9990879
22.071216,0.9996159
22.072605,0.9994464
22.073994,0.9995290
22.075382,0.9998830
22.076771,0.9994160
22.078160,0.9997115
22.079549,0.9995844
22.080938,0.9999686
22.082327,0.9998136
22.083716,0.9999020
22.085105,1.0015210
22.086494,0.9989310
22.087882,0.9994552
22.089271,0.9993494
22.090660,0.9995813
22.092049,1.0002195
22.093438,0.9988615
22.094827,0.9992109
22.096216,0.9998346
22.097605,0.9997178
22.098994,0.9997641
22.100383,0.9997505
22.101771,0.9994857
22.103160,0.9987516
22.104549,1.0006462
22.105938,1.0006680
22.107327,0.9997533
22.108716,0.9993337
22.110105,0.9997170
22.111494,0.9999311
22.112883,1.0000783
22.114271,1.0008042
22.115660,1.0002818
22.117049,0.9993519
22.118438,1.0003608
22.119827,0.9995751
22.121216,0.9999629
22.122605,0.9996596
22.123994,0.9999302
22.125383,0.9995307
22.126772,0.9992446
22.128160,0.9998752
22.129549,0.9992458
22.130938,0.9990863
22.132327,1.0007489
22.133716,0.9996263
22.135105,1.0001686
22.136494,0.9998793
22.137883,0.9998498
22.139272,1.0003935
22.140661,1.0000861
22.142049,0.9999266
22.143438,0.9993861
22.144827,0.9995526
22.146216,0.9998118
22.147605,1.0004116
22.148994,1.0011968
22.150383,1.0009351
22.151772,1.0008877
22.153161,1.0002386
22.154549,1.0000137
22.155938,0.9999930
22.157327,1.0000581
22.158716,1.0006028
22.160105,1.0004327
22.161494,0.9998848
22.162883,0.9996424
22.164272,0.9998912
22.165661,0.9999792
22.167050,0.9996158
22.168438,0.9998582
22.169827,1.0000293
22.171216,0.9992975
22.172605,0.9994256
22.173994,1.0001185
22.175383,1.0003405
22.176772,1.0000000
22.178161,1.0002686
22.179550,1.0006055
22.180939,1.0000438
22.182327,1.0008782
22.183716,0.9988488
22.185105,0.9999096
22.186494,1.0004797
22.187883,1.0001439
22.189272,1.0003702
22.190661,0.9998820
22.192050,0.9993959
22.193439,1.0003688
22.194827,1.0002870
22.196216,0.9999747
22.197605,0.9998127
22.198994,1.0001913
22.200383,0.9994339
22.201772,0.9998588
22.203161,1.0003767
22.204550,1.0005858
22.205939,1.0005768
22.207328,1.0001043
22.208716,1.0008072
22.210105,0.9994056
22.211494,1.0007439
22.212883,1.0004206
22.214272,0.9996910
22.215661,1.0004276
22.217050,1.0007421
22.218439,1.0000324
22.219828,1.0002919
22.221216,1.0002183
22.222605,1.0006582
22.223994,0.9995531
22.225383,1.0002094
22.226772,0.9998293
22.228161,0.9997777
22.229550,1.0003583
22.230939,1.0003263
22.232328,0.9992892
22.233717,0.9992398
22.235105,1.0002494
22.236494,0.9998395
22.237883,0.9997008
22.239272,1.0006919
22.240661,1.0011056
22.242050,1.0002653
22.243439,1.0002856
22.244828,1.0010275
22.246217,0.9991634
22.247606,1.0009301
22.248994,0.9997736
22.250383,0.9998412
22.251772,1.0013264
22.253161,1.0001939
22.254550,0.9999109
22.255939,0.9996593
22.257328,0.9995776
22.258717,1.0003913
22.260106,1.0000583
22.261494,1.0002288
22.262883,1.0000356
22.264272,0.9995704
22.265661,1.0000480
22.267050,1.0010872
22.268439,0.9998762
22.269828,0.9999794
22.271217,0.9997591
22.272606,1.0001852
22.273995,1.0006342
22.275383,1.0004661
22.276772,1.0018737
22.278161,1.0003069
22.279550,1.0003881
22.280939,1.0000840
22.282328,1.0005411
22.283717,1.0003075
22.285106,0.9995757
22.286495,0.9996632
22.287883,0.9997450
22.289272,1.0002069
22.290661,0.9997273
22.292050,0.9990399
22.293439,1.0002161
22.294828,1.0011492
22.296217,1.0000227
22.297606,0.9997496
22.298995,0.9999422
22.300384,0.9993348
22.301772,0.9997479
22.303161,1.0003595
22.304550,0.9999610
22.305939,1.0000003
22.307328,1.0001520
22.308717,0.9992347
22.310106,1.0007797
22.311495,1.0004056
22.312884,0.9993456
22.314273,1.0001137
22.315661,1.0001685
22.317050,1.0003143
22.318439,0.9999321
22.319828,0.9997111
22.321217,1.0001895
22.322606,1.0007486
22.323995,0.9997420
22.325384,0.9997533
22.326773,1.0008986
22.328161,1.0000823
22.329550,0.9998105
22.330939,0.9990367
22.332328,0.9994964
22.333717,0.9998850
22.335106,0.9996324
22.336495,0.9999580
22.337884,1.0006166
22.339273,0.9992405
22.340662,1.0001091
22.342050,0.9999588
22.343439,0.9997479
22.344828,0.9984979
22.346217,1.0002660
22.347606,1.0001607
22.348995,1.0001197
22.350384,0.9999010
22.351773,1.0002418
22.353162,1.0006627
22.354550,1.0000939
22.355939,0.9995348
22.357328,1.0004953
22.358717,0.9999836
22.360106,0.9996104
22.361495,0.9994897
22.362884,1.0000859
22.364273,1.0000924
22.365662,1.0002107
22.367051,0.9998396
22.368439,1.0001763
22.369828,1.0002903
22.371217,0.9992826
22.372606,1.0001715
22.373995,0.9987351
22.375384,1.0006071
22.376773,0.9995017
22.378162,1.0001253
22.379551,0.9995796
22.380940,1.0006954
22.382328,0.9989187
22.383717,1.0001776
22.385106,1.0002783
22.386495,1.0002732
22.387884,1.0005996
22.389273,0.9999299
22.390662,1.0002642
22.392051,0.9995387
22.393440,1.0001350
22.394828,0.9999985
22.396217,0.9995978
22.397606,0.9998604
22.398995,0.9999460
22.400384,0.9997024
22.401773,1.0001466
22.403162,0.9991962
22.404551,1.0006842
22.405940,0.9995207
22.407329,1.0010554
22.408717,0.9999616
22.410106,1.0004580
22.411495,0.9996463
22.412884,1.0000972
22.414273,1.0008963
22.415662,0.9990018
22.417051,1.0010743
22.418440,1.0003241
22.419829,1.0004268
22.421217,0.9988487
22.422606,0.9988329
22.423995,1.0003746
22.425384,1.0002597
22.426773,1.0001735
22.428162,0.9993982
22.429551,0.9993522
22.430940,0.9997367
22.432329,0.9999413
22.433718,1.0012670
22.435106,1.0005418
22.436495,0.9996069
22.437884,1.0002634
22.439273,1.0000173
22.440662,0.9999396
22.442051,1.0002704
22.443440,1.0005563
22.444829,0.9999630
22.446218,0.9989891
22.447606,0.9998777
22.448995,0.9999633
22.450384,0.9986719
22.451773,0.9997304
22.453162,0.9998737
22.454551,0.9995716
22.455940,1.0003205
22.457329,0.9996317
22.458718,0.9992460
22.460107,0.9998507
22.461495,0.9994093
22.462884,0.9993623
22.464273,0.9998753
22.465662,0.9997124
22.467051,0.9998928
22.468440,1.0002165
22.469829,0.9989828
22.471218,0.9999531
22.472607,0.9988366
22.473996,1.0000528
22.475384,0.9998658
22.476773,1.0000583
22.478162,0.9991847
22.479551,1.0001183
22.480940,0.9992604
22.482329,1.0007522
22.483718,0.9996905
22.485107,1.0007324
22.486496,1.0000980
22.487884,0.9994653
22.489273,0.9987620
22.490662,0.9995376
22.492051,0.9989798
22.493440,1.0000950
22.494829,1.0006010
22.496218,1.0004096
22.497607,0.9998921
22.498996,0.9993804
22.500385,0.9990794
22.501773,0.9994287
22.503162,1.0006403
22.504551,0.9991025
22.505940,0.9993982
22.507329,0.9991051
22.508718,0.9996870
22.510107,1.0001255
22.511496,0.9998172
22.512885,1.0004205
22.514273,0.9998687
22.515662,1.0000950
22.517051,1.0002131
22.518440,1.0006357
22.519829,1.0001839
22.521218,1.0001348
22.522607,1.0003714
22.523996,0.9996491
22.525385,1.0004101
22.526774,1.0006921
22.528162,1.0006731
22.529551,1.0003162
22.530940,0.9991493
22.532329,1.0005848
22.533718,0.9998386
22.535107,0.9993317
22.536496,0.9997389
22.537885,0.9995369
22.539274,0.9986933
22.540662,0.9996932
22.542051,1.0005012
22.543440,0.9997753
22.544829,1.0002909
22.546218,1.0002884
22.547607,0.9999063
22.548996,1.0007423
22.550385,1.0000487
22.551774,1.0000546
22.553163,0.9995675
22.554551,0.9998269
22.555940,1.0004910
22.557329,1.0001115
22.558718,1.0000064
22.560107,0.9997875
22.561496,1.0003782
22.562885,1.0005472
22.564274,1.0002688
22.565663,0.9998759
22.567052,1.0004066
22.568440,0.9991651
22.569829,0.9997223
22.571218,1.0000315
22.572607,1.0005753
22.573996,0.9999531
22.575385,1.0000177
22.576774,1.0002715
22.578163,0.9994347
22.579552,0.9996466
22.580940,1.0003780
22.582329,1.0002082
22.583718,0.9995729
22.585107,1.0005054
22.586496,0.9995565
22.587885,1.0009589
22.589274,0.9999613
22.590663,1.0002236
22.592052,0.9999095
22.593441,0.9999077
22.594829,1.0002446
22.596218,0.9999652
22.597607,0.9991118
22.598996,1.0008794
22.600385,1.0004610
22.601774,1.0002268
22.603163,1.0001529
22.604552,1.0003542
22.605941,1.0002545
22.607329,1.0003630
22.608718,1.0006502
22.610107,1.0000168
22.611496,0.9999711
22.612885,1.0005911
22.614274,1.0003051
22.615663,1.0005641
22.617052,0.9994443
22.618441,1.0007338
22.619830,0.9991356
22.621218,1.0001626
22.622607,1.0004257
22.623996,1.0004897
22.625385,1.0005518
22.626774,1.0002284
22.628163,0.9994843
22.629552,1.0006070
22.630941,1.0008420
22.632330,1.0001252
22.633718,0.9994503
22.635107,1.0001801
22.636496,0.9998299
22.637885,1.0005465
22.639274,0.9997536
22.640663,1.0010961
22.642052,0.9994871
22.643441,1.0007503
22.644830,1.0001433
22.646219,0.9999201
22.647607,0.9999789
22.648996,1.0007169
22.650385,1.0006475
22.651774,0.9999169
22.653163,1.0003666
22.654552,1.0003042
22.655941,1.0005654
22.657330,1.0007593
22.658719,0.9998568
22.660107,0.9995752
22.661496,1.0001513
22.662885,1.0008052
22.664274,1.0003575
22.665663,0.9994837
22.667052,1.0006530
22.668441,0.9993419
22.669830,1.0012741
22.671219,1.0000586
22.672608,0.9997555
22.673996,1.0001268
22.675385,1.0001919
22.676774,1.0006642
22.678163,1.0007575
22.679552,0.9999124
22.680941,1.0001129
22.682330,1.0007437
22.683719,1.0004516
22.685108,1.0010146
22.686496,0.9994458
22.687885,1.0010153
22.689274,1.0010633
22.690663,0.9998088
22.692052,1.0001500
22.693441,1.0003203
22.694830,0.9993062
22.696219,1.0004031
22.697608,1.0003882
22.698997,1.0009491
22.700385,0.9992231
22.701774,1.0007595
22.703163,1.0009563
22.704552,1.0007701
22.705941,1.0007581
22.707330,0.9998485
22.708719,1.0007922
22.710108,1.0006235
22.711497,1.0004553
22.712886,1.0010060
22.714274,1.0013733
22.715663,0.9998147
22.717052,1.0004546
22.718441,0.9997693
22.719830,1.0001892
22.721219,0.9997714
22.722608,0.9989397
22.723997,0.9999594
22.725386,0.9993419
22.726774,1.0000622
22.728163,1.0010041
22.729552,1.0002897
22.730941,0.9996705
22.732330,1.0003758
22.733719,1.0007114
22.735108,1.0003710
22.736497,1.0001708
22.737886,0.9994395
22.739275,1.0009031
22.740663,1.0002036
22.742052,1.0005642
22.743441,0.9998236
22.744830,0.9995414
22.746219,0.9999560
22.747608,1.0005663
22.748997,1.0001668
22.750386,1.0004749
22.751775,0.9996103
22.753163,0.9999652
22.754552,1.0007960
22.755941,1.0002957
22.757330,1.0002155
22.758719,0.9995266
22.760108,0.9998755
22.761497,0.9997600
22.762886,1.0000353
22.764275,0.9991146
22.765664,1.0003182
22.767052,1.0015621
22.768441,0.9998521
22.769830,0.9996076
22.771219,1.0003028
22.772608,0.9997722
22.773997,1.0006715
22.775386,0.9999905
22.776775,0.9999149
22.778164,1.0006333
22.779552,1.0000913
22.780941,1.0006629
22.782330,1.0001077
22.783719,1.0000243
22.785108,1.0001548
22.786497,1.0010988
22.787886,1.0011124
22.789275,1.0001394
22.790664,0.9995863
22.792053,1.0001398
22.793441,0.9998086
22.794830,1.0005206
22.796219,0.9994346
22.797608,1.0005541
22.798997,0.9996282
22.800386,0.9997663
22.801775,1.0001872
22.803164,1.0003356
22.804553,1.0002163
22.805941,1.0001551
22.807330,0.9999286
22.808719,0.9995151
22.810108,1.0003959
22.811497,0.9998114
22.812886,0.9992550
22.814275,0.9990520
22.815664,0.9999755
22.817053,1.0006229
22.818442,0.9998845
22.819830,1.0001618
22.821219,0.9997089
22.822608,0.9996003
22.823997,1.0004828
22.825386,0.9988424
22.826775,0.9995845
22.828164,1.0004766
22.829553,0.9997906
22.830942,0.9993858
22.832330,1.0009964
22.833719,1.0001621
22.835108,0.9994152
22.836497,0.9990660
22.837886,0.9996287
22.839275,1.0009655
22.840664,1.0004209
22.842053,1.0001521
22.843442,0.9992382
22.844831,0.9996719
22.846219,0.9998927
22.847608,1.0003365
22.848997,0.9997275
22.850386,1.0000065
22.851775,0.9999657
22.853164,0.9990530
22.854553,1.0001413
22.855942,1.0003320
22.857331,1.0001111
22.858719,0.9993634
22.860108,0.9999899
22.861497,1.0000505
22.862886,0.9987564
22.864275,0.9995373
22.865664,0.9998117
22.867053,0.9996922
22.868442,0.9996211
22.869831,0.9999440
22.871220,1.0000760
22.872608,1.0000173
22.873997,1.0002447
22.875386,0.9996695
22.876775,0.9995935
22.878164,1.0008325
22.879553,1.0010041
22.880942,0.9995091
22.882331,1.0011507
22.883720,1.0000734
22.885108,0.9997092
22.886497,0.9993948
22.887886,1.0000705
22.889275,0.9996842
22.890664,0.9996011
22.892053,0.9991912
22.893442,0.9993646
22.894831,0.9992197
22.896220,0.9995481
22.897609,0.9993179
22.898997,0.9976740
22.900386,0.9965747
22.901775,0.9944811
22.903164,0.9922515
22.904553,0.9919083
22.905942,0.9918853
22.907331,0.9910820
22.908720,0.9901217
22.910109,0.9911823
22.911497,0.9901489
22.912886,0.9891673
22.914275,0.9894583
22.915664,0.9899537
22.917053,0.9891824
22.918442,0.9897708
22.919831,0.9896896
22.921220,0.9893450
22.922609,0.9891165
22.923998,0.9893305
22.925386,0.9883945
22.926775,0.9886740
22.928164,0.9894879
22.929553,0.9897370
22.930942,0.9896075
22.932331,0.9898175
22.933720,0.9889295
22.935109,0.9889313
22.936498,0.9894154
22.937886,0.9896153
22.939275,0.9895847
22.940664,0.9890637
22.942053,0.9882113
22.943442,0.9890227
22.944831,0.9892090
22.946220,0.9893547
22.948998,0.9888039
22.950387,0.9891554
22.951775,0.9891334
22.953164,0.9885178
22.954553,0.9880802
22.955942,0.9884384
22.957331,0.9892158
22.958720,0.9895450
22.960109,0.9893562
22.961498,0.9897496
22.962887,0.9894947
22.964275,0.9900393
22.965664,0.9889605
22.967053,0.9900602
22.968442,0.9901707
22.969831,0.9904612
22.971220,0.9903828
22.972609,0.9902747
22.973998,0.9904424
22.975387,0.9901145
22.976776,0.9911423
22.978164,0.9918538
22.979553,0.9933047
22.980942,0.9946992
22.982331,0.9967025
22.983720,0.9975239
22.985109,0.9980738
22.986498,1.0001923
22.987887,0.9988451
22.989276,0.9997329
22.990664,1.0006387
22.992053,0.9992428
22.993442,0.9993843
22.994831,1.0003792
22.996220,1.0002798
22.997609,0.9991977
22.998998,0.9990793
23.000387,0.9998424
23.001776,0.9992733
23.003165,0.9995241
23.004553,1.0005938
23.005942,0.9997735
23.007331,0.9989670
23.008720,0.9999963
23.010109,0.9993330
23.011498,0.9995051
23.012887,0.9997118
23.014276,0.9999685
23.015665,0.9992786
23.017053,0.9989112
23.018442,0.9999167
23.019831,0.9997087
23.021220,0.9994184
23.022609,0.9999411
23.023998,0.9998064
23.025387,1.0003941
23.026776,0.9993792
23.028165,0.9998271
23.029554,0.9994955
23.030942,0.9996992
23.032331,1.0001911
23.033720,0.9994743
23.035109,0.9997138
23.036498,0.9990585
23.037887,0.9999733
23.039276,1.0007047
23.040665,0.9992307
23.042054,0.9996792
23.043442,1.0004745
23.044831,0.9990859
23.046220,0.9993742
23.047609,1.0002909
23.048998,0.9998630
23.050387,1.0001772
23.051776,0.9994060
23.053165,0.9997331
23.054554,1.0002302
23.055943,1.0003187
23.057331,0.9995142
23.058720,0.9999141
23.060109,0.9994855
23.061498,0.9996369
23.064276,0.9999445
23.065665,0.9996832
23.067054,0.9998160
23.068443,0.9994322
23.069831,1.0001708
23.071220,0.9992619
23.072609,1.0001973
23.073998,1.0002101
23.075387,1.0011024
23.076776,1.0007831
23.078165,1.0004759
23.079554,1.0007556
23.080943,1.0004299
23.082332,1.0004128
23.083720,1.0002714
23.085109,0.9996370
23.086498,1.0002622
23.087887,0.9984211
23.090665,1.0003722
23.092054,0.9997201
23.093443,0.9990676
23.094832,0.9997645
23.097609,0.9997277
23.098998,0.9996962
23.100387,1.0004157
23.101776,1.0004322
23.103165,1.0000367
23.104554,1.0007272
23.105943,0.9995606
23.107332,1.0003160
23.108721,0.9998825
23.110109,1.0006663
23.111498,1.0001117
23.112887,0.9996006
23.114276,0.9993554
23.115665,0.9994569
23.117054,0.9991716
23.118443,1.0009346
23.119832,1.0008127
23.121221,0.9996347
23.122609,1.0001553
23.123998,1.0003013
23.125387,1.0001950
23.126776,0.9990187
23.128165,0.9998749
23.129554,0.9999857
23.130943,1.0004331
23.132332,1.0001779
23.133721,1.0002279
23.135110,1.0002993
23.136498,1.0004284
23.137887,1.0002606
23.139276,0.9999157
23.140665,0.9999973
23.142054,1.0007888
23.143443,1.0000294
23.144832,0.9996280
23.146221,1.0003776
23.147610,1.0005589
23.148998,0.9997166
23.150387,0.9997502
23.151776,1.0001920
23.153165,0.9991923
23.154554,0.9994082
23.155943,1.0005685
23.157332,0.9998337
23.158721,0.9984497
23.160110,1.0002531
23.161499,1.0003527
23.162887,1.0002563
23.164276,0.9995199
23.165665,1.0002876
23.167054,0.9990242
23.168443,1.0009578
23.169832,0.9995442
23.171221,1.0001612
23.172610,1.0003677
23.173999,0.9993732
23.175387,1.0006920
23.176776,1.0007778
23.178165,1.0003086
23.179554,1.0000049
23.180943,1.0000759
23.182332,0.9997403
23.183721,1.0000543
23.185110,0.9998072
23.186499,1.0000703
23.187888,1.0000020
23.189276,0.9992485
23.190665,1.0004132
23.192054,1.0000053
23.193443,1.0005268
23.194832,1.0010439
23.196221,1.0001536
23.197610,1.0009877
23.198999,1.0001178
23.200388,1.0006524
23.201776,1.0002798
23.203165,1.0015496
23.204554,1.0001888
23.205943,0.9990295
23.207332,1.0009414
23.208721,1.0010696
23.210110,1.0007421
23.211499,1.0003061
23.212888,1.0005941
23.214277,1.0006015
23.215665,1.0011804
23.217054,0.9998846
23.218443,1.0006256
23.219832,0.9996424
23.221221,1.0004586
23.222610,1.0010877
23.223999,1.0009767
23.225388,1.0004789
23.226777,1.0006152
23.228165,1.0002108
23.229554,1.0006459
23.230943,1.0003968
23.232332,1.0014645
23.233721,1.0002587
23.235110,1.0008296
23.236499,0.9995972
23.237888,1.0006571
23.239277,1.0010392
23.240666,1.0003369
23.242054,1.0005795
23.243443,1.0002990
23.244832,1.0000608
23.246221,1.0000137
23.247610,0.9996756
23.248999,1.0001538
23.250388,1.0018180
23.251777,0.9997595
23.253166,1.0006440
23.254554,1.0006993
23.255943,1.0011150
23.257332,1.0003808
23.258721,1.0005592
23.260110,0.9998589
23.261499,1.0010729
23.262888,1.0000671
23.264277,0.9992130
23.265666,1.0004413
23.267054,1.0009099
23.268443,1.0005103
23.269832,1.0006192
23.271221,0.9999498
23.272610,0.9995448
23.273999,0.9996186
23.275388,1.0001327
23.276777,1.0011026
23.278166,0.9997465
23.279555,1.0005020
23.280943,1.0005795
23.282332,0.9993579
23.283721,1.0002828
23.285110,1.0000506
23.286499,1.0002435
23.287888,0.9994111
23.289277,1.0003276
23.290666,1.0002867
23.292055,1.0002734
23.293443,1.0006081
23.294832,1.0005877
23.296221,0.9998442
23.297610,0.9991898
23.298999,1.0006497
23.300388,1.0005380
23.301777,1.0002855
23.303166,0.9989479
23.304555,0.9989380
23.305944,1.0003146
23.307332,1.0012710
23.308721,0.9999082
23.310110,0.9999701
23.311499,1.0009838
23.312888,0.9999809
23.314277,0.9998844
23.315666,0.9997273
23.317055,1.0006459
23.318444,1.0002768
23.319832,0.9996588
23.321221,0.9994564
23.322610,0.9996950
23.323999,1.0010378
23.325388,0.9997601
23.326777,0.9994396
23.328166,1.0003528
23.329555,1.0006187
23.330944,1.0002995
23.332333,0.9999209
23.333721,1.0006342
23.335110,1.0001201
23.336499,1.0000843
23.337888,1.0005367
23.339277,1.0000196
23.340666,0.9996271
23.342055,0.9999120
23.343444,1.0009630
23.344833,0.9998760
23.346221,1.0001292
23.347610,0.9988781
23.348999,0.9996398
23.350388,1.0001199
23.351777,0.9990564
23.353166,0.9999392
23.354555,1.0004913
23.355944,1.0008174
23.357333,0.9995757
23.358722,0.9998113
23.360110,1.0002168
23.361499,0.9994828
23.362888,0.9985839
23.364277,1.0004887
23.365666,0.9989166
23.367055,1.0003719
23.368444,0.9996776
23.369833,0.9999580
23.371222,0.9999854
23.372610,0.9992455
23.373999,0.9988933
23.375388,0.9997470
23.376777,0.9991217
23.378166,0.9990249
23.379555,1.0002683
23.380944,0.9995501
23.382333,1.0000316
23.383722,1.0000724
23.385111,0.9995481
23.386499,0.9987329
23.387888,1.0004944
23.389277,0.9994945
23.390666,0.9991921
23.392055,1.0005735
23.393444,1.0006444
23.394833,0.9997982
23.396222,0.9995899
23.397611,0.9996368
23.398999,1.0000737
23.400388,0.9993071
23.401777,0.9995349
23.403166,0.9991624
23.404555,1.0000000
23.405944,1.0000380
23.407333,0.9992454
23.408722,0.9999541
23.410111,0.9994794
23.411499,0.9989289
23.412888,1.0000395
23.414277,0.9998170
23.415666,1.0003024
23.417055,0.9996752
23.418444,0.9995921
23.419833,0.9995796
23.421222,0.9983538
23.422611,0.9992074
23.424000,0.9987845
23.425388,0.9998892
23.426777,0.9999511
23.428166,1.0000659
23.429555,0.9994205
23.430944,1.0007675
23.432333,1.0004537
23.433722,0.9997837
23.435111,0.9997026
23.436500,0.9993761
23.437888,0.9992351
23.439277,0.9999648
23.440666,0.9992041
23.442055,1.0001215
23.443444,0.9994744
23.444833,0.9992342
23.446222,1.0012180
23.447611,1.0003191
23.449000,1.0001040
23.450389,1.0002521
23.453166,1.0004174
23.454555,0.9999789
23.455944,0.9998428
23.457333,1.0001726
23.458722,0.9989579
23.460111,1.0003878
23.461500,0.9992513
23.462889,1.0007793
23.464277,0.9994265
23.465666,0.9995930
23.467055,0.9990610
23.468444,1.0003422
23.469833,0.9993323
23.471222,1.0004232
23.472611,0.9991341
23.474000,0.9999813
23.475389,0.9999690
23.476778,1.0001032
23.478166,0.9997684
23.479555,0.9997583
23.480944,0.9995520
23.482333,1.0001851
23.483722,0.9992152
23.485111,1.0005970
23.486500,0.9995218
23.487889,0.9991589
23.489278,1.0002247
23.490666,1.0001801
23.492055,1.0010943
23.493444,1.0002517
23.494833,1.0012762
23.496222,0.9994852
23.497611,0.9998957
23.499000,0.9998039
23.500389,0.9993044
23.501778,0.9996646
23.503166,0.9996908
23.504555,1.0005373
23.505944,1.0005284
23.507333,0.9999433
23.508722,1.0008772
23.510111,0.9996562
23.511500,1.0008077
23.512889,0.9986257
23.514278,1.0001054
23.515667,0.9996279
23.517055,1.0000508
23.518444,0.9999895
23.519833,1.0002876
23.521222,1.0010059
23.522611,1.0010213
23.524000,1.0002498
23.525389,1.0006348
23.526778,1.0001485
23.528167,0.9998938
23.529555,1.0002229
23.530944,0.9993838
23.532333,1.0002524
23.533722,0.9994882
23.535111,1.0006181
23.536500,0.9998723
23.537889,1.0002649
23.539278,1.0009476
23.540667,1.0005907
23.542056,1.0007788
23.543444,1.0006749
23.544833,0.9996951
23.546222,1.0006968
23.547611,1.0007469
23.549000,1.0001676
23.550389,1.0010262
23.551778,1.0010871
23.553167,1.0005310
23.554556,1.0007311
23.555944,0.9993397
23.557333,0.9996958
23.558722,1.0000019
23.560111,1.0017065
23.561500,1.0002136
23.562889,1.0018576
23.564278,1.0008231
23.565667,1.0007381
23.567056,0.9994880
23.568445,0.9997265
23.569833,0.9998551
23.571222,0.9999755
23.572611,0.9995813
23.574000,1.0007469
23.575389,1.0000718
23.576778,0.9999553
23.578167,0.9991737
23.579556,1.0009365
23.580945,1.0011241
23.582333,1.0008551
23.583722,0.9995813
23.585111,1.0006967
23.586500,1.0010049
23.587889,1.0012701
23.589278,1.0005183
23.590667,1.0000867
23.592056,0.9996560
23.593445,1.0003376
23.594833,1.0002276
23.596222,0.9999872
23.597611,1.0001565
23.599000,1.0014696
23.600389,0.9993741
23.601778,0.9998668
23.603167,1.0002668
23.604556,1.0005769
23.605945,1.0008828
23.607334,0.9999261
23.608722,0.9993712
23.610111,0.9995394
23.611500,1.0004776
23.612889,0.9994155
23.614278,1.0002449
23.615667,1.0004329
23.617056,1.0005275
23.618445,0.9998503
23.619834,0.9991074
23.621222,0.9989016
23.622611,0.9992716
23.624000,0.9993190
23.625389,1.0001308
23.626778,1.0003311
23.628167,0.9990286
23.629556,0.9995422
23.630945,0.9997601
23.632334,0.9993111
23.633723,1.0000251
23.635111,0.9993559
23.636500,0.9992138
23.637889,0.9997554
23.639278,1.0004600
23.640667,0.9994816
23.642056,0.9986545
23.643445,0.9984703
23.646223,1.0006222
23.647611,1.0001330
23.649000,1.0005983
23.650389,0.9996913
23.651778,0.9994870
23.653167,1.0002047
23.654556,0.9993200
23.655945,1.0007117
23.657334,0.9990052
23.658723,1.0009439
23.660112,1.0003860
23.661500,1.0001365
23.662889,0.9990794
23.664278,1.0003309
23.665667,1.0003727
23.667056,0.9997780
23.668445,1.0002555
23.669834,0.9997389
23.671223,1.0001951
23.672612,1.0000700
23.674000,0.9995850
23.675389,1.0007419
23.676778,1.0000898
23.678167,0.9997613
23.679556,0.9992590
23.680945,1.0003846
23.682334,1.0000953
23.683723,1.0003011
23.685112,0.9996495
23.686500,0.9995200
23.687889,1.0005516
23.689278,0.9999838
23.690667,1.0005745
23.692056,0.9993815
23.693445,0.9995603
23.694834,0.9995563
23.696223,1.0000625
23.697612,1.0005157
23.699001,0.9998118
23.700389,0.9995140
23.701778,1.0002737
23.703167,1.0006012
23.704556,1.0008829
23.705945,0.9997246
23.707334,1.0002331
23.708723,1.0006723
23.710112,0.9998569
23.711501,0.9997341
23.712889,0.9995563
23.715667,0.9999383
23.717056,0.9998669
23.718445,0.9999823
23.719834,1.0015291
23.721223,0.9995058
23.722612,0.9992495
23.724001,1.0001908
23.725390,0.9997607
23.726778,1.0000150
23.728167,0.9994712
23.729556,0.9999504
23.730945,1.0009340
23.732334,0.9997496
23.733723,1.0006531
23.735112,1.0007534
23.736501,1.0003676
23.737890,0.9992282
23.739278,1.0003132
23.740667,0.9995165
23.742056,1.0002623
23.743445,0.9991480
23.744834,1.0008432
23.746223,1.0003513
23.747612,0.9991427
23.749001,1.0018913
23.750390,0.9997744
23.751778,0.9996642
23.753167,0.9998682
23.754556,0.9991880
23.755945,0.9995263
23.757334,0.9989792
23.758723,1.0000399
23.760112,1.0002651
23.761501,1.0001885
23.762890,0.9997398
23.764279,1.0003159
23.765667,0.9994819
23.767056,0.9998853
23.768445,0.9994645
23.769834,1.0000625
23.771223,0.9999914
23.772612,0.9994356
23.774001,1.0005206
23.775390,0.9995535
23.778167,0.9998835
23.779556,0.9990621
23.780945,0.9999792
23.782334,0.9996589
23.783723,0.9991579
23.785112,1.0004761
23.786501,0.9990741
23.789279,0.9995817
23.790668,0.9992888
23.792056,1.0000730
23.794834,1.0001616
23.796223,1.0007245
23.797612,0.9997277
23.800390,1.0006521
23.801779,1.0003945
23.803168,1.0000047
23.804556,1.0000797
23.805945,0.9996775
23.807334,1.0003743
23.808723,0.9998358
23.810112,0.9996732
23.811501,1.0005128
23.812890,0.9993680
23.814279,0.9995851
23.815668,0.9994542
23.817056,1.0000648
23.818445,1.0000445
23.819834,0.9997887
23.821223,1.0007150
23.824001,1.0005737
23.825390,0.9994222
23.826779,1.0001801
23.828168,1.0003982
23.829557,0.9994961
23.830945,0.9989868
23.832334,0.9994535
23.833723,0.9990794
23.835112,0.9997926
23.836501,0.9995818
23.837890,1.0002006
23.839279,0.9984458
23.840668,0.9980904
23.842057,0.9956659
23.843445,0.9942466
23.844834,0.9928364
23.846223,0.9910075
23.849001,0.9909755
23.850390,0.9915644
23.851779,0.9911657
23.854557,0.9899442
23.855945,0.9910113
23.857334,0.9900036
23.858723,0.9907273
23.860112,0.9896246
23.861501,0.9889185
23.862890,0.9892126
23.864279,0.9891732
23.865668,0.9900374
23.867057,0.9881991
23.868446,0.9892593
23.869834,0.9893308
23.871223,0.9891400
23.872612,0.9889595
23.874001,0.9893361
23.875390,0.9892011
23.878168,0.9888250
23.879557,0.9882805
23.880946,0.9885637
23.882334,0.9905075
23.883723,0.9885565
23.885112,0.9892970
23.886501,0.9880736
23.889279,0.9890804
23.890668,0.9888122
23.892057,0.9892787
23.893446,0.9893951
23.894835,0.9904321
23.896223,0.9882379
23.897612,0.9893299
23.899001,0.9886455
23.900390,0.9899576
23.901779,0.9901963
23.903168,0.9889440
23.904557,0.9893819
23.905946,0.9891869
23.907335,0.9895657
23.908723,0.9897544
23.910112,0.9904891
23.911501,0.9903896
23.912890,0.9901512
23.915668,0.9912914
23.917057,0.9911749
23.918446,0.9916172
23.921223,0.9939781
23.922612,0.9949517
23.924001,0.9962939
23.925390,0.9977773
23.926779,0.9988130
23.928168,1.0001546
23.929557,0.9995401
23.930946,1.0003861
23.932335,0.9994468
23.933724,0.9990069
23.935112,1.0000000
23.936501,1.0001893
23.937890,0.9998992
23.939279,0.9998885
23.940668,1.0001872
23.942057,0.9991076
23.943446,0.9998274
23.944835,1.0003219
23.946224,1.0000842
23.947612,0.9995091
23.949001,1.0004867
23.950390,1.0000052
23.951779,0.9999152
23.953168,1.0004175
23.954557,1.0008843
23.955946,1.0005656
23.957335,0.9999875
23.960112,1.0003189
23.961501,0.9995795
23.962890,1.0005408
23.964279,0.9992021
23.965668,1.0005089
23.967057,1.0001503
23.968446,0.9990986
23.969835,0.9995671
23.971224,0.9997815
23.972613,1.0005580
23.974001,0.9994029
23.975390,1.0006351
23.976779,1.0003276
23.978168,0.9991225
23.980946,0.9997618
23.982335,0.9999853
23.983724,0.9986400
23.985113,0.9987511
23.986501,1.0008656
23.987890,0.9992044
23.989279,1.0004894
23.990668,0.9993588
23.992057,0.9988786
23.993446,0.9986985
23.994835,0.9995471
23.996224,1.0001044
23.997613,1.0002330
23.999002,0.9999693
24.000390,0.9998623
24.001779,0.9999428
24.003168,0.9990942
24.004557,0.9997045
24.005946,0.9995932
24.007335,1.0010101
24.008724,0.9997104
24.010113,0.9997541
24.011502,0.9999582
24.012890,1.0003295
24.014279,1.0002738
24.015668,1.0000818
24.017057,1.0001963
24.018446,0.9995866
24.019835,1.0003167
24.021224,1.0004422
24.022613,1.0010343
24.024002,1.0008047
24.025390,0.9992333
24.026779,1.0001323
24.028168,1.0000010
24.029557,0.9988991
24.030946,0.9994179
24.032335,1.0005271
24.033724,0.9996084
24.035113,1.0009355
24.036502,0.9995033
24.037891,0.9996844
24.039279,1.0011297
24.042057,0.9996340
24.043446,1.0009476
24.044835,1.0007735
24.046224,1.0003590
24.047613,1.0009514
24.049002,1.0001593
24.050391,1.0008237
24.051779,1.0010914
24.053168,1.0001726
24.054557,0.9998318
24.055946,1.0003003
24.057335,1.0001412
24.060113,1.0009549
24.061502,0.9997389
24.062891,1.0002647
24.064279,1.0005643
24.065668,0.9999512
24.067057,0.9995812
24.068446,1.0005676
24.069835,1.0010708
24.071224,0.9993647
24.072613,0.9996706
24.074002,0.9998385
24.075391,0.9999057
24.076780,1.0007929
24.078168,1.0001612
24.079557,0.9994585
24.080946,0.9997826
24.082335,0.9987439
24.083724,1.0003434
24.085113,1.0001691
24.086502,1.0000941
24.087891,1.0000351
24.089280,0.9995020
24.090668,0.9996063
24.092057,1.0005442
24.093446,0.9997802
24.094835,1.0002475
24.096224,0.9999912
24.097613,0.9998089
24.099002,0.9992889
24.100391,1.0004753
24.101780,0.9999838
24.103168,1.0000241
24.104557,0.9999133
24.105946,0.9992828
24.107335,1.0004366
24.108724,0.9995657
24.110113,1.0002862
24.111502,1.0004494
24.112891,1.0011361
24.114280,0.9999689
24.115669,0.9999740
24.117057,1.0010241
24.118446,1.0008851
24.119835,1.0010136
24.121224,1.0002659
24.122613,1.0005519
24.124002,1.0002765
24.125391,1.0009473
24.126780,1.0002714
24.128169,1.0008012
24.129557,0.9998601
24.130946,0.9996205
24.132335,1.0008027
24.133724,1.0005123
24.135113,0.9998848
24.136502,0.9996398
24.137891,1.0005103
24.139280,1.0002702
24.140669,1.0004274
24.142057,0.9998426
24.143446,1.0000087
24.144835,0.9996060
24.146224,0.9999074
24.147613,1.0003648
24.150391,0.9997010
24.151780,0.9995549
24.153169,1.0009796
24.154558,1.0004425
24.155946,1.0009698
24.157335,0.9997914
24.158724,1.0001158
24.160113,1.0011846
24.161502,1.0003680
24.162891,1.0007957
24.164280,1.0001118
24.165669,1.0008006
24.167058,0.9999626
24.168446,1.0001155
24.169835,0.9997559
24.171224,1.0001147
24.172613,1.0001175
24.174002,0.9997831
24.175391,1.0001030
24.176780,0.9999983
24.178169,1.0001335
24.179558,0.9998450
24.180947,1.0002769
24.182335,0.9997055
24.183724,1.0000389
24.185113,1.0006576
24.186502,1.0000469
24.187891,0.9997981
24.189280,1.0000115
24.190669,1.0001736
24.192058,0.9996220
24.193447,0.9993466
24.194835,1.0012681
24.196224,0.9997177
24.197613,1.0003749
24.199002,1.0001084
24.200391,1.0006597
24.201780,1.0004400
24.203169,1.0004714
24.204558,1.0000033
24.205947,0.9994484
24.207335,1.0002377
24.208724,0.9996757
24.210113,1.0008820
24.211502,1.0000389
24.212891,1.0005309
24.214280,1.0001657
24.215669,1.0004887
24.217058,1.0006624
24.218447,1.0003686
24.219836,0.9996453
24.221224,0.9994623
24.222613,0.9993099
24.224002,1.0004771
24.225391,0.9992934
24.226780,1.0000344
24.228169,1.0000164
24.229558,1.0002279
24.230947,0.9994704
24.232336,0.9992285
24.233724,1.0010006
24.235113,1.0016096
24.236502,0.9999318
24.237891,1.0005303
24.239280,0.9997669
24.240669,1.0005404
24.242058,0.9992676
24.243447,0.9989690
24.244836,0.9998339
24.246224,0.9991702
24.247613,0.9997289
24.249002,1.0000232
24.251780,0.9996729
24.253169,1.0008806
24.254558,1.0003148
24.255947,1.0002441
24.257336,0.9989404
24.258725,1.0004279
24.260113,1.0005616
24.261502,1.0008643
24.262891,0.9992200
24.264280,0.9998187
24.265669,0.9994976
24.267058,0.9997648
24.268447,1.0000698
24.269836,1.0004597
24.271225,0.9995694
24.272613,1.0007949
24.274002,1.0000191
24.275391,0.9999026
24.276780,1.0002138
24.278169,0.9995438
24.279558,0.9998507
24.280947,0.9999197
24.282336,0.9995265
24.283725,1.0004724
24.285113,1.0009226
24.286502,0.9995595
24.289280,0.9995268
24.290669,1.0003241
24.292058,1.0001049
24.293447,1.0002855
24.294836,0.9997318
24.296225,0.9998842
24.297614,1.0009221
24.299002,0.9998671
24.300391,0.9997713
24.301780,0.9993832
24.303169,0.9999636
24.304558,1.0006357
24.305947,0.9990730
24.307336,0.9996987
24.308725,1.0002647
24.310114,1.0001691
24.311502,0.9993251
24.312891,1.0004495
24.314280,0.9993893
24.315669,1.0001777
24.317058,1.0005022
24.318447,0.9998997
24.319836,0.9997294
24.321225,0.9999445
24.322614,1.0008253
24.324002,0.9991591
24.325391,0.9998760
24.328169,1.0001351
24.329558,1.0001013
24.330947,1.0001363
24.332336,1.0006189
24.333725,0.9992375
24.335114,1.0000647
24.336503,0.9997438
24.337891,0.9998076
24.339280,0.9994119
24.340669,1.0000285
24.342058,0.9997591
24.346225,0.9997578
24.347614,1.0001401
24.349003,0.9995939
24.350391,0.9996590
24.351780,1.0003393
24.353169,0.9997276
24.354558,0.9984033
24.357336,1.0002635
24.358725,1.0000950
24.360114,1.0003150
24.361503,0.9992216
24.362891,1.0006850
24.364280,0.9999265
24.365669,0.9988042
24.368447,0.9996674
24.369836,0.9999770
24.371225,0.9993547
24.372614,1.0000173
24.374003,0.9997816
24.375391,0.9990993
24.376780,0.9997028
24.379558,0.9984164
24.380947,0.9993801
24.382336,0.9986414
24.383725,1.0002527
24.385114,1.0002097
24.387892,0.9993747
24.389280,0.9992849
24.390669,0.9991533
24.392058,0.9998181
24.393447,1.0001548
24.394836,0.9989765
24.396225,0.9994983
24.397614,0.9998273
24.399003,1.0006285
24.400392,0.9992603
24.401780,0.9992625
24.403169,0.9999255
24.404558,0.9996586
24.405947,0.9999305
24.407336,0.9996185
24.408725,1.0002828
24.410114,0.9996902
24.411503,1.0000017
24.412892,0.9997334
24.414280,0.9999432
24.415669,1.0012982
24.417058,1.0004233
24.418447,0.9994563
24.419836,0.9996256
24.421225,0.9999338
24.422614,1.0000766
24.424003,1.0000348
24.425392,1.0000177
24.426781,0.9994131
24.430947,0.9997003
24.432336,0.9997689
24.433725,1.0005567
24.435114,0.9999116
24.436503,1.0007123
24.437892,0.9987785
24.442058,0.9994494
24.444836,1.0003457
24.446225,1.0000543
24.447614,0.9992662
24.449003,1.0022668
24.450392,1.0003126
24.451781,1.0000698
24.453169,0.9986263
24.454558,1.0006658
24.457336,0.9998558
24.458725,1.0005852
24.460114,0.9997075
24.461503,1.0005211
24.462892,0.9999350
24.464281,1.0003257
24.465670,1.0000779
24.467058,0.9998592
24.468447,0.9996606
24.469836,1.0008670
24.476781,1.0003796
24.479558,1.0010966
24.486503,0.9999764
24.487892,1.0004026
24.489281,0.9991057
24.490670,0.9993444
24.503170,1.0000000
24.524003,1.0005718
24.525392,0.9998702
24.526781,1.0004397
24.528170,0.9993891
24.529559,1.0000577
24.530947,0.9999005
24.532336,1.0005978
24.533725,1.0002906
24.535114,0.9992954
24.536503,1.0000132
24.537892,0.9997956
24.539281,1.0005805
24.540670,1.0005568
24.542059,0.9996074
24.543447,1.0004858
24.544836,1.0003983
24.546225,1.0000124
24.547614,0.9999242
24.549003,0.9994610
24.550392,1.0000365
24.551781,0.9999526
24.553170,1.0002469
24.554559,1.0005811
24.555948,1.0009454
24.557336,1.0007470
24.558725,1.0001968
24.560114,0.9999926
24.561503,0.9999061
24.562892,1.0002827
24.564281,1.0005693
24.565670,1.0004286
24.567059,0.9995969
24.568448,1.0001344
24.569836,1.0001109
24.571225,1.0000588
24.572614,1.0006039
24.574003,0.9996255
24.575392,1.0006346
24.576781,0.9995511
24.578170,0.9999855
24.579559,1.0001160
24.580948,0.9997586
24.582336,1.0003705
24.583725,0.9998913
24.585114,1.0009227
24.586503,0.9997229
24.587892,1.0004924
24.589281,1.0008240
24.590670,1.0000015
24.592059,0.9994206
24.593448,1.0002783
24.594837,1.0002079
24.596225,0.9999839
24.597614,0.9994231
24.599003,0.9996483
24.600392,1.0002614
24.601781,1.0014404
24.603170,1.0006967
24.604559,0.9998699
24.605948,1.0010463
24.607337,1.0012879
24.608725,1.0001675
24.610114,1.0003384
24.611503,1.0009368
24.612892,0.9999055
24.614281,1.0009279
24.615670,1.0006074
24.617059,0.9996725
24.618448,0.9996524
24.619837,0.9998299
24.621225,1.0004536
24.622614,0.9998081
24.624003,0.9997987
24.625392,0.9997644
24.626781,1.0003252
24.628170,0.9999246
24.629559,0.9997929
24.630948,1.0001433
24.632337,1.0010025
24.633726,0.9991210
24.635114,1.0003656
24.636503,1.0006584
24.637892,1.0001802
24.639281,1.0011498
24.640670,0.9997223
24.642059,0.9997922
24.643448,0.9999488
24.644837,0.9996800
24.646226,1.0007071
24.647614,0.9993726
24.649003,0.9995321
24.650392,1.0014229
24.651781,1.0005127
24.653170,0.9992288
24.654559,0.9994343
24.655948,1.0000916
24.657337,0.9998583
24.658726,1.0001328
24.660114,0.9994953
24.661503,1.0002718
24.662892,0.9997215
24.664281,1.0004921
24.665670,1.0003643
24.667059,0.9998204
24.668448,0.9998240
24.669837,1.0006509
24.671226,1.0003218
24.672614,0.9994451
24.674003,1.0002282
24.675392,0.9998566
24.676781,0.9999144
24.678170,1.0001950
24.679559,0.9991197
24.680948,1.0004565
24.682337,1.0008789
24.683726,0.9995619
24.685115,1.0006398
24.686503,1.0002596
24.687892,1.0001762
24.689281,1.0000008
24.690670,1.0004899
24.692059,0.9998791
24.693448,1.0000656
24.694837,0.9994281
24.696226,1.0014751
24.697615,1.0006030
24.699003,0.9997639
24.700392,0.9992907
24.701781,0.9995397
24.703170,1.0000541
24.704559,1.0008936
24.705948,1.0007468
24.707337,1.0000328
24.708726,0.9993695
24.710115,0.9996486
24.711503,0.9999993
24.712892,0.9993192
24.714281,0.9999551
24.715670,1.0003629
24.717059,1.0001098
24.718448,1.0003323
24.719837,0.9996809
24.721226,0.9992872
24.722615,0.9998962
24.724003,1.0004032
24.725392,0.9992868
24.726781,1.0000307
24.728170,0.9997500
24.729559,1.0008310
24.730948,0.9991472
24.732337,0.9995022
24.733726,0.9992390
24.735115,0.9997677
24.736504,0.9993745
24.737892,1.0001468
24.739281,1.0004902
24.740670,1.0000077
24.742059,0.9996250
24.743448,0.9995021
24.744837,0.9998127
24.746226,0.9996789
24.747615,0.9999386
24.749004,0.9997747
24.750392,1.0000792
24.751781,0.9998129
24.753170,1.0003991
24.754559,1.0008609
24.755948,1.0002305
24.757337,0.9995178
24.758726,0.9999179
24.760115,0.9992484
24.761504,1.0000393
24.762892,0.9994244
24.764281,0.9994802
24.765670,1.0001729
24.767059,1.0008784
24.768448,0.9992606
24.769837,0.9997473
24.771226,0.9993030
24.772615,0.9994037
24.774004,0.9991896
24.775393,0.9991084
24.776781,0.9991137
24.778170,0.9995091
24.779559,0.9991551
24.780948,0.9987291
24.782337,0.9967779
24.783726,0.9957491
24.785115,0.9942299
24.786504,0.9927001
24.787893,0.9917517
24.789281,0.9910640
24.790670,0.9895108
24.792059,0.9899014
24.793448,0.9905022
24.794837,0.9904472
24.796226,0.9899582
24.797615,0.9894062
24.799004,0.9903890
24.800393,0.9904017
24.801781,0.9898051
24.803170,0.9897092
24.804559,0.9886596
24.805948,0.9893754
24.807337,0.9892171
24.808726,0.9889451
24.810115,0.9897498
24.811504,0.9893578
24.812893,0.9891732
24.814281,0.9888784
24.815670,0.9890994
24.817059,0.9890560
24.818448,0.9878164
24.819837,0.9894784
24.821226,0.9892695
24.822615,0.9894549
24.824004,0.9886409
24.825393,0.9882743
24.826782,0.9889745
24.828170,0.9897706
24.829559,0.9879615
24.830948,0.9903314
24.832337,0.9885615
24.833726,0.9896806
24.835115,0.9895984
24.836504,0.9888207
24.837893,0.9891561
24.839282,0.9904218
24.840670,0.9893272
24.842059,0.9899148
24.843448,0.9886760
24.844837,0.9893828
24.846226,0.9895101
24.847615,0.9901697
24.849004,0.9906424
24.850393,0.9898106
24.851782,0.9894058
24.853170,0.9896708
24.854559,0.9894977
24.855948,0.9898529
24.857337,0.9911262
24.858726,0.9909775
24.860115,0.9909569
24.861504,0.9920922
24.862893,0.9939786
24.864282,0.9943448
24.865670,0.9968874
24.867059,0.9981914
24.868448,0.9988440
24.869837,1.0006252
24.871226,0.9989878
24.872615,0.9999531
24.874004,0.9997363
24.875393,0.9997391
24.876782,0.9994632
24.878171,0.9997149
24.879559,1.0013162
24.880948,0.9996060
24.882337,1.0001483
24.883726,0.9996815
24.885115,1.0005303
24.886504,1.0000325
24.887893,0.9997921
24.889282,0.9993640
24.890671,0.9997420
24.892059,0.9990481
24.893448,0.9998039
24.894837,0.9997009
24.896226,0.9997569
24.897615,0.9993196
24.899004,1.0002180
24.900393,0.9994144
24.901782,0.9999935
24.903171,1.0005043
24.904559,1.0004869
24.905948,0.9992210
24.907337,0.9995142
24.908726,0.9988561
24.910115,0.9998669
24.911504,0.9994745
24.912893,0.9996276
24.914282,1.0002000
24.915671,0.9997528
24.917059,0.9994329
24.918448,1.0003822
24.919837,0.9992356
24.921226,0.9999904
24.922615,1.0001062
24.924004,0.9996466
24.925393,0.9987592
24.926782,0.9997607
24.928171,0.9986449
24.929560,1.0010689
24.930948,1.0001634
24.932337,1.0001376
24.933726,1.0001511
24.935115,0.9996768
24.936504,1.0006767
24.937893,0.9994592
24.939282,0.9995009
24.940671,0.9992441
24.942060,1.0000438
24.943448,1.0003922
24.944837,0.9995412
24.946226,1.0006271
24.947615,1.0003334
24.949004,1.0004191
24.950393,1.0002029
24.951782,0.9999140
24.953171,1.0001762
24.954560,0.9991706
24.955948,1.0004633
24.957337,1.0012152
24.958726,1.0005853
24.960115,1.0000946
24.961504,1.0001508
24.962893,1.0003555
24.964282,1.0001282
24.965671,1.0008167
24.967060,1.0003877
24.968448,0.9993523
24.969837,1.0005770
24.971226,0.9999589
24.972615,0.9994143
24.974004,1.0001910
24.975393,1.0001233
24.976782,0.9993745
24.978171,0.9999220
24.979560,0.9997556
24.980949,0.9998753
24.982337,0.9992724
24.983726,1.0004987
24.985115,1.0000824
24.986504,1.0000669
24.987893,0.9998229
24.989282,1.0004425
24.990671,1.0010603
24.992060,1.0011783
24.993449,1.0001923
24.994837,0.9998559
24.996226,0.9997263
24.997615,0.9995203
24.999004,0.9999051
25.000393,0.9997420
25.001782,0.9997509
25.003171,0.9995818
25.004560,1.0003330
25.005949,1.0000018
25.007337,0.9998601
25.008726,1.0008569
25.010115,0.9997977
25.011504,0.9999756
25.012893,1.0005899
25.014282,1.0008945
25.015671,1.0001240
25.017060,1.0001513
25.018449,1.0008362
25.019837,1.0001721
25.021226,1.0012271
25.022615,1.0003280
25.024004,0.9999275
25.025393,1.0007603
25.026782,0.9995156
25.028171,0.9999368
25.029560,1.0009708
25.030949,1.0013344
25.032338,1.0003435
25.033726,1.0003547
25.035115,1.0003997
25.036504,0.9995947
25.037893,1.0001637
25.039282,0.9996750
25.040671,1.0004528
25.042060,0.9992876
25.043449,1.0005278
25.044838,1.0003417
25.046226,0.9992230
25.047615,0.9991067
25.049004,0.9999693
25.050393,0.9997390
25.051782,1.0004672
25.053171,1.0005725
25.054560,1.0007729
25.055949,1.0010025
25.057338,1.0000725
25.058726,1.0004677
25.060115,1.0007563
25.061504,0.9995966
25.062893,1.0004245
25.064282,1.0001707
25.065671,1.0007922
25.067060,1.0007303
25.068449,0.9999942
25.069838,1.0003527
25.071226,1.0002641
25.072615,1.0008949
25.074004,0.9999989
25.075393,1.0007342
25.076782,1.0002889
25.078171,0.9984974
25.079560,1.0004055
25.080949,1.0009727
25.082338,1.0013795
25.083727,1.0012120
25.085115,1.0001727
25.086504,0.9995345
25.087893,0.9993604
25.089282,0.9992949
25.090671,1.0008879
25.092060,1.0002705
25.093449,1.0007819
25.094838,0.9999992
25.096227,0.9999558
25.097615,1.0002377
25.099004,1.0002581
25.100393,0.9992242
25.101782,1.0006144
25.103171,0.9996428
25.104560,1.0004404
25.105949,1.0001051
25.107338,1.0006230
25.108727,0.9998655
25.110115,1.0002850
25.111504,0.9992399
25.112893,0.9998451
25.114282,1.0000511
25.115671,1.0016634
25.117060,1.0007729
25.118449,0.9999535
25.119838,1.0005535
25.121227,1.0000576
25.122615,0.9998847
25.124004,1.0004191
25.125393,1.0002615
25.126782,1.0003500
25.128171,1.0005099
25.129560,0.9995216
25.130949,1.0002531
25.132338,0.9988775
25.133727,0.9990662
25.135116,1.0007608
25.136504,1.0003578
25.137893,0.9993980
25.139282,1.0010017
25.140671,1.0007746
25.142060,0.9995438
25.143449,1.0006671
25.144838,1.0001129
25.146227,1.0002867
25.147616,0.9989094
25.149004,1.0002825
25.150393,0.9999666
25.151782,1.0005166
25.153171,1.0001788
25.154560,1.0009869
25.155949,0.9999913
25.157338,1.0013214
25.158727,1.0003185
25.160116,0.9998366
25.161504,0.9997196
25.162893,1.0002734
25.164282,0.9993852
25.165671,0.9994832
25.167060,1.0001354
25.168449,1.0008409
25.169838,1.0002997
25.171227,0.9992944
25.172616,1.0005791
25.174004,0.9998824
25.175393,0.9998983
25.176782,1.0000904
25.178171,1.0007098
25.179560,0.9997205
25.180949,1.0002132
25.182338,0.9997220
25.183727,0.9992046
25.185116,0.9991340
25.186504,1.0002805
25.187893,0.9998611
25.189282,1.0004708
25.190671,1.0010754
25.192060,1.0006971
25.193449,1.0007108
25.194838,1.0010226
25.196227,0.9992747
25.197616,0.9992004
25.199005,1.0006710
25.200393,1.0008504
25.201782,1.0000213
25.203171,1.0001177
25.204560,1.0004201
25.205949,1.0006805
25.207338,0.9998112
25.208727,0.9998315
25.210116,1.0005855
25.211505,1.0007516
25.212893,0.9992580
25.214282,0.9999453
25.215671,1.0005186
25.217060,0.9995839
25.218449,0.9996258
25.219838,1.0005890
25.221227,1.0002472
25.222616,0.9994287
25.224005,0.9993025
25.225393,1.0001520
25.226782,1.0001580
25.229560,0.9998274
25.230949,1.0002267
25.232338,0.9998308
25.233727,1.0004041
25.235116,0.9999899
25.236505,1.0004665
25.237893,0.9991258
25.239282,0.9997562
25.240671,1.0002780
25.242060,1.0005456
25.243449,0.9997006
25.244838,0.9993999
25.246227,0.9995752
25.247616,1.0002974
25.249005,0.9994987
25.250394,0.9994085
25.251782,1.0007105
25.253171,1.0007626
25.255949,0.9993628
25.257338,0.9996785
25.258727,1.0000857
25.260116,0.9995436
25.262894,0.9993778
25.264282,0.9993303
25.265671,0.9994755
25.268449,0.9995925
25.269838,0.9994415
25.271227,0.9997661
25.272616,0.9995298
25.274005,1.0000479
25.275394,0.9996011
25.276782,1.0005174
25.278171,0.9994806
25.279560,1.0006683
25.280949,0.9995459
25.282338,1.0002696
25.283727,1.0002569
25.285116,0.9997106
25.286505,1.0002569
25.287894,0.9996693
25.289282,0.9996806
25.290671,1.0000586
25.292060,1.0002350
25.293449,0.9996453
25.294838,0.9993087
25.296227,1.0000008
25.297616,0.9990665
25.299005,1.0003563
25.300394,0.9993097
25.301782,1.0003991
25.303171,0.9995203
25.304560,0.9995885
25.305949,0.9992468
25.307338,0.9998402
25.308727,1.0009611
25.310116,0.9997495
25.311505,1.0000015
25.312894,0.9993712
25.314283,0.9998505
25.315671,0.9999719
25.317060,0.9986434
25.318449,0.9996590
25.319838,1.0001820
25.321227,0.9994193
25.322616,0.9995601
25.324005,0.9999666
25.325394,0.9999939
25.326783,1.0005036
25.328171,1.0001235
25.329560,0.9994375
25.330949,0.9993775
25.332338,0.9997362
25.333727,1.0001021
25.335116,0.9989815
25.336505,0.9999796
25.337894,1.0013472
25.339283,1.0005903
25.340671,0.9999634
25.342060,0.9996676
25.343449,1.0003760
25.344838,1.0005197
25.346227,1.0010752
25.347616,0.9996666
25.349005,0.9995517
25.350394,1.0001550
25.351783,1.0008681
25.353171,1.0006567
25.354560,1.0001572
25.355949,1.0003783
25.357338,1.0000325
25.358727,1.0005423
25.360116,0.9999463
25.361505,0.9986639
25.362894,1.0002842
25.364283,1.0002164
25.365672,0.9997312
25.367060,1.0004393
25.368449,1.0011761
25.369838,1.0005237
25.371227,1.0007757
25.372616,1.0001050
25.374005,1.0010458
25.375394,0.9996187
25.376783,1.0000725
25.378172,1.0001374
25.379560,1.0008927
25.380949,1.0002431
25.382338,1.0002218
25.383727,1.0004756
25.385116,1.0002091
25.386505,1.0008917
25.387894,1.0010317
25.389283,1.0010990
25.390672,0.9994386
25.392060,0.9999677
25.393449,0.9995437
25.394838,1.0004815
25.396227,1.0001837
25.397616,0.9996560
25.399005,1.0000312
25.400394,1.0002073
25.401783,0.9999201
25.403172,0.9999414
25.404560,0.9996982
25.405949,0.9999872
25.407338,1.0007736
25.408727,1.0002377
25.410116,0.9996305
25.411505,1.0002426
25.412894,0.9991963
25.414283,1.0002660
25.415672,1.0007396
25.417060,0.9996978
25.418449,1.0005484
25.419838,0.9998875
25.421227,1.0001810
25.422616,0.9997078
25.424005,0.9994647
25.425394,0.9994001
25.426783,1.0002981
25.428172,1.0001568
25.429561,1.0025360
25.430949,0.9994022
25.432338,0.9998100
25.433727,1.0003486
25.435116,0.9999827
25.436505,0.9998636
25.437894,0.9995221
25.439283,1.0003191
25.440672,0.9996272
25.442061,1.0000292
25.443449,1.0006180
25.444838,1.0014352
25.446227,1.0001426
25.447616,1.0007729
25.449005,1.0009003
25.450394,1.0000267
25.451783,1.0012493
25.453172,1.0004919
25.454561,0.9997747
25.455949,1.0017565
25.457338,1.0002299
25.458727,1.0005583
25.460116,1.0003731
25.461505,1.0008240
25.462894,1.0006402
25.464283,0.9995905
25.465672,1.0010847
25.467061,1.0000228
25.468449,1.0006906
25.469838,1.0002780
25.471227,1.0017484
25.472616,0.9999847
25.474005,0.9999156
25.475394,1.0008228
25.476783,1.0008857
25.478172,0.9996073
25.479561,0.9997861
25.480949,0.9998002
25.482338,0.9999145
25.483727,0.9996820
25.485116,1.0007146
25.486505,0.9999807
25.487894,0.9998933
25.489283,0.9998373
25.490672,1.0001863
25.492061,1.0004357
25.493449,0.9998108
25.494838,0.9998064
25.496227,1.0000309
25.497616,1.0002161
25.499005,0.9999579
25.500394,1.0001651
25.501783,0.9993698
25.503172,0.9996892
25.504561,0.9998725
25.505950,0.9996918
25.507338,1.0006872
25.508727,1.0007665
25.510116,1.0003553
25.511505,0.9998858
25.512894,0.9993569
25.514283,0.9988146
25.515672,1.0002117
25.517061,1.0010908
25.518450,1.0003895
25.519838,1.0002193
25.521227,1.0007227
25.522616,1.0007446
25.524005,1.0000516
25.525394,1.0007821
25.526783,1.0003436
25.528172,1.0008879
25.529561,1.0002358
25.530950,1.0001384
25.532338,1.0001920
25.533727,1.0008593
25.535116,0.9991353
25.536505,1.0006822
25.537894,0.9997861
25.539283,1.0004515
25.540672,0.9997023
25.542061,1.0015247
25.543450,1.0000523
25.544838,0.9998329
25.546227,1.0007685
25.547616,1.0004801
25.549005,0.9992172
25.550394,0.9999742
25.551783,0.9998729
25.553172,1.0008567
25.554561,0.9996785
25.555950,1.0005561
25.557338,0.9999217
25.558727,0.9993393
25.560116,1.0009124
25.561505,0.9994048
25.562894,0.9996677
25.564283,0.9992298
25.565672,1.0001039
25.567061,0.9997770
25.568450,1.0002567
25.569839,1.0001863
25.571227,0.9999953
25.572616,1.0014209
25.574005,1.0003136
25.575394,0.9997124
25.576783,0.9999748
25.578172,0.9992420
25.579561,0.9996502
25.580950,0.9996284
25.582339,1.0006203
25.583727,0.9997763
25.585116,1.0001745
25.586505,0.9995791
25.587894,1.0005161
25.589283,1.0006722
25.590672,1.0010664
25.592061,0.9997915
25.593450,1.0004390
25.594839,0.9993246
25.596227,1.0000889
25.597616,0.9983982
25.599005,0.9999507
25.600394,1.0008244
25.601783,0.9997830
25.603172,0.9992706
25.604561,0.9999122
25.605950,0.9996407
25.607339,1.0002431
25.608727,0.9996463
25.610116,0.9998678
25.611505,0.9996468
25.612894,0.9992109
25.614283,1.0003055
25.615672,0.9995186
25.617061,1.0000535
25.618450,1.0003658
25.619839,1.0005842
25.621227,1.0000065
25.622616,0.9992377
25.624005,1.0001776
25.625394,0.9994243
25.626783,0.9995009
25.628172,1.0001815
25.629561,0.9998141
25.630950,0.9993398
25.632339,0.9997165
25.633728,0.9997175
25.635116,0.9989426
25.636505,0.9988422
25.637894,0.9998636
25.639283,0.9999926
25.640672,0.9991240
25.642061,1.0002113
25.643450,0.9999717
25.644839,0.9999589
25.646228,0.9997553
25.647616,1.0003953
25.649005,1.0001794
25.650394,0.9997651
25.651783,0.9995845
25.653172,1.0002555
25.654561,0.9999671
25.655950,0.9995661
25.657339,1.0000134
25.660116,0.9999242
25.661505,0.9999523
25.662894,0.9995905
25.664283,0.9994669
25.665672,0.9997334
25.667061,0.9993650
25.668450,0.9994970
25.669839,0.9998248
25.671228,1.0000942
25.672616,0.9995496
25.674005,0.9998932
25.676783,1.0000442
25.678172,0.9989161
25.679561,0.9997163
25.680950,0.9999380
25.682339,0.9995286
25.683728,0.9993218
25.685116,1.0007451
25.686505,1.0000209
25.687894,0.9987969
25.689283,0.9995083
25.690672,1.0001191
25.692061,0.9996643
25.693450,0.9993043
25.694839,0.9993941
25.696228,0.9999688
25.697616,0.9996453
25.699005,0.9989438
25.700394,0.9999481
25.701783,1.0001230
25.703172,0.9994341
25.704561,0.9989417
25.705950,1.0002866
25.707339,0.9991324
25.708728,0.9995940
25.710117,1.0005077
25.711505,0.9992640
25.712894,0.9992777
25.714283,0.9997546
25.715672,0.9983687
25.717061,0.9986402
25.718450,0.9998000
25.719839,1.0003366
25.721228,0.9985684
25.722617,0.9981100
25.724005,0.9986273
25.725394,0.9975213
25.726783,0.9967040
25.728172,0.9966027
25.729561,0.9956152
25.730950,0.9964376
25.732339,0.9961973
25.733728,0.9970875
25.735117,0.9980892
25.736505,1.0000000
25.737894,0.9991035
25.739283,0.9980864
25.740672,0.9973342
25.742061,0.9973823
25.743450,0.9967601
25.744839,0.9971917
25.746228,0.9958449
25.747617,0.9970719
25.749005,0.9969572
25.750394,0.9959074
25.751783,0.9952475
25.753172,0.9963147
25.754561,0.9950810
25.755950,0.9952208
25.757339,0.9944623
25.758728,0.9947789
25.760117,0.9953948
25.761505,0.9942240
25.762894,0.9943790
25.764283,0.9937732
25.765672,0.9937801
25.767061,0.9931289
25.768450,0.9934297
25.769839,0.9920284
25.771228,0.9943941
25.772617,0.9935684
25.774005,0.9933668
25.775394,0.9935681
25.776783,0.9928953
25.778172,0.9935087
25.779561,0.9925724
25.780950,0.9921197
25.782339,0.9929366
25.783728,0.9917816
25.785117,0.9930549
25.786506,0.9925084
25.787894,0.9921817
25.789283,0.9919579
25.790672,0.9912846
25.792061,0.9919726
25.793450,0.9917681
25.794839,0.9912409
25.796228,0.9931044
25.797617,0.9917618
25.799006,0.9918444
25.800394,0.9921823
25.801783,0.9920497
25.803172,0.9928581
25.804561,0.9948643
25.805950,0.9957009
25.807339,0.9977234
25.810117,0.9989649
25.812894,0.9997130
25.814283,0.9994005
25.815672,0.9990018
25.817061,0.9997066
25.818450,0.9999864
25.819839,0.9993408
25.821228,0.9998663
25.822617,0.9999594
25.824006,1.0000643
25.825394,0.9996477
25.826783,1.0002358
25.828172,0.9995900
25.829561,1.0001090
25.830950,1.0002789
25.832339,1.0002840
25.833728,0.9991385
25.835117,0.9986327
25.836506,0.9989037
25.837894,0.9999100
25.839283,0.9998717
25.840672,0.9997507
25.842061,0.9991325
25.843450,0.9998847
25.844839,0.9997988
25.846228,1.0006548
25.847617,0.9999610
25.849006,1.0000085
25.850394,1.0000169
25.851783,1.0004226
25.853172,0.9986846
25.854561,0.9994711
25.855950,1.0000953
25.857339,0.9989971
25.858728,0.9999558
25.860117,1.0007130
25.861506,0.9998420
25.862895,0.9997325
25.864283,0.9995853
25.865672,0.9998190
25.867061,0.9992303
25.868450,1.0002062
25.869839,0.9999844
25.871228,1.0005819
25.872617,0.9992961
25.874006,1.0009028
25.875395,1.0002072
25.876783,1.0002915
25.878172,0.9996799
25.879561,1.0007269
25.880950,0.9994752
25.882339,0.9997229
25.883728,0.9995849
25.885117,1.0002281
25.886506,1.0000632
25.887895,0.9993396
25.889283,0.9997540
25.890672,0.9998092
25.892061,0.9996400
25.893450,0.9991182
25.894839,1.0006737
25.896228,1.0000521
25.897617,0.9998634
25.899006,0.9994612
25.900395,0.9996260
25.901783,1.0002005
25.903172,0.9997620
25.904561,0.9997383
25.905950,1.0007552
25.907339,0.9998279
25.908728,1.0004515
25.910117,0.9998962
25.911506,1.0006587
25.912895,1.0001510
25.914283,0.9997992
25.915672,0.9994246
25.917061,1.0000188
25.918450,1.0001267
25.919839,1.0001345
25.921228,1.0003686
25.922617,1.0001737
25.924006,1.0010198
25.925395,1.0004314
25.926783,0.9994155
25.928172,1.0000121
25.929561,0.9999836
25.930950,0.9995423
25.932339,0.9996264
25.933728,0.9999081
25.935117,1.0000889
25.936506,1.0012594
25.937895,1.0000584
25.939283,1.0005563
25.940672,1.0006102
25.942061,0.9996132
25.943450,0.9997683
25.944839,0.9996882
25.946228,1.0007050
25.947617,1.0001364
25.949006,1.0000011
25.950395,1.0002884
25.951784,1.0003730
25.953172,1.0022314
25.954561,1.0005255
25.955950,0.9992630
25.957339,1.0000384
25.958728,1.0008562
25.960117,1.0008692
25.961506,0.9999187
25.962895,1.0008047
25.964284,0.9997968
25.965672,0.9997569
25.967061,1.0001954
25.968450,1.0002506
25.969839,1.0014882
25.971228,1.0001897
25.972617,1.0006332
25.974006,1.0008122
25.975395,0.9998336
25.976784,1.0008472
25.978172,1.0006843
25.979561,1.0008530
25.980950,1.0003232
25.982339,0.9995826
25.983728,1.0008177
25.985117,0.9999556
25.986506,1.0008142
25.990672,0.9996254
25.992061,0.9999893
25.993450,1.0005587
25.994839,0.9995371
25.996228,1.0004740
25.997617,0.9993795
25.999006,1.0005273
26.000395,1.0008180
26.001784,1.0000506
26.003172,1.0008059
26.004561,1.0004102
26.005950,1.0000258
26.007339,1.0002949
26.008728,1.0003872
26.010117,1.0005899
26.011506,1.0008816
26.012895,0.9992181
26.014284,1.0003915
26.015672,0.9990388
26.017061,1.0010162
26.018450,0.9999942
26.019839,1.0003513
26.021228,0.9994846
26.022617,1.0008037
26.024006,1.0000375
26.025395,0.9994113
26.026784,1.0006688
26.028173,1.0010365
26.029561,0.9999809
26.030950,0.9999494
26.032339,1.0010738
26.033728,1.0002822
26.035117,1.0004124
26.036506,1.0002545
26.037895,1.0001220
26.039284,1.0005324
26.040673,0.9995898
26.042061,0.9997426
26.043450,1.0006434
26.044839,0.9998154
26.046228,0.9995236
26.047617,1.0009935
26.049006,1.0002275
26.050395,1.0004332
26.051784,0.9999194
26.053173,1.0011297
26.054561,1.0006056
26.055950,1.0004118
26.057339,1.0006548
26.058728,1.0006234
26.060117,0.9999894
26.061506,0.9999388
26.062895,0.9997963
26.064284,0.9999321
26.065673,1.0003464
26.067061,1.0012854
26.068450,1.0000044
26.069839,1.0011287
26.071228,0.9995733
26.072617,1.0005425
26.074006,1.0005891
26.075395,1.0004912
26.076784,1.0001869
26.078173,1.0003856
26.079561,0.9992999
26.080950,1.0006597
26.082339,1.0001080
26.083728,1.0001100
26.085117,1.0007734
26.086506,0.9993622
26.087895,0.9998508
26.089284,0.9998812
26.090673,1.0002366
26.092061,1.0007151
26.093450,0.9996950
26.094839,0.9999343
26.099006,0.9999652
26.100395,0.9994380
26.101784,1.0001051
26.103173,0.9997909
26.104561,1.0005198
26.105950,0.9997866
26.107339,0.9999171
26.108728,0.9997678
26.110117,0.9997837
26.111506,1.0004334
26.112895,1.0005833
26.114284,1.0000706
26.115673,1.0010246
26.117062,1.0000147
26.118450,0.9995317
26.119839,0.9998721
26.121228,0.9995056
26.122617,1.0000000
26.124006,0.9998061
26.125395,1.0003607
26.126784,0.9989071
26.128173,1.0002929
26.129562,0.9997900
26.130950,1.0000258
26.132339,1.0002020
26.133728,1.0003359
26.135117,1.0001391
26.136506,0.9990942
26.137895,1.0002812
26.139284,0.9995438
26.140673,0.9992502
26.142062,0.9997656
26.143450,1.0000065
26.144839,0.9995547
26.146228,1.0008206
26.147617,1.0000467
26.149006,1.0002926
26.150395,0.9999228
26.151784,1.0005734
26.153173,1.0006440
26.154562,1.0001005
26.155950,0.9994072
26.157339,1.0000680
26.158728,0.9996610
26.160117,0.9997593
26.161506,0.9994650
26.164284,1.0001932
26.165673,1.0003914
26.167062,0.9996989
26.168450,1.0000260
26.169839,0.9994054
26.172617,0.9985680
26.174006,0.9992399
26.175395,1.0008190
26.176784,1.0000120
26.178173,1.0000012
26.182339,0.9989422
26.183728,0.9998522
26.185117,0.9998843
26.187895,1.0004835
26.189284,0.9991575
26.190673,1.0009887
26.192062,1.0004193
26.193450,0.9996433
26.194839,0.9999499
26.196228,1.0004997
26.197617,0.9992557
26.199006,0.9998213
26.200395,1.0004075
26.201784,1.0000130
26.203173,1.0000247
26.204562,1.0001494
26.205950,0.9992127
26.207339,0.9994351
26.208728,1.0004295
26.210117,1.0000578
26.211506,1.0002660
26.212895,0.9994682
26.214284,0.9996764
26.215673,0.9999022
26.217062,0.9996207
26.218451,0.9993404
26.219839,1.0006181
26.221228,0.9998787
26.222617,0.9999396
26.224006,1.0003342
26.225395,0.9999548
26.226784,1.0004508
26.228173,0.9994136
26.229562,0.9989586
26.230951,0.9997042
26.232339,1.0006122
26.233728,0.9993952
26.235117,0.9990667
26.236506,1.0002374
26.237895,0.9995730
26.239284,0.9996308
26.240673,0.9992471
26.242062,0.9996044
26.244839,0.9992010
26.246228,0.9987757
26.247617,1.0006659
26.250395,0.9999196
26.251784,1.0003070
26.253173,0.9998768
26.254562,0.9998586
26.255951,0.9995595
26.258728,0.9996006
26.260117,0.9992954
26.261506,0.9994288
26.262895,0.9994810
26.264284,0.9991131
26.265673,0.9987567
26.267062,0.9999559
26.268451,0.9992900
26.271228,0.9995775
26.272617,0.9998041
26.274006,0.9990346
26.275395,0.9995204
26.276784,0.9994098
26.278173,1.0001408
26.279562,0.9998679
26.280951,1.0007883
26.282339,1.0003101
26.283728,1.0009933
26.285117,0.9998906
26.286506,0.9990641
26.287895,0.9997335
26.290673,1.0001810
26.292062,0.9997985
26.294839,0.9999805
26.296228,0.9982853
26.299006,1.0005820
26.300395,1.0001323
26.301784,0.9996941
26.303173,1.0012425
26.304562,0.9999235
26.305951,1.0004777
26.307340,0.9987017
26.308728,0.9990077
26.310117,1.0005999
26.311506,1.0005160
26.312895,0.9999400
26.314284,0.9996392
26.315673,0.9986627
26.317062,1.0009344
26.318451,0.9996073
26.319840,0.9993503
26.321228,0.9998200
26.322617,0.9998078
26.324006,0.9999920
26.325395,1.0011955
26.326784,1.0001299
26.328173,0.9993799
26.329562,0.9995895
26.330951,1.0000302
26.333728,1.0005487
26.335117,1.0007576
26.337895,1.0000258
26.339284,0.9990517
26.340673,1.0003185
26.342062,0.9998078
26.343451,1.0006620
26.344840,1.0005986
26.346228,0.9992379
26.347617,1.0001939
26.350395,1.0002951
26.351784,1.0006648
26.353173,1.0000892
26.355951,0.9999080
26.357340,0.9999200
26.358728,1.0002615
26.360117,1.0002911
26.361506,1.0002618
26.362895,0.9996192
26.364284,1.0004156
26.365673,0.9994695
26.367062,0.9994978
26.368451,0.9998928
26.369840,1.0005601
26.371228,0.9986395
26.372617,1.0001156
26.374006,0.9997860
26.375395,1.0009356
26.376784,0.9994759
26.378173,1.0003052
26.379562,1.0002122
26.380951,0.9991717
26.382340,1.0007878
26.383728,0.9993758
26.385117,0.9996724
26.386506,1.0000976
26.387895,0.9999402
26.389284,0.9995221
26.393451,0.9986966
26.394840,0.9999869
26.396228,0.9994003
26.397617,1.0002376
26.399006,1.0000500
26.400395,1.0004817
26.401784,1.0009995
26.403173,1.0011987
26.404562,1.0000432
26.405951,0.9998923
26.407340,1.0007301
26.408728,0.9997620
26.410117,1.0003752
26.411506,1.0001421
26.412895,1.0002157
26.414284,1.0004245
26.415673,1.0011537
26.417062,1.0002281
26.418451,1.0007829
26.419840,1.0004920
26.421229,1.0001309
26.422617,1.0004349
26.424006,1.0005801
26.425395,1.0003507
26.426784,1.0007539
26.428173,1.0001351
26.429562,1.0001032
26.430951,1.0005518
26.432340,1.0002637
26.433729,1.0000648
26.435117,0.9984646
26.436506,1.0003215
26.437895,1.0013445
26.439284,1.0006093
26.440673,0.9993596
26.442062,1.0009574
26.443451,1.0004879
26.444840,1.0000080
26.446229,1.0011366
26.447617,1.0007406
26.449006,0.9989329
26.450395,1.0008097
26.451784,0.9998400
26.454562,1.0001375
26.455951,1.0010337
26.457340,1.0006970
26.460117,0.9999653
26.461506,1.0000479
26.462895,1.0010953
26.464284,0.9995200
26.465673,1.0006975
26.467062,1.0007824
26.468451,1.0004362
26.469840,0.9996102
26.471229,0.9998570
26.472617,1.0006477
26.474006,1.0007457
26.475395,1.0006202
26.476784,1.0004140
26.478173,0.9992650
26.479562,0.9997424
26.480951,1.0003325
26.482340,1.0007870
26.483729,1.0001618
26.485117,0.9997995
26.486506,1.0004625
26.487895,0.9990329
26.489284,1.0002439
26.490673,0.9991682
26.492062,0.9996798
26.493451,1.0004614
26.494840,0.9998498
26.496229,0.9990746
26.497617,1.0003262
26.499006,0.9994562
26.500395,1.0001195
26.501784,1.0001824
26.503173,1.0009648
26.504562,0.9994639
26.505951,1.0005916
26.507340,0.9994460
26.508729,1.0005138
26.510117,1.0002417
26.511506,1.0003139
26.512895,0.9999687
26.514284,1.0011176
26.515673,0.9998258
26.518451,1.0006896
26.519840,1.0002776
26.521229,0.9995615
26.522618,1.0004951
26.524006,0.9997585
26.525395,0.9999056
26.528173,1.0006901
26.529562,0.9994964
26.530951,1.0009285
26.532340,1.0000155
26.533729,0.9996338
26.535118,1.0003028
26.536506,1.0004552
26.537895,1.0004461
26.539284,1.0002017
26.540673,0.9998594
26.542062,0.9998258
26.543451,1.0007485
26.544840,1.0005168
26.546229,1.0008012
26.547618,0.9991104
26.549006,0.9998703
26.550395,1.0005545
26.551784,1.0000204
26.553173,1.0003796
26.554562,1.0003140
26.555951,0.9995968
26.557340,0.9988759
26.558729,0.9994923
26.560118,0.9997089
26.561506,0.9991677
26.562895,0.9994726
26.564284,1.0005708
26.565673,0.9995543
26.567062,0.9989116
26.568451,0.9999319
26.569840,1.0000277
26.571229,0.9995982
26.572618,1.0003086
26.574006,1.0013610
26.575395,1.0016875
26.576784,0.9994308
26.578173,0.9992504
26.579562,0.9997878
26.580951,0.9997440
26.582340,0.9999346
26.583729,1.0006426
26.585118,1.0009064
26.586506,0.9997184
26.587895,1.0007390
26.589284,0.9996271
26.590673,0.9989522
26.592062,1.0004105
26.593451,1.0007734
26.594840,1.0001353
26.596229,0.9994558
26.597618,0.9997955
26.599006,0.9999731
26.600395,1.0001340
26.601784,1.0004530
26.603173,0.9986603
26.604562,0.9992374
26.605951,1.0001490
26.607340,1.0010172
26.608729,0.9991566
26.610118,1.0000149
26.611506,1.0004310
26.612895,0.9990466
26.614284,0.9994119
26.615673,0.9999635
26.617062,1.0000810
26.618451,0.9995835
26.621229,0.9993265
26.622618,0.9998495
26.624006,0.9997363
26.625395,1.0000704
26.628173,0.9996497
26.629562,0.9997184
26.630951,0.9996662
26.632340,0.9997894
26.633729,0.9999498
26.635118,0.9998096
26.636507,0.9997459
26.637895,0.9998618
26.639284,0.9994279
26.640673,0.9985650
26.642062,0.9998667
26.643451,0.9996789
26.644840,0.9998402
26.646229,1.0002704
26.647618,0.9990549
26.649007,0.9997100
26.650395,0.9993380
26.651784,1.0002259
26.653173,0.9999053
26.654562,0.9993147
26.655951,0.9993062
26.657340,1.0000673
26.658729,0.9997109
26.660118,0.9995219
26.661507,0.9995289
26.662895,0.9994994
26.664284,0.9977691
26.665673,0.9974870
26.667062,0.9950287
26.668451,0.9945865
26.669840,0.9916834
26.671229,0.9909355
26.672618,0.9906682
26.674007,0.9907344
26.675395,0.9909397
26.676784,0.9897531
26.678173,0.9904874
26.679562,0.9899741
26.680951,0.9897456
26.682340,0.9911556
26.683729,0.9897049
26.685118,0.9900143
26.686507,0.9894551
26.687895,0.9889234
26.689284,0.9887598
26.690673,0.9897207
26.692062,0.9891323
26.693451,0.9881038
26.694840,0.9889919
26.696229,0.9888294
26.697618,0.9878984
26.699007,0.9887092
26.700395,0.9882691
26.701784,0.9891537
26.703173,0.9885806
26.704562,0.9899523
26.705951,0.9885610
26.707340,0.9896656
26.708729,0.9890841
26.710118,0.9882552
26.711507,0.9888909
26.712895,0.9887827
26.714284,0.9888906
26.715673,0.9896321
26.717062,0.9887607
26.718451,0.9888238
26.719840,0.9887786
26.721229,0.9884686
26.722618,0.9899642
26.724007,0.9894495
26.725395,0.9892260
26.726784,0.9894916
26.728173,0.9884073
26.729562,0.9894137
26.730951,0.9895490
26.732340,0.9894521
26.733729,0.9891232
26.735118,0.9902710
26.736507,0.9902478
26.737895,0.9894196
26.739284,0.9906748
26.740673,0.9906570
26.742062,0.9906566
26.743451,0.9906690
26.744840,0.9926592
26.746229,0.9939435
26.747618,0.9962832
26.749007,0.9977289
26.750396,0.9982943
26.751784,0.9997800
26.753173,0.9996334
26.754562,0.9998040
26.755951,1.0001351
26.757340,0.9998195
26.758729,1.0000242
26.760118,0.9996895
26.761507,1.0011064
26.762896,0.9995796
26.765673,0.9997514
26.767062,0.9989783
26.768451,1.0000393
26.769840,0.9998704
26.771229,1.0003308
26.772618,1.0002557
26.774007,0.9997689
26.775396,0.9986156
26.776784,1.0006059
26.778173,0.9991131
26.779562,0.9996788
26.780951,1.0004528
26.782340,0.9999252
26.783729,1.0008028
26.785118,1.0009474
26.786507,1.0005649
26.787896,0.9996431
26.789284,0.9990425
26.792062,1.0004870
26.793451,0.9994395
26.794840,1.0003530
26.796229,1.0002049
26.797618,0.9998485
26.799007,0.9993914
26.800396,0.9992443
26.801784,0.9988580
26.803173,1.0002396
26.804562,0.9993742
26.805951,0.9997268
26.807340,0.9999543
26.808729,1.0004406
26.810118,1.0003208
26.811507,1.0000877
26.812896,0.9987418
26.814284,0.9998582
26.815673,1.0001489
26.817062,0.9994673
26.818451,1.0001659
26.819840,1.0006393
26.821229,0.9989272
26.822618,1.0007424
26.824007,0.9997871
26.825396,1.0001617
26.826784,0.9997576
26.828173,0.9999386
26.829562,0.9999950
26.830951,0.9992883
26.832340,0.9995020
26.833729,0.9993067
26.835118,1.0015119
26.836507,0.9998662
26.837896,0.9994011
26.839284,1.0006889
26.840673,1.0005062
26.842062,1.0001420
26.843451,1.0003537
26.844840,1.0006275
26.846229,1.0007394
26.847618,0.9995001
26.850396,1.0003284
26.851784,0.9990197
26.853173,1.0004525
26.854562,1.0003370
26.855951,1.0003567
26.857340,1.0005097
26.858729,0.9994763
26.860118,1.0002657
26.861507,0.9993524
26.862896,1.0017183
26.864285,1.0005800
26.865673,1.0001875
26.867062,1.0002301
26.868451,0.9990426
26.869840,0.9995440
26.871229,1.0014597
26.872618,1.0005534
26.874007,0.9995744
26.875396,0.9997098
26.876785,0.9997163
26.878173,1.0005452
26.879562,0.9995317
26.882340,1.0003413
26.883729,1.0003965
26.885118,1.0010701
26.886507,1.0001551
26.887896,0.9991872
26.889285,1.0005954
26.890673,1.0003530
26.892062,1.0005792
26.893451,1.0004077
26.894840,1.0000917
26.896229,0.9991383
26.897618,0.9997349
26.900396,0.9997582
26.901785,1.0004651
26.903173,0.9997224
26.904562,0.9998434
26.905951,0.9996460
26.907340,1.0002380
26.908729,1.0000862
26.910118,0.9998938
26.911507,1.0001935
26.912896,0.9999717
26.914285,1.0000902
26.915673,1.0001411
26.917062,0.9993742
26.918451,0.9995730
26.919840,0.9987098
26.921229,0.9997074
26.922618,0.9997443
26.924007,0.9996951
26.925396,1.0012509
26.926785,0.9986493
26.928173,0.9995361
26.929562,1.0006221
26.930951,1.0000280
26.932340,1.0004331
26.933729,1.0004944
26.935118,1.0003063
26.936507,1.0001577
26.937896,1.0006434
26.939285,1.0011588
26.940673,0.9997977
26.943451,1.0006317
26.944840,1.0002806
26.946229,1.0000592
26.947618,1.0008528
26.949007,1.0003137
26.950396,1.0002514
26.953173,0.9993250
26.954562,1.0011439
26.955951,1.0005205
26.957340,1.0013033
26.958729,1.0008306
26.960118,1.0000044
26.961507,0.9988691
26.962896,0.9990748
26.964285,1.0003975
26.968451,1.0000000
26.971229,0.9999805
26.972618,0.9996523
26.974007,0.9998886
26.975396,1.0003209
26.976785,1.0010286
26.978174,0.9995224
26.983729,0.9993175
26.985118,0.9998086
26.986507,0.9997255
26.987896,1.0001414
26.989285,0.9990716
26.990674,1.0003310
26.992062,0.9996616
26.993451,0.9998916
26.994840,0.9984664
26.996229,1.0002259
26.997618,0.9995039
26.999007,0.9996972
27.000396,1.0003101
27.001785,0.9996889
27.003174,0.9997016
27.004562,1.0007429
27.005951,1.0004576
27.007340,0.9998243
27.008729,0.9999577
27.010118,1.0004471
27.011507,0.9999687
27.012896,0.9999085
27.024007,1.0006567
27.025396,1.0000924
27.026785,0.9997072
27.028174,1.0003924
27.029562,1.0001745
27.030951,0.9991911
27.032340,0.9998833
27.033729,0.9995613
27.035118,1.0008252
27.036507,0.9991813
27.037896,0.9985238
27.039285,0.9998682
27.040674,0.9994044
27.042062,0.9999866
27.043451,0.9995106
27.044840,0.9995918
27.046229,0.9997763
27.047618,1.0003940
27.049007,0.9997360
27.050396,1.0004158
27.051785,1.0002967
27.053174,1.0008445
27.054562,1.0000169
27.055951,1.0001074
27.057340,1.0000140
27.058729,1.0009181
27.060118,1.0001983
27.061507,1.0001068
27.062896,0.9999234
27.064285,1.0002056
27.065674,0.9999852
27.067062,1.0006081
27.068451,1.0003185
27.069840,1.0006771
27.071229,1.0004537
27.072618,1.0004439
27.074007,1.0005373
27.075396,1.0007058
27.076785,1.0009076
27.078174,0.9999629
27.079562,1.0006004
27.080951,0.9996430
27.082340,0.9995628
27.083729,1.0001952
27.085118,0.9999737
27.086507,1.0002196
27.087896,1.0006078
27.089285,0.9995123
27.090674,1.0004260
27.092062,1.0006640
27.093451,0.9994937
27.094840,0.9992961
27.096229,1.0003389
27.097618,1.0010057
27.099007,0.9992029
27.100396,1.0002033
27.101785,0.9999514
27.103174,0.9999566
27.104563,1.0003576
27.105951,1.0000995
27.107340,1.0011072
27.108729,1.0003164
27.110118,0.9998820
27.111507,1.0002917
27.112896,1.0000659
27.114285,0.9999445
27.115674,1.0000073
27.117063,1.0007007
27.118451,1.0000273
27.119840,0.9999937
27.121229,0.9998205
27.122618,1.0012298
27.124007,0.9997516
27.125396,1.0007406
27.126785,0.9995327
27.128174,0.9998193
27.129563,1.0001796
27.130951,0.9993883
27.132340,1.0002090
27.133729,1.0008200
27.135118,0.9995635
27.136507,0.9995366
27.137896,0.9996267
27.139285,0.9989164
27.140674,1.0003408
27.142063,0.9999427
27.143451,0.9997312
27.144840,0.9992233
27.146229,0.9992989
27.147618,1.0000223
27.149007,1.0002504
27.150396,0.9997035
27.151785,1.0002068
27.153174,0.9995708
27.154563,0.9996728
27.155951,1.0005271
27.157340,0.9985595
27.158729,0.9996076
27.160118,1.0004574
27.161507,0.9992626
27.162896,0.9999244
27.164285,1.0003807
27.165674,1.0002383
27.167063,0.9999669
27.168451,0.9992603
27.169840,0.9995029
27.171229,0.9994273
27.172618,0.9995479
27.174007,1.0000092
27.175396,0.9995266
27.176785,0.9996025
27.178174,0.9993475
27.179563,0.9996262
27.180951,0.9987805
27.182340,0.9990242
27.183729,0.9988575
27.185118,0.9995850
27.186507,1.0002687
27.187896,1.0004339
27.189285,0.9996664
27.190674,1.0000000
27.192063,0.9990145
27.193451,0.9995039
27.194840,0.9997907
27.196229,0.9991854
27.197618,0.9992252
27.199007,0.9990921
27.200396,0.9995324
27.201785,0.9999623
27.203174,1.0002687
27.204563,0.9993948
27.205952,0.9995758
27.207340,1.0005004
27.208729,0.9992166
27.210118,0.9989253
27.211507,1.0002946
27.212896,1.0002547
27.214285,0.9994990
27.215674,0.9994308
27.217063,0.9992675
27.218452,0.9992468
27.219840,0.9994237
27.221229,0.9990764
27.222618,1.0001751
27.224007,0.9993333
27.225396,0.9996219
27.226785,0.9996617
27.228174,0.9994617
27.229563,0.9997917
27.230952,0.9994340
27.232340,0.9996506
27.233729,1.0002218
27.235118,1.0011186
27.236507,0.9995747
27.237896,0.9999274
27.239285,0.9988878
27.240674,1.0001092
27.242063,0.9995573
27.243452,0.9997824
27.244840,0.9996824
27.246229,1.0002641
27.247618,1.0005321
27.249007,1.0009722
27.250396,0.9999028
27.251785,0.9999037
27.253174,1.0002882
27.254563,1.0001902
27.255952,1.0012465
27.257340,0.9993060
27.258729,0.9992613
27.260118,1.0002821
27.261507,0.9998660
27.262896,0.9998894
27.264285,1.0002659
27.265674,1.0006901
27.267063,1.0001671
27.268452,0.9992038
27.269840,1.0006390
27.271229,0.9998370
27.272618,1.0005659
27.274007,0.9992332
27.275396,1.0008143
27.276785,0.9994904
27.278174,1.0002968
27.279563,0.9998959
27.280952,0.9996904
27.282340,1.0000566
27.283729,1.0006056
27.285118,0.9998235
27.286507,0.9996375
27.287896,0.9997889
27.289285,1.0013616
27.290674,1.0002186
27.292063,1.0001843
27.293452,1.0008113
27.294840,1.0002969
27.296229,1.0003918
27.297618,0.9998926
27.299007,1.0003747
27.300396,0.9994536
27.301785,1.0005740
27.303174,1.0004235
27.304563,1.0006300
27.305952,0.9999971
27.307340,1.0004998
27.308729,1.0004804
27.310118,0.9999920
27.311507,1.0000121
27.312896,1.0007618
27.314285,1.0004660
27.315674,1.0004412
27.317063,1.0006889
27.318452,0.9998511
27.319841,1.0002006
27.321229,0.9994297
27.322618,0.9997202
27.324007,1.0013153
27.325396,0.9999686
27.326785,1.0006058
27.328174,1.0013523
27.329563,1.0013981
27.330952,0.9999243
27.332341,1.0005023
27.333729,1.0006929
27.335118,1.0006935
27.336507,1.0003675
27.337896,1.0006697
27.339285,1.0007374
27.340674,1.0001874
27.342063,1.0010868
27.343452,1.0008180
27.344841,1.0002296
27.346229,0.9998492
27.347618,1.0000337
27.349007,1.0004490
27.350396,1.0004857
27.351785,1.0007223
27.353174,1.0003107
27.354563,0.9996410
27.355952,1.0001023
27.357341,0.9997774
27.358729,1.0004683
27.360118,1.0010289
27.361507,0.9995206
27.362896,1.0012311
27.364285,1.0007249
27.365674,1.0004142
27.367063,1.0001722
27.368452,1.0002141
27.369841,1.0002188
27.371229,1.0000680
27.372618,1.0008165
27.374007,1.0000760
27.375396,0.9994855
27.376785,1.0003472
27.378174,1.0009492
27.379563,0.9998364
27.380952,0.9996496
27.382341,0.9998014
27.383729,0.9994642
27.385118,0.9990960
27.386507,0.9998267
27.387896,1.0005973
27.389285,0.9987598
27.390674,0.9990031
27.392063,1.0001864
27.393452,0.9992647
27.394841,0.9986772
27.396229,0.9996509
27.397618,1.0001188
27.399007,0.9994392
27.400396,0.9981914
27.401785,1.0000515
27.403174,0.9996944
27.404563,0.9996886
27.405952,0.9995061
